id,name,address,longitude,latitude,district,brand_type,subway_count,bus_count,restaurant_count,competitor_count
B0GKOM5R4J,古董花园•Antique,思南路44号,121.466919,31.216559,黄浦区,独立/精品,1,7,21,51
B0FFHIG9TI,星巴克臻选(上海K11购物艺术中心店),淮海中路300号K11艺术中心一楼106室,121.47358,31.223745,黄浦区,国际连锁,1,28,29,41
B0JUASX1MZ,星巴克(上海打浦桥日月光2店),"徐家汇路610号日月光中心瑞金区1层1F-A08单元,地铁4号口旁",121.467487,31.206413,黄浦区,国际连锁,1,6,25,36
B0J64A7CRC,NAO!CAFE,淮海中路700号一楼A区咖啡厅(华狮广场后方),121.46479,31.219826,黄浦区,独立/精品,1,7,31,52
B0FFL6DSAJ,星巴克(复兴荟店),盐城路58号(老西门地铁站2号口步行150米),121.484132,31.217193,黄浦区,国际连锁,1,15,8,7
B0FFH3RX03,BIG SUR COFFEE(蒙自路店),丽园路842弄之20-51号甲北蒙三小区,121.477775,31.205475,黄浦区,独立/精品,1,9,7,19
B0HKOAD2KK,Marmalade,北海路261号(人民广场地铁站1号口步行270米),121.47814,31.230262,黄浦区,独立/精品,2,21,43,58
B0FFJBC1V8,星巴克(来福士2F店),西藏中路268号来福士广场02-05室,121.476594,31.231892,黄浦区,国际连锁,1,18,44,71
B0FFF0DNUP,星巴克臻选(南车站路店),南车站路600弄20号世博甲F栋,121.493992,31.202773,黄浦区,国际连锁,1,7,5,9
B0HUGMQO9S,Tims咖啡(南六店),西藏南路666号1层102A单元,121.48359,31.217241,黄浦区,国际连锁,1,17,7,8
B00155KIP4,星巴克(新金桥店),西藏中路579-581号,121.473443,31.237165,黄浦区,国际连锁,0,10,41,43
B0FFJ5N0Q3,% Arabica阿拉比卡咖啡(烘焙工坊),圆明园路169号协进大楼1层,121.487957,31.242282,黄浦区,国际连锁,0,13,53,39
B0FFF649G5,星巴克(申大厦店),南京东路229号2楼S215(南京东路地铁站出入口旁),121.484328,31.236895,黄浦区,国际连锁,1,18,45,50
B0FFG759NX,星巴克(8号桥2期创意园区店),局门路436号8号桥2期1号楼1102单元(近五里桥路),121.482012,31.203186,黄浦区,国际连锁,0,9,9,17
B0FFH02LIN,星巴克(上海香港广场南座店),淮海中路283号香港广场北楼1-106室,121.475371,31.223179,黄浦区,国际连锁,1,31,36,64
B0G0FLASQJ,Manner Coffee(汉口路店),汉口路126号(南京东路地铁站2号口步行450米),121.487565,31.236531,黄浦区,本土连锁,1,20,71,51
B0FFFWV3KH,星巴克(黄浦新苑店),西藏南路1130号(陆家浜路地铁站3号口步行70米),121.486166,31.21077,黄浦区,国际连锁,1,8,8,15
B0I1L6BX0J,niko and COFFEE(淮海中路店),淮海中路775号一楼B区(淮海中路地铁站2号口步行110米),121.463522,31.218534,黄浦区,独立/精品,1,9,39,62
B0FFKT6J9R,瑞幸咖啡(新邻生活广场店),陆家浜路1100号新邻生活广场站商场1层01室,121.486714,31.210937,黄浦区,本土连锁,1,7,8,15
B0I1T7D6BN,星巴克臻选(世茂广场店),南京东路829号G05商铺,121.475928,31.234548,黄浦区,国际连锁,1,16,40,68
B0FFL2Y0O7,星巴克臻选(中海环宇荟店),黄陂南路与永年路交叉口西100米中海环宇荟L1层,121.476259,31.212037,黄浦区,国际连锁,2,9,28,32
B0FFKNWPO0,星巴克咖啡(凯德晶萃店),徐家汇路268号凯德晶萃1F-07/08,121.476347,31.210489,黄浦区,国际连锁,1,10,24,30
B0LUM7E0TP,星巴克悦荟店,上海市黄浦区南京东路353号1楼122室-2楼211室,121.477072,31.234663,黄浦区,国际连锁,1,19,34,69
B0FFJ5KZA9,星巴克(城隍珠宝店),丽水路88号1F116单元(豫园地铁站7号口步行170米),121.490393,31.228563,黄浦区,国际连锁,1,22,36,23
B0FFI9DKDP,星巴克(金外滩花园店),老太平弄100号(金外滩花园北侧),121.500787,31.223227,黄浦区,国际连锁,0,11,12,18
B00156QU37,星巴克臻选(上海中环广场2F店),淮海中路381号中环广场一楼,121.473101,31.222424,黄浦区,国际连锁,1,24,33,47
B0G0RLDVVQ,沪水焙煎室(淡水路店),重庆南路39弄之1-24号三德坊,121.47251,31.220964,黄浦区,独立/精品,1,18,35,60
B0J2H7LGCS,半岛精品店咖啡厅新天地旗舰店,太仓路181弄2号上海新天地南北里,121.474729,31.220846,黄浦区,独立/精品,1,24,31,67
B0IK5SRCI6,Peet's Coffee皮爷咖啡(凯德晶萃店),上海城区徐家汇路618号1层1F-TK06室(田子坊2号门对面),121.477304,31.210607,黄浦区,国际连锁,1,9,21,26
B0JD21MN0E,库迪咖啡(新世界城店),南京西路2-68号新世界城地下2层(人民广场地铁7号口处),121.473496,31.234449,黄浦区,本土连锁,1,17,44,64
B0FFKTQL7U,Manner Coffee(湖滨道购物中心店),湖滨路150号湖滨道购物中心F楼,121.479176,31.220883,黄浦区,本土连锁,1,21,33,42
B0G0TNDJXU,Tims咖啡(恒基名人店),南京东路300号一层(南京东路地铁站5号口旁),121.484158,31.238276,黄浦区,国际连锁,1,16,42,48
B0G271GLCM,八角屿octacoffee,黄陂北路195号-1(人民广场地铁站11号口步行410米),121.471005,31.228985,黄浦区,独立/精品,0,12,18,33
B0FFKKQ5G5,Tims天好咖啡(中区广场店),黄陂北路227号中区广场1层02店铺,121.470685,31.229282,黄浦区,国际连锁,0,14,17,37
B0KR1CM69O,万贰公里SOE lounge,淡水路306号(10/13号线新天地站5号口步行100米),121.47347,31.214916,黄浦区,独立/精品,1,10,26,35
B0FFGYUGT8,星巴克(迪美广场店),人民大道221号B1层236-238号单元,121.473389,31.228141,黄浦区,国际连锁,0,22,15,23
B0FFHFHC1T,星巴克(上海广场店),淮海中路138号上海广场301C,121.47779,31.224814,黄浦区,国际连锁,1,28,38,54
B0KRLA0LN2,LCH CAFE(南昌路店),南昌路272弄1-26号南昌路272弄小区,121.463509,31.217478,黄浦区,独立/精品,1,8,34,63
B0FFKL3DTH,LiLi Time·巷子,蒙自东路63号(马当路地铁站3号口步行240米),121.477626,31.207684,黄浦区,独立/精品,1,10,20,25
B00156NVVE,星巴克(恒基名人大厦店),南京东路300号恒基名人大厦L113、L215室,121.483955,31.238223,黄浦区,国际连锁,1,16,40,48
B0FFL8W41Z,东海咖啡馆,滇池路110号(南京东路地铁站7号口步行400米),121.487841,31.239617,黄浦区,独立/精品,1,21,60,43
B0FFI71O7E,星巴克(古象大酒店店),九江路595号古象大酒店,121.479475,31.234175,黄浦区,国际连锁,1,19,48,79
B0I33BP4IX,禧兴Liveliness coffee shop(培文公寓店),重庆南路12号乙,121.471302,31.221103,黄浦区,独立/精品,1,19,35,57
B0I0ARARUD,猫二玫瑰咖啡,皋兰路2号甲(复兴公园西门内),121.467624,31.217534,黄浦区,独立/精品,1,9,23,53
B0FFFKI26J,星巴克(东海店),延安东路588号东海商业中心1楼,121.47978,31.229921,黄浦区,国际连锁,1,20,43,57
B0FFKRO1KR,瑞幸咖啡(香港广场店),淮海中路282香港广场F3层,121.474887,31.222969,黄浦区,本土连锁,1,29,32,57
B0HDPUJP8U,内明谷Me Time Coffee(曲圆小区店),建国西路122号(近陕西南路),121.465003,31.207809,黄浦区,独立/精品,1,6,21,42
B0HGO9VFQ3,星巴克(新世界店),南京西路2-68号3F北中庭,121.473616,31.235348,黄浦区,国际连锁,1,13,41,60
B0H1UX05TI,Manner Coffee(淮海755店),淮海路755号淮海755 B1层,121.464359,31.218889,黄浦区,本土连锁,1,7,26,59
B00156ECEE,Costa Coffee(上海思南公馆店),复兴中路507弄5号1层103室,121.470069,31.215051,黄浦区,国际连锁,0,6,19,30
B0FFG0Z4RZ,Costa Coffee(上海华美达店),南京东路719号南新雅大酒店1层(近贵州路),121.476796,31.23455,黄浦区,国际连锁,1,17,33,69
B0FFKNVL25,星巴克臻选世茂广场店,南京东路829号G05商铺,121.4856,31.238396,黄浦区,国际连锁,1,22,46,52
B00155H8SM,星巴克(人民公园店),南京西路189号(近人民广场9号出口),121.470875,31.231675,黄浦区,国际连锁,1,16,33,46
B00156E0Q8,星巴克(上海南京东路时装公司店),南京东路635号永安百货一楼,121.47861,31.234691,黄浦区,国际连锁,1,21,40,72
B0J2H9I48E,naive理想国coffee•bar,外滩街道洛克外滩源虎丘路78号洛克·安仁大楼-naive理想国,121.487643,31.242031,黄浦区,独立/精品,0,13,55,39
B0H69SI5XW,BLACKSHEEP ESPRESSO,茂名南路124号(陕西南路地铁站4号口步行260米),121.461899,31.215375,黄浦区,独立/精品,1,8,34,67
B0HB2HX4P3,一尺花园(古城公园店),人民路317号古城公园丹凤楼(近古城1号门),121.49481,31.228673,黄浦区,独立/精品,0,19,40,29
B0I62AFP14,Punchline Coffee&Roaster(外滩店),福州路17号102室,121.490123,31.235479,黄浦区,独立/精品,0,19,66,17
B0KGSXJBAM,瑞幸咖啡(新世界大丸百货店),南京东路228号新世界新丸中心负一层B-32号,121.48516,31.237892,黄浦区,本土连锁,1,19,49,49
B0JUTAWJV5,Crave Bakery&Coffee,西藏中路88号(人民广场地铁站1号口步行270米),121.477875,31.229975,黄浦区,独立/精品,2,21,39,56
B0J6SS1MTC,PAOPAO Bakery&Cafe(新天地时尚店),马当路245号新天地时尚二期B1层B101-102,121.475327,31.216647,黄浦区,独立/精品,1,15,27,36
B0G116B8GJ,Peet's Coffee皮爷咖啡(新天地店),上海城区马当路119号1楼102单元,121.474327,31.220699,黄浦区,国际连锁,2,23,32,68
B0J0SLL0B1,瑞幸咖啡(外滩店),,121.493254,31.232153,黄浦区,本土连锁,0,18,46,17
B0KKH77Q1R,W Coffee SH The Beats(新天地店),马当路245号新天地时尚二期F1层,121.474964,31.21747,黄浦区,独立/精品,1,19,31,45
B0J0P9AQCJ,Peet's Coffee 皮爷咖啡(南京路步行街店),六合路69号第一百货商业中心B馆F1层,121.474325,31.235749,黄浦区,国际连锁,1,15,43,60
B0FFG74WSS,星巴克臻选(湖滨道店),湖滨路150号湖滨道购物中心1层L1-E05单元,121.479219,31.22074,黄浦区,国际连锁,1,20,26,42
B0FFIU6KTW,瑞幸咖啡(外滩SOHO店),中山东二路58号外滩SOHOD栋负一层41号,121.493484,31.230089,黄浦区,本土连锁,0,18,33,19
B0FFGT4ERK,星巴克臻选(思南公馆店),思南路50号,121.467543,31.215088,黄浦区,国际连锁,0,4,15,36
B0FFKNVM30,星巴克(万国建筑博览群店),圆明园路88号益丰外滩源(北京东路和园明圆路交界处)益丰外滩源一楼,121.488372,31.240613,黄浦区,国际连锁,1,16,51,35
B0FFLH2TVK,铁手咖啡制造局(metalhands2店),永嘉路37号,121.462683,31.210508,黄浦区,独立/精品,0,5,16,47
B0J32LBSM5,OLD SIX CAFEER,南苏州路1295号(新闸路地铁站1号口步行350米),121.465025,31.240725,黄浦区,独立/精品,1,5,5,12
B0FFJDOSBU,米仓POP PINK,瑞金一路150号1楼,121.46382,31.219093,黄浦区,独立/精品,1,8,37,61
B0HDLMVTDX,Dugout Coffee,福州路与中山东一路交叉口西60米,121.489792,31.235373,黄浦区,独立/精品,0,16,64,18
B00156GXOP,星巴克(外滩店),中山东一路367号,121.49049,31.240238,黄浦区,国际连锁,0,13,47,22
B0LUL5ZQ1R,13DE MARZO(上海新天地店),兴业路123弄6号1楼18单元,121.475038,31.219069,黄浦区,独立/精品,1,22,35,67
B0FFJQ1ND4,METAL HANDS,南昌路234号(淮海中路地铁站2号口步行260米),121.464917,31.217835,黄浦区,独立/精品,1,6,26,60
B00155QFWB,Costa Coffee(上海外滩店),中山东一路387号,121.490517,31.240347,黄浦区,国际连锁,0,12,45,21
B0HBXCQHL0,Peet's Coffee皮爷咖啡(日月光店),徐家汇路618号1层1F-TK06室(田子坊2号门对面),121.469097,31.20749,黄浦区,国际连锁,1,6,25,40
B0J3KCQALK,ideaPod reserved工作咖啡,虎丘路78号一层QL111、2层(香港路与交叉口),121.487513,31.242669,黄浦区,独立/精品,0,13,46,38
B0L6K9D71B,Always Coffee Roaster,九江路501号106室(南京东路地铁站4号口步行100米),121.481847,31.235568,黄浦区,独立/精品,1,23,52,66
B0FFH9H1J5,星巴克(复兴广场店),马当路388号SOHO复兴广场C座1层03,121.47452,31.215839,黄浦区,国际连锁,1,12,27,34
B00155H8RQ,星巴克(大同店),斜徐路593号(打浦桥地铁站2号口步行380米),121.472716,31.206281,黄浦区,国际连锁,1,5,25,36
B0I2LD4IT6,H YDAELYN CAFE(新世界新丸中心店),上海市黄浦区南京东路228号四楼4D-01,121.48596,31.238822,黄浦区,独立/精品,1,21,50,52
B0FFHWI7DJ,星巴克(外滩SOHO店),中山东二路58号外滩SOHO地下1层07室,121.493892,31.230108,黄浦区,国际连锁,0,17,35,19
B0G1PCL3R0,Pushing Coffee(茂名路店),茂名南路137号(陕西南路地铁站4号口步行80米),121.461629,31.217014,黄浦区,独立/精品,2,9,40,79
B0FFFGVNFE,星巴克(来福士办公楼店),西藏中路268号来福士广场办公楼2层大堂L1-02,121.476998,31.232645,黄浦区,国际连锁,1,20,39,77
B00155GO79,星巴克(瑞金路店),瑞金二路101-107号(淮海中路地铁站2号口步行480米),121.465123,31.215163,黄浦区,国际连锁,0,5,15,50
B0G0DXG32G,Manner Coffee(腾飞元创大厦店),九江路686号腾飞元创大厦F1层,121.477592,31.234463,黄浦区,本土连锁,1,20,36,74
B0HBR643YQ,星巴克(BFC外滩金融中心店),中山东二路600号BFC外滩金融中心办公楼S1幢1层东侧,121.498666,31.225559,黄浦区,国际连锁,0,11,20,18
B0IBU5Y4OH,星巴克臻选(外滩中心店),延安东路222号外滩中心大楼一楼(豫园地铁站6号口步行270米),121.487619,31.232549,黄浦区,国际连锁,0,15,50,25
B0FFJ8Z091,luckin coffee 瑞幸咖啡(长江新能源店),九江路675-685号长江新能源大厦1层,121.477585,31.234182,黄浦区,本土连锁,1,20,38,76
B0FFIKC046,Cafe Chez W一木家,香山路32号,121.465084,31.215687,黄浦区,独立/精品,1,5,15,52
B0GUAGBLSZ,Peet's Coffee皮爷咖啡(外滩中央广场店),南京东路123号外滩中央大楼1层Z103,121.487688,31.238202,黄浦区,国际连锁,1,22,66,50
B0FFGJES0R,星巴克(久事大厦店),四川中路213号久事商务大厦一层102室,121.488081,31.23642,黄浦区,国际连锁,1,23,75,52
B00156EVJJ,星巴克(西藏路店),西藏中路289号1楼(人民广场地铁站20号口步行70米),121.474593,31.233311,黄浦区,国际连锁,1,15,38,73
B0HGJOKB7G,村口大树(长乐路366弄小区店),长乐路366弄1-32号幸福公寓,121.461884,31.221102,黄浦区,独立/精品,1,6,41,58
B0K2HZHP1C,Miracle Coffee(上海湖滨道店),湖滨路150号一层L1-E02单元,121.479428,31.221116,黄浦区,独立/精品,1,18,33,42
B0JBYCQQ63,Boardroom,局门路457号103,121.482909,31.202826,黄浦区,独立/精品,0,8,13,16
B0FFKTTCYV,MIKAKU(MINI店),云南北路20号(人民广场地铁站19号口步行400米),121.475291,31.236781,黄浦区,独立/精品,1,17,44,52
B0I0BAA9NZ,coffee by sadside(暂停营业),巨鹿路284-1号(淮海中路地铁站3号口步行480米),121.460712,31.223138,黄浦区,独立/精品,1,10,36,39
B0FFIB7X9Y,堀口咖啡(洛克·外滩源店),圆明园路133号女青年会大楼1层,121.487996,31.241827,黄浦区,独立/精品,0,12,54,37
B0FFKTL9WH,Manner Coffee(上海新天地南北里店),马当路119号103室(新天地),121.474175,31.220825,黄浦区,本土连锁,1,22,32,68
B0GR3KIFZ6,代数学家algebraist(上海新天地店),黄陂南路淮海中路333号B2-22号,121.474094,31.222566,黄浦区,本土连锁,1,26,32,54
B0FFL93WWE,星巴克(上海前社店),西藏南路758号101单元,121.484551,31.215375,黄浦区,国际连锁,2,11,9,14
B0KK5SEL8R,BOY CAFE(思南公馆店),复兴中路507弄2号楼101单元,121.470139,31.2154,黄浦区,独立/精品,1,8,19,30
B0FFJJ1AIJ,Manner Coffee(BFC外滩金融中心店),中山东二路600号北区商场B2层美食区51号地下二层B228b单元,121.497182,31.227444,黄浦区,本土连锁,0,15,26,24
B0JU3YW3R7,瑞幸咖啡(上海第一百货店),南京西路2-68号新世界城四层15号,121.473876,31.235326,黄浦区,本土连锁,1,14,42,60
B0FFHUIBZS,星巴克(香港名都店),河南南路489号香港名都购物中心1层L138-L140单元(近复兴东路),121.489647,31.222864,黄浦区,国际连锁,0,11,10,12
B0FFM89JVG,星巴克(打浦路店),打浦路58号1-2层裙房B区,121.469949,31.204104,黄浦区,国际连锁,1,6,25,36
B0HBXCS49Z,Manner Coffee(日月光店),徐家汇路618号1F-CG02(中庭花园),121.467928,31.206224,黄浦区,本土连锁,1,6,25,37
B0JDDMYCXI,777Cafe,永嘉路15弄4号东,121.464974,31.211365,黄浦区,独立/精品,0,7,13,26
B0H1U7ZI3S,Tims咖啡(世和酒店店),西藏南路1558弄2号101-2室,121.488604,31.203215,黄浦区,国际连锁,1,6,8,11
B0I2MLHVE6,BeanStar比星咖啡(上海人广来福士店),西藏中路268号人广来福士七层07-07室,121.476524,31.232165,黄浦区,本土连锁,1,17,41,72
B0FFKTSQMX,瑞幸咖啡(淮海中华大厦店),人民路885号淮海中华大厦一层103室,121.483349,31.225531,黄浦区,本土连锁,2,12,30,20
B0FFIMXDKS,星巴克(睿园店),斜土东路90号1-2楼,121.490231,31.208322,黄浦区,国际连锁,0,8,5,12
B0I3VOEJP3,分号咖啡(人民广场店),九江路675号长江新能源大厦广西北路门,121.477615,31.23387,黄浦区,独立/精品,1,19,40,76
B0FFGYWWY6,Costa Coffee(上海绿地外滩店),龙华东路868号黄浦绿地缤纷城1楼104-105室,121.472643,31.19253,黄浦区,国际连锁,0,5,6,9
B0FFI33QZU,DOE (新天地店),湖滨路168无限极荟购物中心F1层,121.478219,31.220307,黄浦区,独立/精品,0,21,28,44
B0KDOS8XQ0,FatFaceCoffee(淮海坊店),南昌路340号(陕西南路地铁站4号口步行230米),121.461217,31.215843,黄浦区,独立/精品,1,8,40,74
B0H07H68N3,trova,香港路117号1层101室,121.48567,31.242472,黄浦区,独立/精品,2,13,41,42
B0FFHGJPAX,星巴克(平安滨江金融中心店),蒙自路757号歌斐中心1层106单元,121.481988,31.197638,黄浦区,国际连锁,1,7,16,27
B0JDUAMS4Q,大满咖啡(中福城二期店),浙江中路215弄1号底层,121.479004,31.233338,黄浦区,独立/精品,1,19,48,69
B0LB9YP72A,% Arabica阿拉比卡咖啡(新天地时尚I店),兴业路123弄6-7号上海新天地时尚购物中心F1,121.474943,31.218898,黄浦区,国际连锁,1,19,34,66
B0FFKSZFZ9,COFFEE AROMA,瑞金二路272号(打浦桥地铁站1号口步行240米),121.466685,31.207887,黄浦区,独立/精品,1,4,24,38
B0H39YR24D,拾分之壹咖啡商店(九江路店),九江路501号105室(南京东路地铁站4号口步行120米),121.481916,31.235591,黄浦区,独立/精品,1,23,53,66
B0I19GOFFW,Umah(淮海路店),南昌路240号(淮海中路地铁站2号口步行250米),121.464847,31.217816,黄浦区,独立/精品,1,6,26,58
B00155MZ0T,星巴克(明珠店),肇嘉浜路212号明珠大酒店大堂,121.462655,31.203567,黄浦区,国际连锁,1,4,19,25
B0I12S90PN,MStand(新世界城店),南京西路2号新世界城L1层,121.473977,31.235588,黄浦区,独立/精品,1,15,41,59
B0KGO7HFX3,tartufo(巨鹿路393-395弄小区店),巨鹿路375号,121.459492,31.222702,黄浦区,独立/精品,0,7,38,35
B0G2CH8IKT,星巴克臻选(上海融创外滩壹号院店),中华路528号融创外滩壹号院9102-9103单元,121.498756,31.217673,黄浦区,国际连锁,1,3,0,7
B00155IS5C,花园饭店玫瑰咖啡厅(茂名南路店),茂名南路58号上海花园饭店1层,121.460309,31.21995,黄浦区,独立/精品,1,7,41,63
B0FFKSXZ8N,瑞幸咖啡(华美达和平酒店店),斜土路688号宿适皇冠酒店一层,121.472899,31.202328,黄浦区,本土连锁,1,6,16,18
B0H63M6FE4,星巴克(上海黄浦绿地缤纷城店),打浦路658弄1号101-102室,121.474062,31.193208,黄浦区,国际连锁,0,7,6,8
B0JALPX7YT,無名咖啡馆(钟和公寓店),南昌路与茂名南路交叉口西南60米,121.461362,31.215726,黄浦区,独立/精品,1,8,38,70
B0H32547UG,Manner Coffee(上海来福士广场店),西藏中路268号01层101D,121.47716,31.232272,黄浦区,本土连锁,1,19,44,72
B0JKPCZ7WJ,星巴克(日月光办公楼店),"徐家汇路608号1FA-1(打浦桥地铁站3号口旁,日月光办公楼大厅)",121.468812,31.207438,黄浦区,国际连锁,1,5,25,40
B0JKMPCR7W,瑞幸咖啡(南京东路第一医药店),南京路步行街第一药店底商,121.478779,31.235674,黄浦区,本土连锁,1,18,33,69
B0FFF5VOG5,星巴克(丽园路店),蒙自路169号(马当路地铁站3号口步行260米),121.477659,31.206688,黄浦区,国际连锁,1,9,18,26
B0FFF3AFCV,星巴克(8号桥一期8号楼店),建国中路8-10号1楼,121.471328,31.21073,黄浦区,国际连锁,0,6,14,31
B0J1SCYZ4M,CARINO BAKERY&CAFE(上海来福士广场店),西藏中路268号上海来福士广场B1层B1-17,121.476562,31.232425,黄浦区,独立/精品,1,18,38,74
B0JABZUXUY,雾雨咖啡店,云南北路18号,121.475288,31.236793,黄浦区,独立/精品,1,17,44,51
B0H6SYW4VL,欢迎到南方Coffee(黄浦店),淮海东路45-47号东淮海国际大厦咖啡店,121.482318,31.226328,黄浦区,独立/精品,1,12,34,32
B0L6TZ2SSS,Grayfleece,巨鹿路427号,121.457186,31.221898,黄浦区,独立/精品,0,7,43,43
B0FFM4VUCR,Manner Coffee(仙乐斯广场店),南京西路388号仙乐斯广场L1层,121.468924,31.231458,黄浦区,本土连锁,0,11,28,40
B0FFF61IAO,星巴克(永新广场店),南京西路128号永新广场1F,121.472262,31.23399,黄浦区,国际连锁,1,15,40,61
B0FFF00P4E,WOLFPACK,"福建南路1号(延安东路路口,人行天桥底下)",121.483525,31.230688,黄浦区,独立/精品,1,13,44,37
B0HRVRZELA,ONIRII COFFEE NOMI BAR,长乐路366弄-1蓝色门头,121.462087,31.221203,黄浦区,独立/精品,1,7,38,55
B0I1L4G399,一咖啡,黄陂南路373号,121.475366,31.220461,黄浦区,独立/精品,2,27,30,65
B0H1RXFOLX,RADAR COFFEE咖啡(思南路店),思南路27号(淮海中路地铁站1号口步行230米),121.466386,31.218507,黄浦区,独立/精品,1,6,24,57
B0FFL645J5,石藤咖啡(人民广场店),威海路12弄2-44号江阴小区,121.470765,31.228401,黄浦区,独立/精品,0,15,16,30
B0FFJ14ZKT,瑞幸咖啡(歌斐中心店),蒙自路757号上海歌斐中心一层102A1单元,121.482222,31.197793,黄浦区,本土连锁,1,6,18,28
B0FFF00PLH,星巴克六合路店,南京东路800号B14-F01-1-015单元,121.477072,31.234663,黄浦区,国际连锁,1,19,34,69
B0L1CM5PKV,luckin coffee 瑞幸咖啡(恒基名人购物中心店),南京东路300号恒基名人购物中心3楼L314,121.48401,31.238057,黄浦区,本土连锁,1,17,41,48
B0K3F4I9GN,luckin coffee 瑞幸咖啡(雅居乐国际广场店),南京东路830号第一百货商业中心B馆F2层,121.473588,31.236142,黄浦区,本土连锁,1,16,39,50
B0G31C017M,叁叁coffee,瑞金一路179号(淮海中路地铁站3号口步行130米),121.463762,31.219735,黄浦区,独立/精品,1,7,34,52
B0LGPZ7NBT,瑞幸咖啡,永嘉路5号后门旁,121.465449,31.211523,黄浦区,本土连锁,0,6,15,28
B0JKAMKUF1,瑞幸咖啡(绿地海外滩店),龙华东路810号黄浦绿地缤纷城一层2-106号,121.473543,31.193627,黄浦区,本土连锁,0,6,6,9
B0LGD7J4DJ,Geographer地理学家咖啡(牯岭路店),西藏中路525号雅居乐国际广场,121.473117,31.236335,黄浦区,独立/精品,1,12,41,47
B0H1U90GRH,M Stand(日月光中心泰康区店),徐家汇路618号日月光中心1F-TK03B(打浦桥地铁1号口),121.468523,31.207386,黄浦区,本土连锁,1,6,25,39
B0HU5UORW4,M Stand(香港广场购物中心南区店),香港广场南座SL1-01,121.475044,31.222618,黄浦区,本土连锁,1,29,32,57
B0LUN99VYS,星巴克悦荟,南京东路299号2楼S-215单元,121.483986,31.236542,黄浦区,国际连锁,1,20,42,56
B0GKGRABSU,蓝屋咖啡,"局门路468号八号桥创意园2期(近工商银行,瞿溪路)",121.482165,31.202695,黄浦区,独立/精品,0,8,13,17
B0J6Y5190P,M Stand(上海K11购物艺术中心),淮海中路300号上海k11购物艺术中心B2层B209,121.473923,31.22352,黄浦区,本土连锁,1,28,31,40
B0KUSRVZDV,STAGE DOOR日咖夜酒(人广店),广西北路240号(人民广场地铁站14号口步行230米),121.477934,31.233137,黄浦区,独立/精品,1,22,40,81
B0LA3S8XB7,诚物玩味,延安东路447至451号商铺,121.478781,31.228575,黄浦区,独立/精品,1,21,45,44
B0FFMCZOKN,Manner Coffee(外滩SOHO店),中山东二路88号外滩SOHO C座B1层,121.494484,31.229988,黄浦区,本土连锁,0,19,36,20
B0H236RGG5,M Stand(宏伊国际广场店),南京东路299号宏伊国际广场一层S-110B/111单元(一楼中庭扶梯旁),121.484692,31.236901,黄浦区,本土连锁,1,17,46,48
B0JG4MAVFK,do cafe,苗江路678号上海当代艺术博物馆1楼东侧,121.498762,31.200573,黄浦区,独立/精品,0,4,1,2
B0I3XL5X2X,BeanStar比星咖啡(上海凯德晶萃广场店),徐家汇路268号B2层优衣库对面比星咖啡,121.476785,31.210079,黄浦区,本土连锁,1,8,23,26
B0J35UULYV,Manner Coffee(外滩中心店),延安东路222号外滩中心F1层,121.486706,31.232742,黄浦区,本土连锁,0,16,59,31
B0FFGD0QWA,梵高艺术咖啡馆·Van Gogh SENSES Cafe(明天广场店),南京西路389号明天广场F2层,121.470094,31.230243,黄浦区,独立/精品,0,11,22,41
B0JDZYB7W6,瑞幸咖啡(湖滨道店),湖滨路150号湖滨道购物中心负二层E08室,121.479114,31.220761,黄浦区,本土连锁,1,20,27,41
B0JAF7JWSP,星巴克(上海海潮路店),海潮路133号地下一层(南浦大桥地铁站3号口步行130米),121.49899,31.209278,黄浦区,国际连锁,1,5,3,5
B0JG2XHI0V,瑞幸咖啡(中福城店),汉口路692号中福城B座一层,121.477216,31.233735,黄浦区,本土连锁,1,18,37,78
B0J2HHH5CO,石藤咖啡酤酒铺,南京东路353号(上海悦荟)1楼115商铺,121.483904,31.236394,黄浦区,独立/精品,1,21,44,59
B0H3Z9GC3S,星巴克上海博荟广场店,中山南一路788号地上第一层L1-16单元,121.479881,31.19717,黄浦区,国际连锁,1,8,16,26
B0J2J7Y2QX,外滩咖啡(星腾大厦店),河南南路1号一楼,121.487122,31.23061,黄浦区,独立/精品,1,11,36,17
B0JULKCISP,越南中原传奇咖啡Trung Nguyen Legend(博荟店),中山南一路788号博荟广场ONE EASTF1层L1-17-A,121.480018,31.197284,黄浦区,独立/精品,1,8,16,27
B0FFKSCT97,瑞幸咖啡(鸿祥大厦店),黄河路21号鸿祥大厦一层102室,121.471008,31.233594,黄浦区,本土连锁,1,14,39,52
B0J3MHGRS8,晶吉一泓咖啡馆(天津路店),天津路66号1F102(南京东路地铁站6号口步行100米),121.484903,31.238871,黄浦区,独立/精品,1,15,43,54
B0FFJDGPIQ,星巴克(浦汇大厦店),福州路318号浦汇大厦1层,121.484411,31.234607,黄浦区,国际连锁,1,18,57,62
B0HKDC1L6D,瑞幸咖啡(宏伊国际店),南京东路299号宏伊国际广场B1层(南京东路地铁站出入口旁),121.484458,31.236938,黄浦区,本土连锁,1,18,46,49
B0IR0UU61U,CUBIC 3 三立方咖啡(黄浦绿地缤纷城店),龙华东路858号4101室,121.473038,31.193412,黄浦区,本土连锁,0,6,6,8
B0JASU9AOF,爽爷鲜肉饼咖啡铺(茂名南路店),茂名南路131弄-2底层B室(陕西南路地铁站4号口对面),121.461466,31.217479,黄浦区,独立/精品,2,9,35,79
B0JD5CDIPQ,星巴克(上海雁荡路店),雁荡路33号(一大会址·黄陂南路地铁站1号口步行420米),121.470024,31.220404,黄浦区,国际连锁,1,15,34,46
B0I2DRZ5SI,瑞幸咖啡(博荟广场店),中山南一路788号号博荟广场负二层B2-11室,121.480142,31.196677,黄浦区,本土连锁,1,7,16,26
B0FFL3HUG5,瑞幸咖啡(打浦桥日月光1F店),泰康路63号打浦桥日月光中心一层TK08-B室,121.469433,31.207586,黄浦区,本土连锁,1,6,24,40
B0FFK67QK4,瑞幸咖啡(复兴SOHO店),马当路388号SOHO复兴广场E栋一层107号,121.474966,31.215563,黄浦区,本土连锁,1,13,25,34
B0JRRNJ9V3,Manner Coffee(德必上海书城WE店),湖北路136号德必上海书城WE F1层,121.481314,31.233037,黄浦区,本土连锁,0,16,56,73
B0FFKSE04T,Manner Coffee(恒基名人购物中心店),南京东路300号恒基名人购物中心B1层,121.484025,31.237696,黄浦区,本土连锁,1,19,43,50
B0FFGYVZ3F,COACH Coffee,新世界新丸中心 NEW ONE(南京东路地铁站出入口旁),121.484968,31.237945,黄浦区,独立/精品,1,19,47,49
B0FFIHLPLG,由心咖啡(来福士广场店),西藏中路268号来福士办公楼2F,121.476742,31.233084,黄浦区,独立/精品,1,20,34,76
B0L615K3AV,库迪咖啡(南京东路地铁站店),轨道交通10号线南京东路地铁站内10-101商铺库迪咖啡(地铁站7号口进站安检旁),121.484902,31.238139,黄浦区,本土连锁,1,17,44,51
B0I2GM8UCN,LAVAZZA拉瓦萨咖啡(上海绿地外滩潮方店),中山南路800弄绿地·外滩潮方商场南门一楼L1-L105b商铺,121.505626,31.214586,黄浦区,国际连锁,0,7,6,9
B0H1T7KE66,分号咖啡(广东路店),广东路与山东中路交叉口西南60米,121.48443,31.232406,黄浦区,独立/精品,0,14,53,41
B0L67RUOFK,% Arabica阿拉比卡咖啡(豫园店),凝晖路与豫园新路交叉口东40米,121.49177,31.226445,黄浦区,国际连锁,1,13,18,23
B0H2F7L3Z3,Manner Coffee(绿地·外滩潮方店),中山南路800弄1号绿地·外滩潮方F1,121.505356,31.214882,黄浦区,本土连锁,0,6,7,9
B0HKCG30XC,LAVAZZA拉瓦萨咖啡(上海铂尔曼店),打浦路15号1层01单元,121.47087,31.204259,黄浦区,国际连锁,1,6,27,33
B0K0UO5F53,Mr.BondCoffee邦德咖啡(田子坊店),泰康路25号2号楼一层A区,121.470266,31.207853,黄浦区,独立/精品,1,6,23,36
B0K0LHST62,b3coffee必三咖啡(新天地店),马当路245号新天地时尚二期地下1层B111号,121.475411,31.217667,黄浦区,独立/精品,1,18,30,48
B0G3AHFAFN,Manner Coffee(上海k11购物艺术中心店),淮海中路300号K11购物艺术中心3楼319号店铺,121.473829,31.223465,黄浦区,本土连锁,1,29,31,42
B0FFM3LQ7R,瑞幸咖啡(瑞金商务中心店),肇嘉浜路100号瑞金商务中心一层105B室,121.465167,31.205106,黄浦区,本土连锁,2,5,22,36
B0JA65H1YV,MIND BALANCE(TX淮海店),淮海中路523号TX淮海4楼,121.468907,31.22073,黄浦区,独立/精品,2,15,19,33
B0L3C5JZYE,STARBUCKSC,中华路518号外滩壹号汇(小南门地铁站1号口步行110米),121.498756,31.217673,黄浦区,独立/精品,1,3,0,7
B0FFJI2YLL,国际饭店大堂咖啡吧,国际饭店大堂(人民广场地铁站9号口步行80米),121.47145,31.23259,黄浦区,独立/精品,1,13,35,57
B0FFIBWCM8,Costa Coffee(上海恒基名人购物中心店),南京东路300号恒基名人购物中心F2层,121.484193,31.237832,黄浦区,国际连锁,1,19,43,49
B0GKZ46WMF,贝瑞咖啡(人民公园店),地铁站17-18号口方向,121.474158,31.233227,黄浦区,独立/精品,1,15,38,69
B0FFLDQ6Y6,瑞幸咖啡(旺角广场店),延安东路175号旺角广场一层103室,121.484768,31.230653,黄浦区,本土连锁,1,10,35,29
B0KRRDVKAG,本事咖啡(洛克·外滩源店),虎丘路28号,121.487631,31.241656,黄浦区,独立/精品,1,15,54,39
B0L14R21KM,TFT Coffee,和谐滙外滩一号,121.491375,31.233306,黄浦区,独立/精品,0,22,52,19
B0I0MA0ZCA,瑞幸咖啡(马当路店),马当路598号底商(马当路地铁站出口步行100米),121.475961,31.210264,黄浦区,本土连锁,1,8,23,29
B0HKKDKFE7,熊爪咖啡give&take(K11店),淮海中路300号上海k11购物艺术中心L1层,121.473783,31.223601,黄浦区,独立/精品,1,29,32,40
B0L19BFIEO,肯悦咖啡和平店,西藏中路290号,121.47605,31.232751,黄浦区,独立/精品,1,16,37,73
B0JDG7UPLJ,库迪咖啡(黄浦福州路店),福州路542号1层(中福古玩城南门),121.480409,31.23328,黄浦区,本土连锁,0,18,53,70
B00155MA6P,星巴克(明天广场店),南京西路399号明天广场1层(近黄陂北路),121.469693,31.230375,黄浦区,国际连锁,0,11,23,42
B0FFKX4OPH,瑞幸咖啡(仙乐斯广场店),南京西路388号仙乐斯广场负一层,121.469036,31.231558,黄浦区,本土连锁,0,11,28,40
B0H1ZZ6CJI,星巴克臻选(上海绿地外滩中心店),中山南路800弄L110铺位,121.505164,31.214647,黄浦区,国际连锁,0,7,6,9
B0G2M1ZN29,OZ cafe(南昌路店),南昌路73号(淮海中路地铁站1号口步行210米),121.465539,31.217823,黄浦区,独立/精品,1,6,27,58
B00155IS8D,锦江饭店·梦咖啡1926,茂名南路59号锦江饭店锦北楼1楼(淮海中路),121.460834,31.220578,黄浦区,独立/精品,1,7,42,55
B0JA1KO0DK,瑞幸咖啡(巴黎春天淮海店),淮海中路939号巴黎春天商场淮海店负二层25号,121.459463,31.216594,黄浦区,本土连锁,1,8,48,76
B0KAYH386X,秋裤咖啡(巨鹿路店),巨鹿路298号(南京西路地铁站12号口步行460米),121.460147,31.223002,黄浦区,独立/精品,0,9,33,40
B0H07D3W5I,LAVAZZA拉瓦萨咖啡(上海世博滨江大厦店),中山南路1799号,121.493144,31.202751,黄浦区,国际连锁,1,9,5,11
B0K2O99OQ7,库迪咖啡(永安百货店),南京东路635号永安百货(金华路九江路),121.478195,31.234598,黄浦区,本土连锁,1,21,39,73
B0JK2RZD5D,13DE MARZO CAFÉ(上海安福路店),安福路322号4号楼1楼,121.440149,31.213256,徐汇区,独立/精品,0,8,17,26
B0L1LREQV9,DünDun&Co.,衡山路199号109室(衡山路地铁站4号口步行60米),121.447201,31.204744,徐汇区,独立/精品,2,11,30,22
B0JD5ODTJD,% Arabica(西岸金融城店),瑞宁路288号西岸中环,121.469852,31.188893,徐汇区,国际连锁,0,4,4,6
B0GDR5CQBR,% Arabica阿拉比卡咖啡(建国西路店),建国西路481号,121.451285,31.20296,徐汇区,国际连锁,2,13,22,29
B0FFK4HLAA,AREA31区咖啡店,五原路88号B(常熟路地铁站8号口步行210米),121.447404,31.213187,徐汇区,独立/精品,1,12,26,44
B0IR9CP1OV,瑞幸咖啡(徐汇绿地缤纷城店),龙华中路绿地缤纷城西区一楼(龙华中路地铁站出入口旁),121.457628,31.183847,徐汇区,本土连锁,1,5,10,21
B0FFKNXGPD,BATHE COFFEE(永康小区北区店),永康路70号,121.458102,31.210994,徐汇区,独立/精品,1,7,19,68
B0FFGJOTLE,星巴克(朵云轩店),天钥桥路1188号朵云轩广场(龙华地铁站2号口步行470米),121.447935,31.173815,徐汇区,国际连锁,1,5,0,2
B0L29RRDES,米店咖啡馆,平江路115号,121.455237,31.200051,徐汇区,独立/精品,1,8,7,25
B0HBKCS31R,DG bar,南丹东路207号(徐家汇地铁站2号口步行230米),121.439836,31.189569,徐汇区,独立/精品,0,9,28,57
B0FFJOB207,星巴克(东航云锦天地店),龙兰路277号3号楼1层3102单元,121.457703,31.166153,徐汇区,国际连锁,1,3,27,23
B0KUNC6529,Peet's Coffee皮爷咖啡(徐汇万科中心店),9233号2幢1层T3-L1-01a室(地铁上海南站8号口),121.431773,31.158242,徐汇区,国际连锁,1,6,12,23
B0HAHCHCXU,Crave Cafe&Wine bar,新乐路208号(常熟路地铁站3号口步行470米),121.452632,31.216955,徐汇区,独立/精品,0,8,46,48
B0G0CUXNTM,BRICK LANE板砖咖啡(乌南店),乌鲁木齐南路121号(衡山路地铁站1号口步行290米),121.448975,31.204925,徐汇区,独立/精品,1,8,29,15
B00156O2XJ,Cafe del Volcan,永康路25号,121.458909,31.2111,徐汇区,独立/精品,1,7,20,72
B00156NZN9,星巴克(徐汇苑店),中山南二路1089号徐汇苑大厦1层101室,121.443155,31.17896,徐汇区,国际连锁,1,3,1,13
B0FFF3JKTP,赞咖啡(桂林路),桂林路64号-2号,121.419713,31.159033,徐汇区,独立/精品,0,6,3,5
B0FFHP5N3H,星巴克咖啡(上海交通大学店),华山路1954号包兆龙图书馆一层,121.433065,31.199715,徐汇区,国际连锁,1,9,14,36
B0IRXA2D14,Faust浮士德咖啡馆,天平路216弄1号(交通大学地铁站2号口步行420米),121.43766,31.199673,徐汇区,独立/精品,2,7,12,27
B00155H8S9,星巴克(均瑶店),肇嘉浜路789号均瑶国际广场1层,121.448591,31.198294,徐汇区,国际连锁,1,11,18,20
B0LRZL2IUN,Peet's Coffee皮爷咖啡(龙华会店),龙华路2758号1层C2-L1S05B室,121.453197,31.172749,徐汇区,国际连锁,1,4,5,8
B0H1ULZ4YM,Metal hands铁手咖啡,南丹路15号1楼二单元(徐家汇地铁站1号口步行160米),121.43556,31.189519,徐汇区,独立/精品,0,10,22,36
B0IR1RWDF8,plusone coffee安福路店,安福路156号,121.444983,31.21439,徐汇区,独立/精品,1,9,30,44
B0IB1UFJVN,DOU COFFEE ROASTERS(慎成里店),嘉善路121号,121.459373,31.209921,徐汇区,独立/精品,0,8,15,58
B00156EMJ0,星巴克漕河泾2店,桂平路391号,121.403661,31.164373,徐汇区,国际连锁,0,8,17,19
B0FFH105HI,星巴克(宜山路店),宜山路675-1单元,121.423406,31.176942,徐汇区,国际连锁,0,3,3,6
B00155H8SE,星巴克(瑞丽大厦店),淮海中路1325号瑞丽大厦1层103室,121.449925,31.212375,徐汇区,国际连锁,1,13,15,38
B0FFMALVHA,聚福Shanghailander五原路店,五原路92号(近乌鲁木齐中路),121.447307,31.213149,徐汇区,独立/精品,1,12,26,44
B0J2HSELGV,瑞幸咖啡(龙华会B2层店),龙华路2778号龙华会商场负二层B2N06号,121.453303,31.174753,徐汇区,本土连锁,1,3,5,8
B00156GXP4,星巴克(宏汇国际广场店),中山西路1602号宏汇国际广场B座1层105室,121.421845,31.186586,徐汇区,国际连锁,0,5,10,12
B0IGCDCH5L,星巴克臻选(上海徐汇绿地缤纷1F店),东安路562号徐汇绿地缤纷城东区1F层,121.457455,31.184453,徐汇区,国际连锁,1,6,10,19
B0FFKQQYGG,面包咖啡好天气パンカフェ日和,永嘉路331号,121.4576,31.208795,徐汇区,独立/精品,0,8,16,67
B0L0LZ9CBP,esc.coffee,常熟路159-2(常熟路地铁站8号口步行130米),121.448655,31.215097,徐汇区,独立/精品,1,9,41,55
B0J63S5LYT,likelikeslike coffee悟同咖啡,天平路238号临3,121.438049,31.198928,徐汇区,独立/精品,2,7,17,34
B0FFI918G2,星巴克(徐汇百联店),华山路1998号大西洋娱乐城4楼,121.436841,31.197745,徐汇区,国际连锁,1,6,22,47
B0FFGISTJE,星巴克(古北时尚店),吴中路52号古北时尚1层104室,121.415809,31.187877,徐汇区,国际连锁,1,7,2,5
B0LGBM1Q2Y,瑞幸咖啡(漕宝路日月光店),漕宝路33号日月光购物中心B座一层26-27室,121.431716,31.168928,徐汇区,本土连锁,1,5,8,23
B0FFFT3D3Q,星巴克(枫林国际大厦店),枫林路380号枫林国际大厦1层102室,121.4577,31.191302,徐汇区,国际连锁,1,9,4,9
B00156F2TS,星巴克(钦江路店),钦江路102号2幢第1层C单元侧门,121.409197,31.176673,徐汇区,国际连锁,0,10,4,6
B0FFK65R50,瑞幸咖啡(绿地汇中心店),云锦路500号绿地汇中心B座一层1-11单元,121.457426,31.164609,徐汇区,本土连锁,1,3,27,24
B0J3X79KCP,Blue Bottle Coffee(港汇恒隆广场店),虹桥路1号102部位166A铺位,121.436962,31.194554,徐汇区,国际连锁,1,8,42,69
B0KA1ZPTNT,大小乐咖啡商店(陕西南路488弄小区店),陕西南路488弄小区,121.46114,31.21014,徐汇区,独立/精品,0,6,14,62
B00155IMAK,星巴克(永新店),辛耕路129号(近天钥桥路),121.442952,31.192523,徐汇区,国际连锁,0,8,37,60
B0H6LGCQW3,% Arabica阿拉比卡咖啡(环贸iapm店),淮海中路999号环贸iapm商场2层(写字楼二期与商场交界处),121.458702,31.215621,徐汇区,国际连锁,1,7,44,67
B0FFG59B0B,星巴克(中金国际广场店),漕溪北路331号中金国际广场A座1层03,121.439311,31.190746,徐汇区,国际连锁,0,11,35,61
B0FFKNWA7D,星巴克臻选(新研大厦店),桂箐路65号一层107B号商铺和二层202-9号商铺,121.404757,31.172508,徐汇区,国际连锁,0,12,8,15
B0FFL5CHPY,Peet's Coffee皮爷咖啡(环贸iapm店),淮海中路999号IAPM商场2楼221室,121.458063,31.215328,徐汇区,国际连锁,1,7,40,70
B0K1GHWNUH,M Stand(Gate M西岸梦中心店),龙腾大道2266号2栋103,121.466161,31.162402,徐汇区,本土连锁,0,1,20,25
B0I0VRBZDA,ALOHA COFFEE(襄阳南路店),襄阳南路269号-甲,121.457799,31.210293,徐汇区,独立/精品,0,7,14,57
B00156O8R5,星巴克(科产大厦店),宜山路900号科产大厦A座1层,121.401805,31.172025,徐汇区,国际连锁,1,12,6,12
B0KA3RKQM7,DayDreaming Cafe(襄阳路店),襄阳南路342号,121.457886,31.208547,徐汇区,独立/精品,0,8,17,67
B0FFHGKJME,星巴克(茶陵北路店),茶陵北路20号A1室,121.464982,31.198847,徐汇区,国际连锁,0,6,6,14
B00155QJEU,星巴克(上海南站店),沪闵路9001号上海南站地下商场南馆的第一层第B区南1-B25号店铺,121.431441,31.152079,徐汇区,国际连锁,1,5,4,13
B0H1U5WZAQ,BIG SUR COFFEE(永嘉路店),永嘉路277号底层,121.459402,31.209359,徐汇区,独立/精品,0,8,16,60
B0K1GHU4P8,BlueBottleCoffee蓝瓶咖啡(西岸梦中心店),龙腾大道2266号西岸梦中心4号楼118A(近梦船坞),121.466266,31.161326,徐汇区,国际连锁,0,1,22,26
B0FFJ3U6JV,HUGO HUSKY HOUSE,永嘉路227号甲,121.460978,31.209919,徐汇区,独立/精品,0,7,15,63
B001574MY2,星巴克(武康路店),武康路420号1F(交通大学地铁站7号口步行420米),121.437837,31.204474,徐汇区,国际连锁,1,6,13,27
B0FFJ04PZE,Peet's Coffee皮爷咖啡(武康路店),上海城区武康路378号1楼,121.439222,31.206402,徐汇区,国际连锁,0,8,15,27
B0FFFZK032,WS Cafe&Lounge,淮海中路1298号(常熟路地铁站1号口旁),121.450655,31.213368,徐汇区,独立/精品,1,12,18,42
B0FFIXRG6K,Peet's Coffee皮爷咖啡(东湖路店),上海城区东湖路9号,121.453713,31.216257,徐汇区,国际连锁,1,7,38,58
B0HGNOQDW3,集雅GATHERING咖啡(武康路店),湖南路街道武康路137号集雅咖啡,121.439722,31.206681,徐汇区,独立/精品,1,8,14,28
B00154848C,提香研磨咖啡,宛平南路263号(近斜土路),121.446679,31.193105,徐汇区,独立/精品,0,9,12,27
B0FFG4D52R,星巴克(飞洲国际广场店),零陵路899号飞洲国际广场(零陵路)F1层,121.437994,31.183254,徐汇区,国际连锁,1,5,5,19
B0HB9ZEDMI,星巴克(上海徐汇滨江店),龙腾大道3222号1层101单元,121.463635,31.180804,徐汇区,国际连锁,0,1,3,9
B0H3SBIT4W,T12 Lab,乌鲁木齐南路288号一楼,121.449564,31.201851,徐汇区,独立/精品,2,12,38,28
B0JR461DID,3½三又二分之一,太原路305弄1-10号太原路305弄,121.456159,31.202849,徐汇区,独立/精品,1,9,20,36
B0K2PHJJ0X,CaptainGeorge风味博物馆,太原路236号,121.455523,31.204039,徐汇区,独立/精品,0,8,22,35
B00155LB7I,星巴克臻选(美罗城店),肇嘉浜路1111号美罗城2层,121.439677,31.193424,徐汇区,国际连锁,1,7,40,65
B0L15H0EUV,Honky Tonk Coffee,襄阳南路262号(陕西南路地铁站7号口步行430米),121.457435,31.21108,徐汇区,独立/精品,1,8,22,67
B0LUF51YXH,CUBIC 3 三立方咖啡(永康路店),永康路58号,121.458307,31.211038,徐汇区,本土连锁,1,7,19,67
B0HRPN1P7B,Manner Coffee(徐汇滨江店),瑞宁路243号,121.467705,31.185822,徐汇区,本土连锁,0,2,2,7
B0K1FLQUVC,米仓POP(乌鲁木齐南路店),乌鲁木齐南路288号(肇嘉浜路地铁站2号口步行300米),121.449554,31.201789,徐汇区,独立/精品,2,12,35,28
B0FFI9QGYS,RACBAR,安福路322号14幢一楼(武康路与安福路交口),121.439967,31.213292,徐汇区,独立/精品,0,6,16,25
B0FFI8BKU8,O.P.S. CAFE(太原路店),太原路177弄1号临(近建国西路),121.45532,31.205608,徐汇区,独立/精品,0,9,20,35
B0LRUMBJBK,推浪咖啡 WAVEOFFcoffee,建国西路550号101室,121.450572,31.20286,徐汇区,独立/精品,2,11,27,24
B0LA7ZOAAO,Hey Barista,衡山路880号,121.440007,31.196353,徐汇区,独立/精品,1,8,43,58
B0GKXMEEQF,星巴克(上海天平邻里汇店),乌鲁木齐南路64弄4号(衡山路地铁站4号口步行390米),121.448429,31.205914,徐汇区,国际连锁,2,9,30,20
B0FFMCE7ZG,Tims咖啡(南昌路店),南昌路509号109-110室,121.459663,31.215045,徐汇区,国际连锁,1,7,38,72
B0KDDRBOG0,瑞幸咖啡(阳光滨江天地店),凯滨路38号负一层01室A13-2号,121.45863,31.186507,徐汇区,本土连锁,1,5,11,17
B0FFJ3TODH,星巴克(南洋1931店),裕德路165号南洋1931大厦1层F1-04室,121.432726,31.18602,徐汇区,国际连锁,0,6,14,24
B0FFH9L4OD,BREAD ETC(襄阳南路店),建国西路304号一层,121.457947,31.205321,徐汇区,独立/精品,1,6,25,47
B0LGFSO1KQ,MOMO CAFE,龙文路317号R6幢1楼,121.458642,31.158253,徐汇区,独立/精品,1,3,13,30
B0FFK6CW7I,STEP Coffee肆步咖啡,常熟路159号(常熟路地铁站8号口步行140米),121.448654,31.215159,徐汇区,独立/精品,1,8,40,55
B0FFIS07G9,老麦咖啡馆(武康路店),武康路439号(交通大学地铁站7号口步行410米),121.438148,31.20434,徐汇区,国际连锁,1,6,13,27
B00155HAXI,CoffeeTree花园西餐厅(武康路店),武康路376号武康庭1层,121.439024,31.206578,徐汇区,独立/精品,0,8,15,26
B00155LAY3,COSTA COFFEE(上海安福路店),安福路166号,121.444619,31.214261,徐汇区,国际连锁,1,10,30,44
B0HGA60VU8,PAOPAO Bakery&Cafe(港汇店),港汇恒隆广场虹桥路1号负一楼105B(泡泡玛特对面),121.437564,31.195146,徐汇区,独立/精品,1,7,41,63
B0FFF5SHWP,星巴克臻选(衡山坊店),衡山路890弄3号(徐家汇地铁站13号口步行190米),121.439607,31.195729,徐汇区,国际连锁,1,8,43,62
B0FFK9DW9J,星巴克(嘉御庭店),建国西路258号(嘉善路地铁站2号口步行440米),121.459868,31.205767,徐汇区,国际连锁,1,9,28,55
B00155ILW5,星巴克(汾阳路店),汾阳路138号轻科大厦1层03单元,121.453091,31.209883,徐汇区,国际连锁,0,11,18,39
B0KD1HIOF9,GOODBAI CAFE,延庆路104号(常熟路地铁站1号口步行240米),121.450853,31.215112,徐汇区,独立/精品,1,9,35,45
B00155L4U8,星巴克(嘉汇店),天钥桥路323号(近嘉汇广场),121.442123,31.188529,徐汇区,国际连锁,1,10,27,39
B0FFGB6J6H,星巴克(桂林路店),桂林路402号诚达创意产业园1层103室,121.416308,31.172332,徐汇区,国际连锁,1,8,16,19
B0HRPM4M1M,SHIMMER(乌鲁木齐中路店),乌鲁木齐中路146号,121.445231,31.214064,徐汇区,独立/精品,1,9,27,45
B0FFJFU0XS,星巴克(光启城),宜山路455号光启城L1层183&185室,121.42796,31.183763,徐汇区,国际连锁,1,3,12,25
B0J35PTV0B,Dreaming·Shanghai张国荣纪念空间,虹桥路808号融景·解园D3座一层D339室,121.423986,31.193736,徐汇区,独立/精品,0,5,10,14
B0FFG0Y8FE,星巴克(好望角店),肇嘉浜路500号(肇嘉浜路地铁站2号口步行460米),121.454274,31.201145,徐汇区,国际连锁,1,8,11,31
B0GK3HUJ6O,DayDreaming Cafe(永嘉路店),永嘉路285-287号,121.45896,31.209307,徐汇区,独立/精品,0,8,16,61
B0I61590O5,Gregorius SHADE,安福路53号(常熟路地铁站8号口步行300米),121.447087,31.214781,徐汇区,独立/精品,1,10,34,46
B0LRDM53C2,SHONEN JUMP CAFE,肇嘉浜路1111号美罗城A段第二层2-18单元,121.439543,31.193307,徐汇区,独立/精品,1,7,41,66
B0KRSCGCGU,Mr.Bond Coffee邦德咖啡(神旺店),宜山路660号104室(神旺660),121.420099,31.175478,徐汇区,独立/精品,1,5,6,10
B0KRT1Y40J,星巴克(徐汇万科广场),沪闵路9191号徐汇万科广场L1层,121.431533,31.158091,徐汇区,国际连锁,1,6,12,23
B0GK37UDKL,PUYEE,复兴西路59号,121.444478,31.210458,徐汇区,独立/精品,1,12,18,33
B0FFIWHEFE,星巴克臻选(徐汇日月光店),漕宝路33号徐汇日月光B座一楼(漕宝路地铁站出入口旁),121.432778,31.168701,徐汇区,国际连锁,1,5,9,23
B0FFK4T0Z6,云隐coffee(漕宝路店),漕宝路69号(漕宝路地铁站8号口步行340米),121.42867,31.168382,徐汇区,独立/精品,1,6,9,23
B0FFH7VTAW,星巴克(平福路店),平福路188号3幢第一层101单元,121.449061,31.137849,徐汇区,国际连锁,1,5,2,3
B0J2HSCO33,Manner Coffee(上海龙华会店),龙华路2778号上海龙华会C2B2层(龙华地铁站出入口旁),121.453086,31.172742,徐汇区,本土连锁,1,4,5,8
B0HBTU5KP8,Tims咖啡(朵云轩创邑店),龙华西路268号C区1F107,121.447451,31.173746,徐汇区,国际连锁,0,5,2,4
B0J2TC8EUB,Peet's Coffee皮爷咖啡(腾飞广场店),腾飞大厦(上海体育场地铁站3号口步行350米),121.442293,31.187999,徐汇区,国际连锁,1,8,27,34
B0FFJ64L1Y,星巴克(上海图书馆店),淮海中路1555号1幢1楼A部位,121.444579,31.207494,徐汇区,国际连锁,2,10,27,23
B0G3LBDVAN,Arabica,武康路376号武康庭1层,121.439072,31.206897,徐汇区,国际连锁,0,7,15,26
B0G3UO3SL6,PS.Cafe(港汇恒隆广场店),虹桥路1号港汇恒隆广场南座2层202号,121.437747,31.194363,徐汇区,独立/精品,1,8,47,68
B0JALO9LNP,Manner Coffee(亦园店),湖南路街道安福路168号(乌鲁木齐路)亦园,121.444825,31.214657,徐汇区,本土连锁,1,8,29,46
B0FFK9H5Y1,瑞幸咖啡(中金国际广场店),漕溪北路339号百脑汇一层,121.438523,31.190456,徐汇区,本土连锁,0,9,40,60
B0FFIU6KTY,瑞幸咖啡(光启文化广场店),斜土路2899号光启文化广场B座一层大堂,121.44121,31.18582,徐汇区,本土连锁,2,8,19,27
B0FFKZZXNW,星巴克(钦州北路店),钦州北路238-240号田尚坊内,121.419923,31.180638,徐汇区,国际连锁,0,1,1,8
B0KAY52LX5,AOKKA COFFEE(灿星店),龙启路158号灿星大厦地下一层下沉式广场B1-16-17(绿草坪旁),121.460387,31.16508,徐汇区,独立/精品,1,2,29,33
B0JUGSB6X8,星巴克(One ITC店),华山路1901号ITC国贸汇LG1层LG1-126,121.437782,31.198105,徐汇区,国际连锁,1,8,19,40
B0LA9SY3DX,Haw Side Coffee,中山南二路2031-4号,121.441679,31.177787,徐汇区,独立/精品,2,3,1,12
B0G1BP7ED9,LAVAZZA拉瓦萨咖啡(上海美罗店),肇嘉浜路1111号1层,121.440131,31.193022,徐汇区,国际连锁,1,7,40,61
B0I33O1YVV,瑞幸咖啡(五洲国际大厦店),肇嘉浜路807号五洲国际大厦一层大堂,121.447847,31.19798,徐汇区,本土连锁,1,11,18,21
B0HU1OFGTP,Luneurs(衡复艺术中心店),乌鲁木齐南路178号101、201室,121.449187,31.203281,徐汇区,独立/精品,2,10,30,22
B0K1GH1AKT,星巴克(Gate M西岸梦中心店),龙腾大道2266号GATE M西岸梦中心5号楼102号,121.465539,31.160905,徐汇区,国际连锁,0,1,23,29
B0HD35OQYA,星巴克臻选(上海漕河泾印象城店),古美路1520号18幢地上第一层L1-03b单元,121.399458,31.161811,徐汇区,国际连锁,1,5,17,29
B0GUA79TX0,VOYAGE COFFEE(永嘉路店),永嘉路502号,121.452725,31.206125,徐汇区,独立/精品,0,10,22,26
B0HKOHHFTS,A CALLING(永福第三小区店),淮海路西段淮海中路1260号(常熟路地铁站3号口步行90米),121.452071,31.214001,徐汇区,独立/精品,1,9,27,45
B0J1GS53ED,Peet's Coffee 皮爷咖啡(徐汇绿地缤纷城西区店),东安路562号绿地缤纷城西区F1层WE-101,121.457063,31.183619,徐汇区,国际连锁,1,5,10,19
B00155H8TQ,星巴克(漕河泾创新大厦店),宜山路1009号创新大厦1F,121.401111,31.170817,徐汇区,国际连锁,1,11,7,13
B0FFG92LQI,星巴克(壹街坊店),上中西路280号壹街坊1层,121.425825,31.135075,徐汇区,国际连锁,0,10,2,4
B00155ILV7,Costa Coffee(上海美粤华店),肇嘉浜路238号(嘉善路地铁站2号口步行160米),121.461992,31.203676,徐汇区,国际连锁,1,4,20,26
B0GUU6WKOQ,星巴克(上海中海瀛台店),龙瑞路1号2楼201单元,121.454992,31.13982,徐汇区,国际连锁,1,3,1,6
B0FFFVD4U6,星巴克(名仕苑店),广元西路98号名仕苑3-4室,121.434162,31.195786,徐汇区,国际连锁,1,7,24,43
B0K6VC08YE,Manner Coffee(环贸iapm商场店),淮海中路999号环贸iapm LG1139-141号(Kabb旁边),121.458617,31.215562,徐汇区,本土连锁,1,7,45,68
B0H64MHI12,乔咖啡(西岸店),龙腾大道2900号,121.462373,31.174298,徐汇区,独立/精品,0,2,1,2
B0I3SSY4YH,Birdie Cup Coffee小鸟杯(武康路店),武康路105-2号,121.440894,31.20997,徐汇区,独立/精品,1,9,21,28
B0FFM8L4Q3,Peet's Coffee皮爷咖啡(ITC国贸汇店),华山路1901号上海国贸汇广场地下二层(LG2层)216室,121.438018,31.197618,徐汇区,国际连锁,1,7,29,47
B0KRBZJ18N,CoffeeDealer咖啡丢了(建国西路店),建国西路310号,121.457855,31.205081,徐汇区,独立/精品,1,6,25,45
B0FFGITNWX,星巴克(柳州路店),柳州路399号甲恒地仓国际大厦一楼大厅,121.425459,31.166864,徐汇区,国际连锁,0,4,5,10
B0KGH54XVJ,Cafe di wine,吴兴路248号(衡山路地铁站1号口步行430米),121.444871,31.200763,徐汇区,独立/精品,1,11,17,20
B0FFJFTB32,星巴克(汇阳广场店),田林东路75号1层105单元,121.433474,31.174397,徐汇区,国际连锁,0,5,4,7
B0FFL6OQ3E,無窮咖啡馆(集雅公寓店),衡山路331号(衡山路地铁站1号口步行260米),121.444807,31.202169,徐汇区,独立/精品,1,12,24,16
B0FFG69LN8,星巴克(蒲汇塘路店),文定路200号盛源大地家居城1层1A09ab室,121.431594,31.187331,徐汇区,国际连锁,1,7,15,28
B0FFIVFIH6,星巴克(环贸广场店),淮海中路999号IAPM环贸B2层LG2-236,121.458454,31.215585,徐汇区,国际连锁,1,7,44,64
B0IBXAPKIU,瑞幸咖啡(中山医院西院区门诊大楼店),平江路232号一层底商(肇嘉浜路地铁站2号口步行370米),121.453575,31.199539,徐汇区,本土连锁,1,11,14,24
B0FFJGFQ0I,星巴克(正大乐城店),徐汇区东安路259号,121.457253,31.186268,徐汇区,国际连锁,1,5,9,18
B00155DZ6E,Jamaica Blue(乌鲁木齐中路店),乌鲁木齐中路82号,121.444844,31.214722,徐汇区,独立/精品,1,8,30,46
B0FFHBBL30,星巴克(徐汇万科中心店),定安路55号T2楼101A号,121.434033,31.15837,徐汇区,国际连锁,0,2,10,19
B0FFHB3WPW,星巴克(望月路店),望月路885号,121.460283,31.116893,徐汇区,国际连锁,1,3,1,1
B0FFFP9U7I,星巴克(上影博物馆店),漕溪北路595号上海电影博物馆A座1楼博物馆内,121.43829,31.18616,徐汇区,国际连锁,1,10,20,35
B0L3J5DMJX,ORTENSIA cafe(泰安路店),泰安路37号,121.437685,31.205743,徐汇区,独立/精品,1,5,15,26
B0I1TRD0JV,LAVAZZA拉瓦萨咖啡(上海西岸滨江店),龙腾大道3036-1号,121.462051,31.176793,徐汇区,国际连锁,0,1,1,8
B0G02D5KMB,Manner Coffee(美罗城店),肇嘉浜路1111号美罗城B1层,121.439587,31.192815,徐汇区,本土连锁,1,7,41,62
B0KD6AFY2F,Ti-Akol.凯文,衡山路525号(衡山路地铁站1号口步行460米),121.443546,31.200534,徐汇区,独立/精品,0,8,15,15
B0J0OXCLZM,parking coffee(盖司康公寓店),淮海中路1220号(常熟路地铁站3号口步行190米),121.452968,31.214304,徐汇区,独立/精品,1,9,35,47
B0J2HS88Y0,星巴克(上海龙华会店),龙华路2778号上海龙华会T2L1层,121.453412,31.174174,徐汇区,国际连锁,1,4,5,8
B0FFK64YKB,瑞幸咖啡(百联徐汇商业广场一店),华山路2038号百联徐汇商业广场底商,121.437208,31.19718,徐汇区,本土连锁,1,8,28,54
B0FFJD4OC0,Tequila espresso,嘉善路55号,121.459462,31.211968,徐汇区,独立/精品,1,7,32,75
B0G0C6QH1G,Tims天好咖啡(漕河泾科技园),桂平路391号1幢114A室,121.403236,31.1646,徐汇区,国际连锁,0,7,17,21
B0I1BPS3GQ,Manner Coffee(One ITC店),华山路1901号One ITC LG2层,121.437689,31.19788,徐汇区,本土连锁,1,7,20,39
B0I2V61NQB,Tims咖啡(龙华绿地缤纷城店),龙华中路759号一层商业WA-113,121.456675,31.183775,徐汇区,国际连锁,1,6,10,19
B0G1ZK1O62,Manner Coffee(飞洲国际广场店),零陵路899号飞洲国际广场(零陵路)B1层,121.437352,31.183099,徐汇区,本土连锁,1,5,6,21
B00156O26N,雷米,永康路88号(陕西南路地铁站7号口步行470米),121.457423,31.210794,徐汇区,独立/精品,0,7,19,59
B0G0DCBM76,熊爪咖啡give&take(永康路店),永康路68号,121.458168,31.21101,徐汇区,独立/精品,1,7,19,69
B0FFK6VNV9,Thru Coffee起时咖啡(陕西南路186弄小区店),陕西南路186弄小区内第一家,121.457751,31.219166,徐汇区,独立/精品,1,6,48,67
B0FFIG2VN8,星巴克(汇京国际广场店),淮海西路555号汇京国际广场F1层103单元,121.423054,31.195891,徐汇区,国际连锁,1,5,11,24
B0HD35R1J7,LAVAZZA拉瓦萨咖啡(上海漕河泾印象城店),古美路1520号18幢漕河泾印象城L1-06a,121.399691,31.161929,徐汇区,国际连锁,1,5,17,29
B0J2JM0EIQ,库迪咖啡(徐家汇地铁站店),漕溪北路徐家汇地铁站(11号口线尚加内1-1002商铺),121.438324,31.193223,徐汇区,本土连锁,1,8,43,67
B0FFIL2DA7,星巴克(淮海西路店),淮海西路1号第1层A单元(交通大学地铁站3号口旁),121.435083,31.201942,徐汇区,国际连锁,1,7,12,37
B0H2UDQU5L,星巴克,云锦路683号1楼01-001单元,121.459502,31.164153,徐汇区,国际连锁,2,2,30,37
B0FFHB9C6V,鲁马滋咖啡(中南新邨店),湖南路9号甲(近上海图书馆),121.442335,31.208216,徐汇区,独立/精品,1,8,20,22
B0I13SRPG4,sunset+ab(延庆路54弄小区店),延庆路60号(常熟路地铁站3号口步行270米),121.451748,31.215479,徐汇区,独立/精品,1,9,38,53
B0KR7MJD0K,瑞幸咖啡(光启城家乐福店),宜山路455号大华光启城负一层120-121号,121.427616,31.183211,徐汇区,本土连锁,1,2,11,23
B0H6NCF941,argang kaffe,宝庆路10号2栋1楼(常熟路地铁站7号口步行190米),121.449714,31.211197,徐汇区,独立/精品,1,12,15,35
B0FFL0W6G5,星巴克(龙湖上海华泾天街店),华泾路459号1楼A-1F-09A-1F-10单元,121.45592,31.11953,徐汇区,国际连锁,1,8,1,4
B0JB2DSN4R,瑞幸咖啡(淮海国际广场店),淮海中路1045号淮海国际广场一层大堂,121.456602,31.21529,徐汇区,本土连锁,1,7,46,67
B0I1GYWN0K,iFuture科学咖(太原路店),太原路258号南侧,121.455735,31.203388,徐汇区,独立/精品,1,10,22,36
B0I2OSNKLW,Tims咖啡(星扬西岸中心店),龙耀路175号L101(龙耀西岸中心1号口步行150米),121.461623,31.161203,徐汇区,国际连锁,1,3,45,51
B0G2X6JC0R,星巴克(上海金谷里店),桂平路188号1楼119-120室,121.412364,31.151742,徐汇区,国际连锁,0,9,0,3
B0H62HY125,Coffee Surround,襄阳南路164号(陕西南路地铁站7号口步行170米),121.457038,31.213568,徐汇区,独立/精品,1,6,32,73
B0FFHMDDTZ,TAN CAFE譚咖啡,高安路101-1号(肇嘉浜路与高安路交叉口),121.447379,31.199695,徐汇区,独立/精品,1,12,22,24
B0I66DLCEB,Compass Coffee(中南新邨店),淮海中路1664号-1(上海图书馆地铁站3口步行140米),121.442704,31.207169,徐汇区,独立/精品,2,8,26,21
B0HKKDH19Y,M Stand(美罗城店),肇嘉浜路1111号美罗城A段1层34-2单元(商场内街),121.440153,31.193101,徐汇区,本土连锁,1,7,41,61
B0JRAMNRAP,枕山Tea Valley,襄阳南路381号枕山,121.458028,31.207547,徐汇区,独立/精品,0,8,17,64
B0FFH0HZ9G,星巴克(科创动力店),宜山路700号B2幢楼108单元,121.417735,31.175969,徐汇区,国际连锁,1,4,9,12
B0LAM5C7YI,特写南站线下体验空间,淮海中路上方花园1285弄24号3楼,121.452055,31.212837,徐汇区,独立/精品,1,11,23,42
B0FFHJT8FT,星巴克(光大会展店),漕宝路78号万商生活广场1层1001室,121.428382,31.167689,徐汇区,国际连锁,1,7,8,22
B0K1GHRZFO,DREAMECAFE PRO追觅咖啡(西岸梦中心店),龙腾大道2266号Gate M西岸梦中心2F层,121.466255,31.162191,徐汇区,独立/精品,0,1,20,24
B0HKVH6SHC,COPLUSDE咖啡豆仓(襄阳南路店),襄阳南路288号-2号,121.457617,31.210176,徐汇区,独立/精品,0,6,14,57
B0FFICH64A,M Stand(建国西路店),建国西路338-2,121.457107,31.204849,徐汇区,本土连锁,1,7,22,40
B0G134YVE0,Manner Coffee(上海港汇恒隆广场店),徐家汇虹桥3号港汇中心二座大堂,121.43662,31.194583,徐汇区,本土连锁,1,8,39,66
B0L6CU9GBJ,动径咖啡,五原路86号A,121.447429,31.213275,徐汇区,独立/精品,1,12,28,43
B0H22SHWR3,星巴克臻选(上海国际传媒港1层店),龙文路199号F楼1层(龙耀路地铁站2号口旁),121.460265,31.159259,徐汇区,国际连锁,1,3,22,37
B00156GXPH,星巴克(古美路店),古美路1528号漕河泾现代服务园7幢1层101D室,121.398883,31.163905,徐汇区,国际连锁,1,4,23,35
B0FFFA9UW2,星巴克(田林宾馆店),"田林路1号6幢第1,2层C区",121.423375,31.171375,徐汇区,国际连锁,0,7,3,4
B0L2K9H0B9,月球咖啡,永嘉路527弄1号,121.450883,31.205319,徐汇区,独立/精品,1,11,30,18
B0FFHQ9ZVB,COVA(环贸iapm),淮海中路999号环贸广场1楼146室,121.458419,31.215041,徐汇区,独立/精品,1,8,41,72
B0GUOC68JP,珈琲光景Cafe Lumiere(中南新邨店),上海市徐汇区淮海中路1640-3号,121.443149,31.207553,徐汇区,独立/精品,2,9,26,22
B0FFI91L91,星巴克(新龙华店),柳州路138号110室,121.426283,31.159402,徐汇区,国际连锁,0,9,7,12
B0FFKM59YA,Tims咖啡(徐汇日月光店),漕宝路33号徐汇日月光商场L1-32单元,121.432451,31.168847,徐汇区,国际连锁,1,5,9,23
B0HD0CYWNP,M Stand(漕河泾印象城店),漕宝路1011号漕河泾印象城1F层L1-12,121.400408,31.162235,徐汇区,本土连锁,1,5,19,33
B0HGMX0175,星巴克(港汇恒隆广场北座店),虹桥路1号港汇恒隆165A-178号,121.436881,31.195073,徐汇区,国际连锁,1,7,42,65
B0FFG2Y2IF,米仓Cafe&Bistro,常熟路201号(常熟路地铁站8号口步行80米),121.449117,31.213976,徐汇区,独立/精品,1,11,33,45
B0FFJAAI7L,瑞幸咖啡(汇阳广场店),田林东路55号汇阳广场一层大堂,121.433726,31.174046,徐汇区,本土连锁,0,5,4,8
B0KA9SN68X,悉达多咖啡工作室,建国西路与太原路交叉口西南140米,121.45427,31.203732,徐汇区,独立/精品,0,9,20,32
B0HKDL60AE,Manner Coffee(云海大厦店),淮海中路1329号云海大厦F1层,121.449489,31.212046,徐汇区,本土连锁,1,13,16,38
B0IR0UUA98,CUBIC3三立方咖啡(西岸凤巢店),云锦路701号AIPLAZA西岸凤巢B1-017,121.460316,31.163713,徐汇区,本土连锁,2,2,38,45
B0J1KR4A7W,星巴克(上海中山医院店),医学院路111号1层101单元,121.453573,31.198736,徐汇区,国际连锁,1,11,7,17
B0L16MQXJC,Grid Coffee(上海鑫耀光环店),上海城区虹梅街道247街坊31丘鑫耀光环Live一层S5-L1-26,121.41522,31.167058,徐汇区,独立/精品,1,9,6,14
B0HRO7N3BS,Manner Coffee(漕河泾印象城店),漕宝路1011号漕河泾印象城B1层(虹梅路地铁站1号口旁),121.399326,31.161615,徐汇区,本土连锁,1,6,11,26
B0L0DZN04L,Folder Bakery&Coffee,乌鲁木齐南路205号104室,121.450232,31.200503,徐汇区,独立/精品,1,12,26,21
B0HRGM8W0Q,Costa Coffee(上海漕宝路仪表院),漕宝路仪表院103号17幢1楼,121.426325,31.167975,徐汇区,国际连锁,0,4,4,13
B0K30DJNAU,P.M CAFE(五原路店),五原路88号,121.447406,31.213221,徐汇区,独立/精品,1,12,27,43
B0I06STV82,luckin coffee 瑞幸咖啡(汇联商厦店),天钥桥路90号,121.441492,31.192513,徐汇区,本土连锁,0,9,38,69
B0G107F6U6,% Arabica阿拉比卡咖啡(TWO ITC店),恭城路160号TWO itc F1层,121.436059,31.196846,徐汇区,国际连锁,1,7,25,50
B0FFJ377Q6,MUSEE CAFE(保利·时光里店),瑞平路230号保利时光里B1层,121.455093,31.18182,徐汇区,独立/精品,1,6,9,14
B0H3JD38SY,Tims咖啡(荟葶店),龙华西路585号103号商铺,121.44147,31.177058,徐汇区,国际连锁,2,3,1,12
B0FFKQNMJX,雨山咖啡(零陵路店),零陵路899号飞洲国际广场F1层,121.437497,31.183336,徐汇区,独立/精品,1,5,6,22
B0J2HSAQQB,M Stand(龙华会店),龙华路2778号上海龙华会C4B2层,121.4535,31.172658,徐汇区,本土连锁,1,4,5,8
B0JKYHE42C,Peet's Coffee 皮爷咖啡(黑石公寓店),复兴中路1333弄1-6号珊珊小区,121.452543,31.210844,徐汇区,国际连锁,1,10,12,34
B0J0B7OWRO,纽巷咖啡(锦和巴黎时韵店),襄阳南路500号2511室,121.457808,31.205629,徐汇区,独立/精品,1,6,24,48
B0JRXL9NB1,PLUSONE COFFEE(淮海中路店),淮海中路1008号1F(陕西南路地铁站10号口步行150米),121.457591,31.216376,徐汇区,独立/精品,1,9,47,70
B0JAF7CEOX,星巴克臻选(上海鑫耀光环店),叠彩路233号地上1层S3-L1-06号,121.413744,31.169398,徐汇区,国际连锁,0,8,18,24
B0FFH7SYQ6,星巴克(永丰国际广场店),宛平南路100号,121.445259,31.195286,徐汇区,国际连锁,0,7,29,32
B0FFK66GA1,瑞幸咖啡(龙漕路店),龙漕路223-9号底商(龙漕路地铁站5号口旁),121.442402,31.170282,徐汇区,本土连锁,1,5,4,7
B0J1OZEN0C,Peet's Coffee皮爷咖啡(长宁大融城店),上海城区淞虹路377号L1层L1-T1-06室,121.360007,31.217808,长宁区,国际连锁,1,11,17,19
B0I1PBJBFM,Manner Coffee(现所创邑MIX烘焙店),天山路711号,121.403946,31.210728,长宁区,本土连锁,1,10,17,50
B0HK0MFGK2,星巴克(上海光大安石虹桥中心店),新泾镇淞虹路377号1号楼1层L1-T1-01+L1-T1-01,121.359035,31.217869,长宁区,国际连锁,1,9,19,26
B0FFGJEFKQ,星巴克(北新泾店),天山西路138号上海馥邦购物中心1层35室,121.373536,31.21704,长宁区,国际连锁,1,6,0,5
B0FFKEDT8U,走神Allday Brunch.Bistro(愚园路镇宁店),镇宁路217号,121.436322,31.218695,长宁区,独立/精品,0,9,15,27
B0L1DZTA8F,星巴克(幸福里店),长宁区番禺路381号1层111室,121.430161,31.204428,长宁区,国际连锁,0,7,21,38
B00155LQS8,三月咖啡馆,万航渡路1384弄12号湖丝栈创意园区1号楼2层(近华阳路),121.421882,31.225508,长宁区,独立/精品,0,5,1,5
B0FFIU6KU1,瑞幸咖啡(长峰中心店),延安西路1088号长峰中心一层101室,121.430791,31.211549,长宁区,本土连锁,0,6,29,28
B0FFIY1GRW,星巴克(上海长宁来福士1F店),长宁路1191号,121.414946,31.216073,长宁区,国际连锁,1,8,17,42
B0JD5UBZZJ,somthin’else另有奇物,愚园路1208号,121.426591,31.219,长宁区,独立/精品,1,6,15,39
B0FFKV45CP,Peet's Coffee皮爷咖啡(长宁来福士店),长宁路1123号来福士广场东区1层23号铺,121.415228,31.21597,长宁区,国际连锁,1,8,16,44
B0FFH34B15,星巴克(延安西路店),延安西路562号1楼,121.435768,31.216591,长宁区,国际连锁,0,9,15,24
B0HKGLI6Z9,Peet's Coffee皮爷咖啡(中山公园龙之梦店),长宁路1018号1层1069、1071室,121.417186,31.219056,长宁区,国际连锁,1,6,21,47
B0LBL1S5KY,福叁咖啡&小红帽三明治,延安西路1566号大厦内入口左侧一层,121.420854,31.208335,长宁区,独立/精品,1,10,26,25
B00156GX8I,小乔治咖啡馆(延安西路1782弄1-4号小区店),延安西路1782弄1-4号小区西北1门旁,121.414777,31.207429,长宁区,独立/精品,1,9,8,8
B0K3H5399R,三顿半空间,愚园路1107号A106(入口位于凤冈路),121.428023,31.218101,长宁区,独立/精品,1,5,14,36
B0FFL000C5,星巴克臻选(金虹桥国际中心店),茅台路179号金虹桥国际中心1层L113号商铺,121.402435,31.208844,长宁区,国际连锁,1,9,19,48
B0FFF003EQ,星巴克(昭化路店),定西路1026号(近昭化路),121.423543,31.21142,长宁区,国际连锁,0,7,37,41
B0LGGHXADW,KOMEDA's coffee口美达咖啡(伊犁南路店),伊犁南路566号(伊犁路地铁站1号口步行350米),121.405871,31.197076,长宁区,独立/精品,1,7,12,26
B0FFGIR0RW,星巴克(百盛优客城市广场店),天山路789-889号百盛优客城市广场东楼1层1E04号,121.403884,31.210224,长宁区,国际连锁,1,8,17,53
B0IB1UH77T,LEACH栗其,虹桥路1468号TBC比邻108,121.400589,31.199455,长宁区,独立/精品,2,4,19,38
B0FFKSZAUK,瑞幸咖啡(长宁来福士广场店),凯旋路115号,121.415051,31.215882,长宁区,本土连锁,1,8,16,42
B0H0O6U9LS,Peet's Coffee皮爷咖啡(南丰城店),遵义路100号裙房1层商用房SU1-L103A单元,121.407087,31.206891,长宁区,国际连锁,0,9,26,43
B0FFJ6QPDR,瑞幸咖啡(天山SOHO店),天山路1717号SOHO天山广场一层101-102号,121.407722,31.209411,长宁区,本土连锁,1,8,22,40
B0KGT17TUC,POLLY波麗咖啡(星期天公园店),延安西路1221号泛太大厦F1层,121.427916,31.210877,长宁区,独立/精品,0,8,38,39
B0FFL41I28,Manner Coffee(虹桥凌空SOHO店),金钟路968号凌空SOHO15号楼F1层天会HQL1层,121.353231,31.221432,长宁区,本土连锁,0,4,28,26
B0FFLNEQJA,瑞幸咖啡(金虹桥店),茅台路179号金虹桥商场负一层LG1011,121.40257,31.20902,长宁区,本土连锁,1,9,19,52
B0FFLL35FT,WABI COFE,愚园路1327号(中山公园地铁站8号口步行320米),121.424038,31.218805,长宁区,独立/精品,0,5,17,35
B0H035SCCA,一尺花园(安和花园店),新华路179弄(近上影国际立体停车场),121.428934,31.202199,长宁区,独立/精品,0,7,18,37
B0JAR50F9Y,愚园路电台咖啡,愚园路984号(江苏路地铁站7号口步行100米),121.430555,31.21911,长宁区,独立/精品,1,5,11,32
B0FFJCBFYT,Gregorius航迹,愚园路991号(江苏路地铁站7号口步行140米),121.430456,31.218847,长宁区,独立/精品,1,5,14,33
B0I6ZM4GXZ,面包咖啡好天气(愚园路店),愚园路769号(江苏路地铁站3号口步行90米),121.434295,31.220229,长宁区,独立/精品,1,7,14,26
B0H2UUR26J,into the force原力飞行,愚园路1107号A106(入口位于凤冈路),121.428071,31.218044,长宁区,独立/精品,1,5,14,36
B0FFHPUSPP,星巴克(新淮海坊店),淮海西路676号淮海坊F1层01室,121.422693,31.196482,长宁区,国际连锁,1,6,10,23
B0H6HAEZ1E,星巴克臻选(上海上生新所店),延安西路1262号9幢地上第一层101单元,121.427707,31.207976,长宁区,国际连锁,0,6,32,34
B0KG9R62W6,BlueBottleCoffee蓝瓶咖啡(上生新所店),延安西路1262号上生新所15号楼1层101A单元,121.427504,31.207885,长宁区,国际连锁,0,7,33,33
B0G26YISV7,瑞幸咖啡(中山公园龙之梦店),联通大厦中国联通隔壁,121.416712,31.218948,长宁区,本土连锁,1,6,21,46
B0JRYZCPOC,FOTY(创邑SPACE弘基店),愚园路1107号A103(靠近凤冈路),121.428332,31.218151,长宁区,独立/精品,1,5,13,35
B0JD3X11B5,一期一会·Better Together Cafe,泰安路115弄(交通大学地铁站7号口步行450米),121.43591,31.20481,长宁区,独立/精品,1,5,13,28
B0L0GC3XTU,CUBIC3三立方咖啡(愚园路店),愚园路1429号(中山公园地铁站8号口步行140米),121.422085,31.218742,长宁区,本土连锁,0,7,23,38
B0J36HMCWN,ASAP(百家缘小区店),昭化东路86-3号,121.436799,31.214534,长宁区,独立/精品,0,9,19,24
B0G2OCI9TL,MOCHA猫咪咖啡(长宁中心店),安顺路118号-7(虹桥路地铁站号口步行490米),121.420018,31.202055,长宁区,独立/精品,0,5,17,28
B0FFIRF6BE,Tims咖啡(长宁利星行捷枫店),延安西路1319号101西室单元,121.425447,31.210582,长宁区,国际连锁,0,8,35,38
B0FFFE4NRZ,Wagas沃歌斯(上海缤谷广场店),天山路341号105室,121.387079,31.214438,长宁区,独立/精品,1,4,8,14
B0KAVS7SV1,滔乐工场 Taole Central·咖啡简餐,定西路1525号上海中山公园凯悦嘉荟酒店2层,121.421414,31.218168,长宁区,独立/精品,0,7,27,46
B0G33SX8VL,Lemon Louis(番禺路店),番禺路387号底层5号,121.430383,31.203858,长宁区,独立/精品,1,7,17,35
B0FFKVEUR1,Tims天好咖啡(缤谷广场店),天山路345号缤谷广场东区116A116B,121.388604,31.21408,长宁区,国际连锁,1,3,10,15
B0FFIC8K0Y,新参者咖啡(幸福里C座店),幸福路67号幸福里园区C座102,121.430797,31.20451,长宁区,独立/精品,1,6,20,31
B0I2NHPIT7,凡几Cafe&Select Shop,愚园路与凤冈路交叉口东北80米,121.428476,31.219321,长宁区,独立/精品,1,6,14,34
B0FFJ5CQV2,2nd cup coffee(翠庭店),天山路街道紫云西路36号-2,121.405205,31.206969,长宁区,独立/精品,1,9,23,63
B0K1VZP4P4,Naif Coffee·Bistro,延安西路1262号上生新所6号楼201&203,121.426876,31.208544,长宁区,独立/精品,0,7,28,34
B0HUOCG8AO,复觅乐F·MILE CAFE,江苏路369号兆丰世贸大厦东广场,121.431768,31.218948,长宁区,独立/精品,1,4,15,35
B0HR6M72MH,Tims咖啡(长宁IM店),凯旋路1388号长宁国际发展广场5号楼101-102室,121.422245,31.198716,长宁区,国际连锁,1,7,11,30
B0I6441DXX,Manner Coffee(黄金城道店),黄金城道512号-1,121.403812,31.194805,长宁区,本土连锁,2,9,12,27
B0HAD7CUN5,壹杯加咖啡(通协路店),通协路272号5A-5C(近协和路),121.355271,31.226547,长宁区,独立/精品,0,9,26,17
B0J01M1Y70,栗Cafe(长宁馥邦苑店),北新泾街道北翟路151号(北新泾地铁站3号口步行410米),121.3734,31.219048,长宁区,独立/精品,1,4,0,5
B00155MZ23,星巴克(江苏路店),江苏路458号舜元弘基天地1层,121.430829,31.218916,长宁区,国际连锁,1,5,13,32
B00155HLAM,星巴克上海虹桥南丰城丰尚街店,上海市长宁区遵义路100号裙房一层商用房1-L106&2-L111单元,121.408328,31.206758,长宁区,国际连锁,0,8,25,34
B00155H6AB,星巴克(古北店),水城南路20号1-2层(近荣华东道),121.39447,31.193844,长宁区,国际连锁,0,7,6,16
B00155H8SK,星巴克(美丽华花园店),水城南路75号CD区111室,121.392551,31.198353,长宁区,国际连锁,1,5,10,8
B0FFHB92RL,星巴克(中山公园店),长宁路999号兆丰广场1层(中山公园地铁站10号口旁),121.417807,31.218004,长宁区,国际连锁,1,9,20,52
B0FFI91LDI,星巴克(黄金城道店),黄金城道776号1楼103室,121.398837,31.195654,长宁区,国际连锁,1,5,16,32
B00155KUOQ,星巴克(万都店),"兴义路8号万都中心大厦一层S102,S106商铺",121.405087,31.205256,长宁区,国际连锁,0,8,32,45
B0FFJY3HN1,星巴克(上海汇金百货虹桥店),天山路900号汇金百货虹桥店1F-01,121.404884,31.211316,长宁区,国际连锁,1,8,18,46
B00155ILJS,星巴克(新华路店),新华路519号1B室,121.422893,31.203664,长宁区,国际连锁,0,5,20,30
B0FFJFTBRY,星巴克(西郊友谊店),仙霞西路88号百联西郊购物中心F1层1210(仙霞西路和剑河路路口),121.369415,31.208731,长宁区,国际连锁,0,6,2,7
B0JD543AR9,星巴克(中山公园龙之梦1F店),长宁路1018号中山公园龙之梦1F1073号商铺,121.416696,31.218637,长宁区,国际连锁,1,6,21,46
B0FFF9ZOJJ,星巴克臻选(缤谷广场店),天山路341号缤谷文化休闲广场西座一楼,121.387315,31.214387,长宁区,国际连锁,1,4,8,14
B0FFHN799X,星巴克(长宁KING88购物中心店),长宁路88号长宁King88一层商铺1-17、1-18室,121.426653,31.228835,长宁区,国际连锁,1,7,11,16
B0FFHC7CXC,星巴克(凌空广场店),新泾镇金钟路968号凌空SOHO2号楼2-106,121.353227,31.221274,长宁区,国际连锁,0,4,24,26
B00156Q8QS,星巴克(玛瑙路店),虹桥路1438号古北国际财富中心二期1楼,121.403364,31.197981,长宁区,国际连锁,2,7,21,40
B00155K7QY,星巴克(兆丰店),江苏路地铁站4号口步行80米,121.431476,31.218958,长宁区,国际连锁,1,4,15,34
B0FFJKKNYJ,SMAKA(愚园店),愚园路769(江苏路地铁站3号口步行90米),121.43415,31.22021,长宁区,独立/精品,1,7,14,27
B0FFHCPHWL,CAfE ONAIR(利西路店),利西路102号1幢1楼101室,121.430161,31.214921,长宁区,独立/精品,0,8,25,37
B0IA35ZF74,WHEN PIGS FLY(御华名苑愚园路1249弄店),愚园路1255号(中山公园地铁站5号口步行450米),121.4255,31.218738,长宁区,独立/精品,0,4,18,34
B0FFLNIUUG,瑞幸咖啡(虹桥路店),凯旋路1540号轨道交通三号线虹桥路站一层,121.421062,31.197364,长宁区,本土连锁,1,8,13,25
B0FFKNW56L,星巴克(缤谷广场2期店),天山路345号缤谷文化休闲广场二期三楼310B单元,121.388815,31.213934,长宁区,国际连锁,1,4,10,15
B0FFH9DCTA,M2F(新华路店),新华路380号,121.425469,31.203584,长宁区,独立/精品,0,7,25,35
B0FFKNWDZK,星巴克(世贸商城店),延安西路2299号世贸商城2层(近地铁10号线伊犁路站),121.400965,31.201606,长宁区,国际连锁,2,5,21,26
B0FFHJTBU2,星巴克(福缘湾九华店),淞虹路920号福缘湾商场1层1座1101单元,121.364244,31.204801,长宁区,国际连锁,0,6,2,3
B0FFIZ76EQ,星巴克(番禺路店),番禺路1号,121.429915,31.210185,长宁区,国际连锁,0,7,30,29
B0FFL00CBW,瑞幸咖啡(百盛优客城市广场B1F店),天山路789号百盛优客城市广场东楼负一层E2001室,121.403929,31.210606,长宁区,本土连锁,1,10,17,50
B0J09ST0ME,Peet's Coffee 皮爷咖啡(百联西郊购物中心店),仙霞西路88号百联西郊购物中心F1层,121.369994,31.208766,长宁区,国际连锁,0,6,2,7
B0FFKSILS7,瑞幸咖啡(申亚时代广场店),蒲淞北路16号B座105(北新泾地铁站出入口步行120米),121.375488,31.217367,长宁区,本土连锁,1,7,0,4
B0IKCZLNN9,J Create城市露营咖啡,协和路99号8幢底楼南区,121.356499,31.203768,长宁区,独立/精品,0,3,4,4
B0H0O6REW6,Manner Coffee(上海长宁来福士广场-西区店),长宁路1191号长宁来福士广场01层,121.413764,31.217013,长宁区,本土连锁,1,7,19,39
B0LG9SW6X9,酱扑·家庭料理·意面吐司咖啡,昭化路357号德必易园沿街101号,121.424527,31.211783,长宁区,独立/精品,0,6,31,35
B0JUAKJERE,Komeda's Coffee口美达咖啡,茅台路179号金虹桥商场地下1楼LG1018室,121.403575,31.209225,长宁区,独立/精品,1,10,19,58
B0H6RS7O9L,星巴克(定西路店),定西路1328号巴黎春天百货1F102室,121.422607,31.216927,长宁区,国际连锁,0,7,18,39
B0015727KV,Costa Coffee(上海临空店),临虹路280弄IBP国际商务花园西区6号楼1层,121.350202,31.231604,长宁区,国际连锁,0,6,2,8
B0J19ZZE27,EAU CAFE(武夷路店),武夷路320号武夷mixB区107室,121.424245,31.212702,长宁区,独立/精品,0,6,23,31
B0J16U2LLA,coffea SHED,上生·新所,121.427347,31.208972,长宁区,独立/精品,0,7,38,36
B0FFFZPS52,星巴克(巴黎春天·悦汇天山店),天山路762号巴黎春天·悦汇天山1楼,121.401793,31.211742,长宁区,国际连锁,1,8,15,34
B0KRZNDF87,KUDDO COFFEE(长宁来福士店),长宁路来福士广场1层50号铺(云贵川梅果旁8号门),121.414028,31.215923,长宁区,独立/精品,1,5,15,39
B0FFGKE3BW,星巴克(凌空广场携程店),金钟路968号凌空SOHO16号楼一层商铺16-101,121.35093,31.221529,长宁区,国际连锁,0,3,19,18
B0FFIZAMFE,M Stand(华山路店),华山路1126号,121.434873,31.211323,长宁区,本土连锁,0,7,24,12
B00156EFOL,星巴克(东银中心店),红宝石路500号东银中心1层106,121.399206,31.198477,长宁区,国际连锁,2,4,20,34
B0FFHLTK9L,星巴克(虹桥机场T1到达店),长宁区机场迎宾一路800号1号航站楼B楼0米达到层公众区A001室,121.346781,31.194072,长宁区,国际连锁,1,2,3,2
B00156O3YW,星巴克(统一企业大厦店),天山西路568号统一企业大厦1幢1层105-106室,121.36042,31.219123,长宁区,国际连锁,1,9,18,25
B0H1V5RLHA,Manner Coffee(BINGO缤谷广场店),天山路341号缤谷广场西座F1层(威宁路地铁站3号口旁),121.385958,31.214707,长宁区,本土连锁,1,4,7,13
B00156O83W,星巴克(东方维京大厦店),仙霞路333号东方维京大厦1层S105单元,121.39872,31.20637,长宁区,国际连锁,0,9,16,27
B0LUFA08Q1,Gold in Black黑金cafe·bar,古北路555弄5号101,121.402021,31.207413,长宁区,独立/精品,1,11,23,45
B0FFKS89PB,Manner Coffee(金虹桥店),茅台路179号金虹桥国际中心1层L133星巴克对面,121.402303,31.208853,长宁区,本土连锁,1,10,19,47
B0FFGZBB9P,小夜珈琲,威宁路287号底层裙房(地铁站3口步行430米),121.384584,31.212004,长宁区,独立/精品,1,6,7,13
B0H04Z8ZBV,M Stand(长宁来福士店),长宁路1123号来福士广场东区02层04号(近地铁通道老凤祥对面),121.414951,31.216279,长宁区,本土连锁,1,8,17,41
B0HK0UO8TD,M Stand(武夷路店),武夷路333号1楼,121.42415,31.213317,长宁区,本土连锁,0,6,21,30
B0JAUUR9FF,库迪咖啡(长宁ArtPark大融城店),新泾镇淞虹377号T2栋楼1层E02室(2号线淞虹路站2号口),121.360647,31.217426,长宁区,本土连锁,1,12,16,17
B0I06SS6WE,瑞幸咖啡(虹桥南丰城店),遵义路150号虹桥南丰城商场负一层3-B120B室,121.407468,31.208098,长宁区,本土连锁,1,8,24,46
B0FFKV91JZ,Manner Coffee(南丰城烘焙二店),遵义路150号虹桥南丰城南区1楼P14,121.407541,31.207681,长宁区,本土连锁,0,9,26,42
B0I64S21OI,代数学家algebraist(上海中山公园玫瑰坊店),长宁路890号玫瑰坊商场1层F3室,121.419127,31.219088,长宁区,本土连锁,1,7,22,44
B0FFI91LDS,星巴克(建滔商业广场店),通协路269号建滔广场商业一层130室,121.355572,31.225532,长宁区,国际连锁,0,8,26,25
B0IKK7XW7J,CUBIC 3三立方咖啡(金虹桥店),茅台路179号金虹桥国际中心广场L1层118号,121.402245,31.20894,长宁区,本土连锁,1,10,19,46
B0JD5107M1,GASU,法华镇路455-7号,121.426429,31.204693,长宁区,独立/精品,0,7,30,44
B0JGLUGNSF,Corbridge Garden啡桥花园,虹桥路1437号新虹桥中心花园2号建筑,121.404014,31.199616,长宁区,独立/精品,1,6,26,34
B0H63S89DO,星巴克(上海虹桥河滨天地店),长宁路1968号A单元1970号,121.401311,31.218823,长宁区,国际连锁,0,6,2,7
B00155KMZ3,星巴克(远东国际店),仙霞路299号远东国际广场B栋1层,121.401216,31.206362,长宁区,国际连锁,0,9,23,38
B0FFI3EIMP,瑞幸咖啡(凌空SOHO二号楼店),新泾镇金钟路968号凌空SOHO2号楼104B号铺,121.35348,31.221221,长宁区,本土连锁,0,4,28,28
B0JUAXY140,CUBIC 3 三立方咖啡(凌空SOHO店),新泾镇金钟路968号凌空SOHO7号楼1038号,121.352092,31.22203,长宁区,本土连锁,0,3,28,24
B0J1ZRIBQ5,列侬说LenEspresso(武夷路店),武夷路124号1楼,121.428525,31.213525,长宁区,独立/精品,0,7,25,34
B0J16C37VH,库迪咖啡(兆丰广场店),长宁路999号兆丰广场B1层B1-ZD-02单元(中山公园地铁站10号口处),121.418049,31.217962,长宁区,本土连锁,1,9,20,53
B0GR27BZHK,MORNING CC橙橙咖啡,安化路492号A座101,121.420425,31.215325,长宁区,独立/精品,0,7,19,41
B0FFK9GW61,瑞幸咖啡(晨讯科技大楼店),金钟路633号晨讯科技大楼B座一层大堂,121.359824,31.220178,长宁区,本土连锁,1,8,18,28
B0K3G603DT,好好咖啡(武夷新秀汇店),武夷路196号,121.426877,31.213441,长宁区,独立/精品,0,7,29,37
B0FFGM6AJW,Costa Coffee(上海国贸中心店),延安西路2201号国际贸易中心1楼,121.40399,31.20244,长宁区,国际连锁,1,9,30,33
B0G0DP5O15,Tims咖啡(南丰城店),遵义路122弄36号2-L103B单元,121.408489,31.207504,长宁区,国际连锁,0,8,19,29
B0FFMHWZDL,Tims咖啡(金虹桥店),茅台路179号金虹桥国际中心商场L1楼L130L131号,121.402475,31.209225,长宁区,国际连锁,1,9,19,46
B0FFHDCD5A,堂吉咖啡(上海高岛屋分店),虹桥街道虹桥路1438号高岛屋百货负一楼,121.403334,31.19719,长宁区,独立/精品,1,7,20,38
B0JAOUWP5W,岛度COFFEE&BAR(禧瑞广场店),延安西路2088号睿珑广场1幢1层A140室,121.40829,31.202828,长宁区,独立/精品,0,7,23,20
B0FFHOCF6M,星巴克臻选(尚嘉中心店),仙霞路99号尚嘉中心(商场)地下1层LG1 NO.30商铺,121.407325,31.20552,长宁区,国际连锁,0,7,30,34
B0I30ZJGSN,Manner Coffee(长宁龙之梦城市生活中心店),长宁路1018号龙之梦城市生活中心(长宁店),121.417177,31.219316,长宁区,本土连锁,1,6,20,47
B0FFISG568,溢咖啡公益馆,虹桥路1437号(伊犁路地铁站4号口旁),121.403207,31.199437,长宁区,独立/精品,2,6,23,35
B0G25CUJ5E,古一庄园手冲咖啡(虹桥新城店),上海市长宁区娄山关路1032号(位于红桥新城小区西2门内部),121.405527,31.21707,长宁区,独立/精品,0,6,2,7
B0JRCDABNF,% Arabica阿拉比卡咖啡(上海影城店),上海影城(交通大学地铁站5号口步行480米),121.429924,31.202488,长宁区,国际连锁,0,7,16,36
B0HUK46BVL,星巴克(上海长宁国际办公楼店),凯旋路1388号T1之01(虹桥路地铁站1号口步行200米),121.421625,31.199225,长宁区,国际连锁,1,6,12,33
B0H236QU6F,Manner Coffee(巴黎春天·悦汇天山店),天山路762号巴黎春天·悦汇天山1层13商铺,121.402401,31.211651,长宁区,本土连锁,1,7,15,36
B0KKSDHR2U,Surry Hills Coffee,新华路165号,121.429011,31.202112,长宁区,独立/精品,0,7,18,37
B0H0ODXE2F,Tims咖啡(虹桥大融城),淞虹路377号长宁Art Park大融城L1层,121.360339,31.217346,长宁区,国际连锁,1,12,17,18
B0FFFQOREG,星巴克中山广场店,中山西路1065号104室,121.411814,31.213202,长宁区,国际连锁,0,6,7,20
B0JB1UH6U9,瑞幸咖啡(番禺路幸福里店),番禺路381号7号楼一层107室,121.430036,31.204318,长宁区,本土连锁,0,7,19,38
B0HU19ESQC,代数学家algebraist(上海尚嘉中心店),上海城区仙霞路99号L228商铺,121.407117,31.205652,长宁区,本土连锁,0,7,32,34
B0L03CCKHC,LAVAZZA拉瓦萨咖啡(上海又又中心店),定西路1555号一层H101-a商铺,121.421424,31.218327,长宁区,国际连锁,0,8,27,47
B0FFJOAW1Q,星巴克(中关村虹桥创新中心店),临虹路与金轮路路口中关村虹桥创新中心北1座,121.35032,31.230241,长宁区,国际连锁,0,7,7,11
B0G2AOBWRJ,库迪咖啡(凌空SOHO18号楼店),金钟路968号凌空SOHO18号楼1层105-3号(中庭),121.35053,31.221892,长宁区,本土连锁,0,4,18,16
B0J2MPRI8J,库迪咖啡(金虹桥商业广场店),娄山关路533号金虹桥国际中心B2层LG2049(东门处),121.403029,31.209043,长宁区,本土连锁,1,9,19,53
B0FFGPSML1,星巴克(神州智慧天地店),天山西路567号神州智慧天地裙房1层R106号,121.356816,31.217961,长宁区,国际连锁,1,8,25,30
B0L26SEM86,小于一coffee,云雾山路81号102室,121.405412,31.215333,长宁区,独立/精品,1,7,2,8
B0FFGFBSZS,星巴克(尚品中心1F店),通协路272号虹桥国际商务花园尚品中心1层,121.355105,31.227221,长宁区,国际连锁,0,7,26,17
B0FFGDU0T8,星巴克(淮海花园店),淮海西路280号101室(番禺路与淮海西路交口),121.429188,31.200054,长宁区,国际连锁,0,6,15,28
B0LUSU4YI9,One Step Coffee一尺之间(刘海粟美术馆),延安西路1609号刘海粟美术馆内,121.419427,31.209507,长宁区,独立/精品,1,10,26,27
B0H3ZOH8FL,瑞幸咖啡(IMshanghai长宁国际店),凯旋路1398号IM长宁国际LG层41号,121.420725,31.199875,长宁区,本土连锁,1,5,14,34
B0FFGT41BY,树袋熊咖啡馆(淮海花园店),淮海西路280号,121.429133,31.200037,长宁区,独立/精品,0,6,13,27
B0H1KU2HSF,瑞幸咖啡(定西路店),定西路1201号一层3室,121.422947,31.213194,长宁区,本土连锁,0,6,21,32
B0FFL3EAXN,瑞幸咖啡(华东化工大厦店),江苏路591号华东化工大厦一层,121.432999,31.214864,长宁区,本土连锁,0,7,19,27
B0FFHUJFCV,THE SPACE CAFE & GALLERY,安顺路389弄1-8号皇家花园,121.406697,31.199296,长宁区,独立/精品,1,8,17,25
B0FFL0YNEF,瑞幸咖啡(光华大厦店),茅台路876号光华大厦一层A1室,121.383126,31.211194,长宁区,本土连锁,0,7,2,6
B0FFM6HJHE,星巴克臻选(上海现所创邑MIX店),天山路919号1F123单元2F22,121.407111,31.210455,长宁区,国际连锁,1,6,17,41
B0HR4L0H76,Manner Coffee(古北花世界店),黄金城道688弄8号102室(红宝石路地铁站2号口),121.398924,31.19748,长宁区,本土连锁,2,4,17,33
B0FFKT1DC0,瑞幸咖啡(建滔广场店),通协路269号建滔广场4号楼一层135号,121.355775,31.225075,长宁区,本土连锁,0,9,36,34
B0FFJHJJUO,1900LOFT(新华路店),定西路465号,121.422857,31.203541,长宁区,独立/精品,0,5,21,31
B0HU5UNWQT,M Stand(上海长宁国际店),长宁国际广场T7栋103号(虹桥路地铁站1号口步行240米),121.422357,31.198985,长宁区,本土连锁,1,5,10,32
B0GK0CAYKJ,星巴克(长宁来福士6F店),周家桥街道长宁路1189号来福士商场内6楼,121.414925,31.216225,长宁区,国际连锁,1,8,16,41
B0I1SCOVV5,星巴克(上海东虹桥中心店),友乐路299号2号楼1层L123-1,121.354012,31.195089,长宁区,国际连锁,0,1,4,6
B0FFF65W8Q,RUMORS COFFEE ROASTERY鲁马滋咖啡(兴国路店),兴国路372弄1号(交通大学地铁站1号口步行490米),121.437339,31.205129,长宁区,独立/精品,1,6,15,26
B0FFKV4OBX,由心咖啡(长宁来福士店),来福士1133 T1栋(中山公园地铁站3号口步行240米),121.415241,31.215768,长宁区,独立/精品,1,8,15,44
B0FFJ2CG26,ABBY ABBIE(黄金城道店),古北路黄金城道741号(红宝石路地铁站2号口步行310米),121.399256,31.195212,长宁区,独立/精品,1,7,16,31
B0KU39JJ20,Marrrnbay·满杯致敬(海粟文化广场店),昭化路618海粟文化广场F2层,121.419473,31.210565,长宁区,独立/精品,1,10,20,28
B0FFIRC1MY,星巴克(新虹桥大厦店),娄山关路55号新虹桥大厦2幢1层106单元,121.402796,31.203001,长宁区,国际连锁,1,10,25,30
B0I30AKFEN,丙卡社Kasir(新华路上影店),番禺路515号(交通大学地铁站5号口步行440米),121.430215,31.202144,长宁区,独立/精品,1,7,16,35
B0I2U70T3F,星巴克(上海仙霞路店),仙霞路1108号101室,121.376547,31.207592,长宁区,国际连锁,0,8,1,3
B0LA3C8Z4P,SPO+J.MEET Cafe&Bistro(武康大楼店),兴国路408号一层,121.437727,31.204131,长宁区,独立/精品,1,6,14,26
B0JRXD0I0L,一爆末咖啡(武夷路店),武夷路420号,121.421888,31.212807,长宁区,独立/精品,0,8,21,35
B0K6ZAUPSB,wigwam(海粟广场店),昭化路658号LG1-02LG1-03a,121.418341,31.210638,长宁区,独立/精品,1,10,13,23
B0FFLMNQ10,瑞幸咖啡(兆丰广场1F店),长宁路999号兆丰广场店底商,121.419175,31.218175,长宁区,本土连锁,1,7,22,54
B0HDXXASME,LAVAZZA拉瓦萨咖啡(上海IM长宁国际店),凯旋路1388号长宁国际广场T6栋1层01室,121.421555,31.198959,长宁区,国际连锁,1,6,10,31
B0FFK9KA0N,瑞幸咖啡(旭辉虹桥国际店),通协路278号旭辉虹桥国际1号楼底商,121.354694,31.227704,长宁区,本土连锁,0,7,23,17
B0HBBS11QD,Manner Coffee(KiNG88商业广场店),长宁路88号KiNG88智慧社区时尚生活中心F1层,121.426736,31.228696,长宁区,本土连锁,1,7,11,16
B0JDFKOC3U,LAVAZZA拉瓦萨咖啡(上海光大安石店),淞虹路377号L1层L1-T2-N05,121.360246,31.217551,长宁区,国际连锁,1,11,17,19
B0FFGYUBCO,亚卡夏屋顶花园咖啡,万航渡路2452号DOHO创意园区3层,121.405871,31.220627,长宁区,独立/精品,0,7,2,5
B0I1RC4EZI,西郊宾馆·CC咖吧,虹桥路1921号西郊宾馆,121.378072,31.202161,长宁区,独立/精品,0,2,1,1
B0K2OU8714,星巴克臻选(上海宜家荟聚店),金钟路788号上海荟聚F1层,121.356825,31.221975,长宁区,国际连锁,1,9,30,33
B0FFK6UROS,瑞幸咖啡(远东国际广场店),仙霞路319号远东国际广场A栋一层101室,121.400636,31.206462,长宁区,本土连锁,0,7,22,34
B0FFKSGL59,瑞幸咖啡(嘉利大厦店),延安西路1228弄2号嘉利大厦一层,121.427817,31.209854,长宁区,本土连锁,0,11,39,35
B0K2A5Q3SR,DamPing减震(禾城),上海市长宁区凯旋路1205号1幢一层106G室,121.418625,31.204016,长宁区,独立/精品,0,3,13,13
B0FFL7M67V,LE REVE DE MONA梦纳咖啡和酒,昭化路357号A幢106,121.424285,31.211752,长宁区,独立/精品,0,6,31,37
B0FFK5MRX4,THE BOUNDLESS WAY CAFE,愚园路1321号(中山公园地铁站8号口步行330米),121.424126,31.218856,长宁区,独立/精品,0,5,17,35
B0H29D6YMX,White Space留白咖啡(东浜小区店),东诸安浜路180弄1-23号东浜小区,121.432825,31.218275,长宁区,独立/精品,1,6,16,34
B0I2J73Z0R,星巴克(上海海纳创联园店),延安西路1536号,121.421536,31.208914,长宁区,国际连锁,1,9,30,36
B0I1SCOGEB,星巴克(上海凯欣豪园店),汇川路80号(中山公园地铁站10号口步行120米),121.417553,31.216852,长宁区,国际连锁,1,8,18,51
B0FFKTPXQ1,瑞幸咖啡(法华镇路店),法华镇路555号法华门大厦底商,121.424311,31.205517,长宁区,本土连锁,0,6,24,35
B0JBPHACQJ,luckin coffee 瑞幸咖啡(光大安石虹桥大融城店),淞虹路377号长宁Art Park大融城LG1层,121.359234,31.217129,长宁区,本土连锁,1,10,17,19
B0J21UC97J,SLAB TOWN(海粟文化广场店),昭化路618号海粟文化广场A栋L1-01-02,121.419026,31.210308,长宁区,独立/精品,1,8,18,26
B0HD05ZLJH,NOWWA挪瓦咖啡(愚园路店),愚园路与定西路交叉口东160米,121.423241,31.218992,长宁区,本土连锁,0,6,17,36
B0FFH9G6J0,星巴克(东方国信店),福泉北路388号东方国信商务广场B座1层102室,121.355945,31.230369,长宁区,国际连锁,0,4,14,15
B0I275OPX1,M Stand(凌空SOHO店),金钟路968号7-103A,121.352211,31.221922,长宁区,本土连锁,0,3,28,24
B0H3ZOIQ38,瑞幸咖啡(华敏世纪广场店),延安西路624号华敏世纪广场底商,121.435137,31.21628,长宁区,本土连锁,0,9,16,26
B0LACZKENH,H11 COFFEE 咖啡店,古北·黄金城道698号H11咖啡店,121.399975,31.195446,长宁区,独立/精品,1,7,16,30
B0L1SHQDCZ,Bonzest板札咖啡(中山公园店),定西路1112号一层,121.423585,31.212146,长宁区,独立/精品,0,7,27,37
B0JRDZ00OH,Manner Coffee(盛业公寓店),华阳路269号,121.424208,31.221893,长宁区,本土连锁,0,6,10,26
B0J1P90EQN,SWEETBACK COFFEE,法华镇路889号(延安西路地铁站2号口步行440米),121.419328,31.207614,长宁区,独立/精品,1,9,28,22
B0GRDSEWLZ,BASDBAN(愚园路餐厅),愚园路546号8幢101室,121.438551,31.221719,静安区,独立/精品,0,13,19,27
B0FFIVFX5D,星巴克臻选(上海烘焙工坊),南京西路789号N110至N201单元,121.462437,31.230429,静安区,国际连锁,1,10,38,58
B0FFIB07PU,星巴克(凯德·星贸店),恒通路318号(汉中路地铁站5号口旁),121.458052,31.241104,静安区,国际连锁,1,7,19,33
B0G39AMG8L,Peet's Coffee皮爷咖啡(大悦城店),西藏北路198号L1楼N101号商铺,121.471799,31.243654,静安区,国际连锁,1,11,25,27
B0I2JA1LPV,上海牌咖啡(华山路店),华山路259号(静安寺地铁站12号口步行120米),121.446252,31.219633,静安区,独立/精品,1,15,39,46
B0FFJN6ZYL,星巴克上海静安CP店,"愚园路68号L1-11,L2-09A室",121.44612,31.22514,静安区,国际连锁,1,12,37,71
B0FFM5M8Y6,星巴克(博华广场店),山海关路388号博华广场零售区第1层K-02室,121.462613,31.236218,静安区,国际连锁,1,8,13,19
B0FFIPJHOV,瑞幸咖啡(上海大宁音乐广场店),万荣路777号大宁音乐广场负一层B114-3室,121.443925,31.280175,静安区,本土连锁,0,3,23,21
B00156QH17,星巴克(恒基688广场店),南京西路688号恒基688广场L106室,121.464631,31.231692,静安区,国际连锁,1,8,30,51
B0JDGZ081F,星巴克(上海静安四季坊店),南京西路街道吴江路169号一层C114单元,121.460713,31.229741,静安区,国际连锁,1,9,40,59
B0FFLK0NLX,coffee enough咖啡足矣,北京西路549-4号(自然博物馆地铁站1号口步行310米),121.463432,31.233511,静安区,独立/精品,1,11,30,37
B0H1TCKSKM,RIGHT HERE RIGHT NOW来喝来闹咖啡店,奉贤路194-2号(南京西路地铁站1号口步行200米),121.458008,31.230276,静安区,独立/精品,1,9,35,60
B0FFHRLB9L,星巴克(大悦城北楼1F店),西藏北路166号(曲阜路地铁站1号口步行260米)大悦城北座L1,121.471647,31.244278,静安区,国际连锁,1,11,25,28
B0K1TCYJ68,On Air,陕西北路600号2号楼(园区内),121.451718,31.233152,静安区,独立/精品,0,12,36,41
B0FFG8ZXM9,星巴克(金融街静安中心店),万航渡路750号金融街静安中心,121.430791,31.227445,静安区,国际连锁,0,9,15,18
B0I04AK10L,DEHOME COFFEE,胶州路133号(静安寺地铁站出入口步行470米),121.444075,31.226609,静安区,独立/精品,1,12,42,50
B0H0MAKOEA,CAN COMPANY(延平社区店),延平路247号,121.439553,31.23067,静安区,独立/精品,2,13,23,33
B0FFHMUCQA,星巴克(宏慧新汇园店),共和新路4750号城市新汇广场1层,121.446513,31.318729,静安区,国际连锁,1,5,10,12
B0FFM9K9L8,Drops咖啡工作室,华山路376号,121.445414,31.217847,静安区,独立/精品,0,16,32,32
B00155KKNZ,星巴克(远中风华店),昌化路68号,121.455023,31.234811,静安区,国际连锁,0,7,27,27
B0FFF00PM9,星巴克(宝山路店),宝山路202号(近地铁4号线宝山路站),121.476752,31.252887,静安区,国际连锁,1,11,4,6
B0HKDDY64Q,wooden spoon cafe(奉贤路店),奉贤路94-1号(南京西路地铁站2号口步行140米),121.460352,31.231429,静安区,独立/精品,1,8,42,52
B0H025GAA5,Peet's Coffee皮爷咖啡(大宁久光店),共和新路2188号上海久光中心L1层L131,121.451546,31.276255,静安区,国际连锁,1,7,16,17
B0J13UFRDA,Seesaw 咖啡(上海中信泰富店),南京西路1168号中信泰富广场B1层03号商铺,121.455363,31.227989,静安区,本土连锁,1,8,39,69
B0015727QE,星巴克(市北高新园区店),江场三路158号1层,121.436662,31.293717,静安区,国际连锁,0,5,12,8
B0JRM9LJAJ,LAGOM Cafe&Bar(静安星座店),万航渡路105号静安星座6F,121.442724,31.225034,静安区,独立/精品,1,11,34,47
B0FFL2SFZ5,星巴克(中建幸福空间店),场中路2008-2010号,121.452441,31.304991,静安区,国际连锁,1,6,8,3
B0FFHIGY5F,Manner Coffee(205号窗口店),南阳路205号,121.45025,31.227552,静安区,本土连锁,0,11,43,71
B0KU4DPHDN,page coffee(大同里店),陕西北路495号(大同里东北门旁),121.452132,31.231304,静安区,独立/精品,0,15,38,66
B0FFLAYZI2,Peet's Coffee皮爷咖啡(愚园路店),愚园路108号,121.44579,31.224767,静安区,国际连锁,1,16,37,70
B001574UAX,星巴克(珠江创意中心店),灵石路695号珠江创意中心3号楼1层大堂,121.449643,31.284196,静安区,国际连锁,0,5,7,11
B0K2KRMO87,悬停Cirrus·花艺·咖啡,广延路551号(上海马戏城地铁站1号口步行330米),121.455144,31.280628,静安区,独立/精品,1,7,3,6
B0K0R9FTH3,瑞幸咖啡(漫选中古街店),南京西路1605号轨道交通7号线静安寺站负一层B01B25D36店铺,121.447925,31.223375,静安区,本土连锁,1,13,39,64
B0GK1U002S,niko and...COFFEE(南京西路店),南京西路吴江路四季坊(南京西路地铁站11号口旁),121.461642,31.229943,静安区,独立/精品,1,8,37,61
B0GUPSZDB0,SLAB TOWN,富民路210弄1号,121.451907,31.217802,静安区,独立/精品,0,7,40,40
B0IB77HMHW,Blue Bottle Coffee蓝瓶咖啡(裕通店),长安路908号,121.45275,31.242768,静安区,国际连锁,0,8,26,31
B0H3ZOGSU2,有容乃大LuckyDraw,北京西路1622号(静安寺地铁站出入口步行470米),121.44507,31.226408,静安区,独立/精品,1,13,39,63
B0IR05TYCX,CUBIC 3 三立方咖啡(仲益大厦店),南京西路580号仲益大厦148铺,121.466084,31.231162,静安区,本土连锁,0,9,33,52
B0JU49GJ3X,瑞幸咖啡(吴江路步行街店),吴江路步行街一层202-3室,121.46,31.229571,静安区,本土连锁,1,9,38,64
B0FFMFL06G,GentleMaker Cafe,华山路748号,121.439404,31.214817,静安区,独立/精品,0,8,16,23
B0HA77055V,dia coffee嗲咖啡,上海市上海市静安区,121.440658,31.229624,静安区,独立/精品,1,14,25,33
B0LD9HMEIP,LOOP LAB,新闸路1523号,121.44795,31.230214,静安区,独立/精品,0,12,34,46
B0FFH0JUHA,COSTA COFFEE(上海嘉里企业中心店),共和路219号嘉里企业中心T3栋1层,121.458139,31.244949,静安区,国际连锁,1,10,25,35
B0KA1ZOBKO,W Coffee SH (张园丰盛里店),茂名北路245弄1号(南京西路地铁站13号口步行80米),121.459379,31.22775,静安区,独立/精品,1,9,38,78
B0J0JHK6Q9,源舍The WaterHouse(JULU758店),巨鹿路JULU758五号楼107-109,121.451264,31.220913,静安区,独立/精品,0,6,47,48
B0JU4194KZ,Plusone咖啡(巨鹿路Landing店),鹿路794号(静安寺地铁站8号口步行360米),121.450136,31.219646,静安区,独立/精品,0,6,53,49
B0H0PUGXMR,一尺花园(静安花房店),石门一路116号中邦集团三楼(近兴业太古汇地下停车场),121.463428,31.22668,静安区,独立/精品,1,12,32,48
B0I0RPSMY3,CUBIC 3 三立方咖啡(嘉里不夜城店),天目西路218号嘉里不夜城第一座201室,121.45646,31.245568,静安区,本土连锁,2,14,31,37
B0KRCM3S84,Spot Table,陕西北路457号10号104,121.452461,31.230394,静安区,独立/精品,0,14,38,70
B0GUNXLGEF,M Stand(久光百货店),南京西路1618号久光百货2楼(正门旁露天平台),121.44634,31.223619,静安区,本土连锁,1,15,36,64
B0FFK6ACVR,瑞幸咖啡(上海静安大悦城店),西藏北路164号静安大悦城北座地下一层B112室,121.472008,31.244275,静安区,本土连锁,1,11,25,26
B0I21HOJ2P,越南中原传奇咖啡,南京西路699号1楼(南京西路地铁站5号口步行130米),121.463268,31.230506,静安区,独立/精品,1,10,37,55
B0KK5MFOJ4,HUFFY coffee&gelato,威海路844号(南京西路地铁站12号口步行400米),121.456086,31.225183,静安区,独立/精品,0,8,41,56
B0G2K9WD8P,Marmalade,南阳路134号,121.451301,31.228156,静安区,独立/精品,0,10,38,73
B0J3K5SILU,D.ORINO COFFEE,康定路833号(昌平路地铁站3号口步行380米),121.441328,31.231201,静安区,独立/精品,1,15,29,37
B0IGNCA2RB,Blue Bottle Coffee蓝瓶咖啡(静安嘉里中心店),南京西路1515号静安嘉里中心北区商场L2层N2-11,121.449912,31.223847,静安区,国际连锁,1,8,46,63
B0LRD57B60,KUDDO COFFEE(永源路店),静安寺街道永源路2弄10号(协和城2期B栋105室),121.440437,31.221182,静安区,独立/精品,0,17,20,29
B0IK6MJ311,Blue Bottle Coffee蓝瓶咖啡(张园店),茂名北路258号张园L1层W5-1A,121.459592,31.227822,静安区,国际连锁,1,10,39,76
B0H1TSH2GW,CoffeeSpot(北京西路838弄2号小区店),北京西路838弄4号(南京西路地铁站1号口步行320米),121.459302,31.232023,静安区,独立/精品,1,8,40,48
B0G3ZCS0MS,Manner Coffee(博华广场店),山海关路388号博华广场零售区K-01号(星巴克对面),121.462407,31.236448,静安区,本土连锁,1,6,13,19
B0J1R7I5SP,赤瑕Akadama Coffee & Bar,武定西路1194号(武定路地铁站2号口步行250米),121.435107,31.226425,静安区,独立/精品,1,11,10,9
B0LGUN4WGQ,Cafe Gray Deluxe(兴业太古汇店),石门一路288号兴业太古汇L3层(南京西路地铁站5号口旁),121.462818,31.230187,静安区,独立/精品,1,10,39,54
B0I06PNKPA,% Arabica阿拉比卡咖啡(苏河湾万象天地店),福建北路100号上海苏河湾万象天地F1层L104号,121.479631,31.242918,静安区,国际连锁,1,10,16,29
B0FFKHMUVL,The Oranges,富民路183号(桑格水疗会所隔壁),121.45122,31.219309,静安区,独立/精品,0,8,52,44
B0I39ZY11Q,Birdie Cup Cafe小鸟杯咖啡(静安嘉里中心店),南京西路1515号静安嘉里中心L3层,121.449166,31.224021,静安区,独立/精品,1,8,43,61
B0HK3DM0M9,Manner Coffee(上海宁波联谊大楼店),南汇路75号(御品大厦西南门对面),121.456567,31.230218,静安区,本土连锁,1,11,32,68
B0FFJK51GX,瑞幸咖啡(胶州大楼店),胶州路58号胶州大楼一层(静安寺地铁站出入口步行310米),121.445258,31.225459,静安区,本土连锁,1,10,39,67
B0FFIU6KU3,瑞幸咖啡(恒利国际大厦店),成都北路189号恒利国际大厦一层大堂,121.466632,31.227021,静安区,本土连锁,0,17,29,39
B0FFK2YFI7,GLIDER,南京西路1896号(静安寺地铁站13A出口步行320米),121.442275,31.221225,静安区,独立/精品,1,16,25,40
B0FFMHWV93,Tims咖啡(静安宝华店),常德路258号大堂(静安寺地铁站6号口步行250米),121.447952,31.225727,静安区,国际连锁,1,11,44,70
B0GKNB47O3,Peet's Coffee皮爷咖啡(恒隆广场店),南京西路1266号恒隆广场办公楼一期一楼大堂,121.453914,31.228055,静安区,国际连锁,0,10,39,72
B0K1CRNLU9,叹所Whoopso,陕西北路448号,121.453006,31.230497,静安区,独立/精品,0,9,37,73
B001573L8Z,两咖啡(静安嘉里中心南区商场店),延安中路1218号静安香格里拉大酒店1楼(近铜仁路),121.450397,31.222908,静安区,独立/精品,1,5,45,54
B0J6U7LR6I,Moofin摩芬宜(江宁路店),江宁路与淮安路交叉口东南20米,121.44838,31.238495,静安区,独立/精品,0,11,35,34
B0FFL4GQBK,瑞幸咖啡(金赢108创意园店),平型关路126号金赢108创意广场银座一层,121.466557,31.267381,静安区,本土连锁,1,11,7,6
B001574Q1K,星巴克(五月花生活广场),芷江西路488号五月花生活广场1层101,121.456386,31.256391,静安区,国际连锁,1,10,6,11
B0FFJPZ20U,星巴克臻选(静安嘉里中心1F店),南京西路1515号静安嘉里中心商场E1-03、E1-06K室,121.450056,31.224335,静安区,国际连锁,1,9,45,65
B0FFF6XCSX,星巴克(大宁店),共和新路1898号大宁国际广场5幢1层,121.452998,31.274274,静安区,国际连锁,1,7,16,21
B00155MZ1E,星巴克(800秀店),常德路800号800秀1层(近昌平路),121.442881,31.233705,静安区,国际连锁,1,14,30,32
B00155K7QJ,星巴克臻选(威海路店),"威海路433,439号(南京西路地铁站8号口步行120米)",121.463375,31.226875,静安区,国际连锁,1,13,33,50
B00155849B,星巴克上海嘉里合集店,天目西路218号嘉里合集裙房1层103室单元,121.45706,31.244638,静安区,国际连锁,1,14,27,39
B00156EMEG,星巴克(恒汇大厦店),"天目西路437,439号恒汇国际大厦1层",121.452435,31.245979,静安区,国际连锁,0,9,32,34
B0FFHG0FTN,星巴克(1788广场店),南京西路1818号1788EAT一层F1-9,121.443655,31.222824,静安区,国际连锁,1,18,27,50
B0FFKNWDZP,星巴克(静安大融城店),沪太路1111号5号楼一层星巴克,121.427516,31.279787,静安区,国际连锁,0,9,7,15
B0FFL7CZUH,星巴克臻选(华山路),华山路301号静安商楼B1F,121.446628,31.218837,静安区,国际连锁,1,15,37,41
B0HGOLVV8I,星巴克臻选(上海香港兴业中心二座店),石门一路288号兴业太古汇L1层(南京西路地铁站6号口旁),121.462855,31.228801,静安区,国际连锁,1,9,38,58
B0HKNDQ02Q,星巴克臻选(上海久光中心店),共和新路2188号上海久光中心L1层L112,121.451882,31.276854,静安区,国际连锁,1,6,16,17
B0H6HAF6V3,星巴克臻选(久光百货2F店),南京西路1618号2楼S222单元,121.446761,31.223729,静安区,国际连锁,1,16,38,63
B0FFH0HMOH,星巴克臻选(上海大宁音乐广场店),万荣路777弄2号101室,121.444007,31.27942,静安区,国际连锁,0,3,22,23
B0I3DU2F3I,星巴克臻选(慎余里非遗概念店),福建北路100号万象天地慎余里1层,121.477184,31.242945,静安区,国际连锁,1,6,24,26
B0FFHBT9YQ,星巴克(金鹰店),陕西北路278号金鹰国际购物中心1层A1-3(近南京西路),121.454658,31.228752,静安区,国际连锁,0,9,40,79
B0FFM45HIF,星巴克(上海慧芝湖店),"广中路765号,771号嘉悦会1层",121.457972,31.279887,静安区,国际连锁,0,6,0,7
B0FFH9KGBF,星巴克(协信星光广场南区店),寿阳路99弄协信星光广场南区1楼101A,121.458419,31.296047,静安区,国际连锁,0,5,2,18
B0FFFR309X,星巴克(四行天地店),西藏北路18号105单元(曲阜路地铁站2号口步行140米),121.472032,31.240908,静安区,国际连锁,2,13,25,27
B001574QXZ,星巴克(静安紫苑店),江宁路388号静安紫苑1-2层,121.453043,31.234053,静安区,国际连锁,0,10,36,40
B0FFG903IQ,星巴克(江场二路店),江场二路77-79号,121.444088,31.298255,静安区,国际连锁,0,2,10,10
B0FFIMY8YH,星巴克(越商大厦店),万航渡路333号1层01单元,121.437442,31.225579,静安区,国际连锁,1,11,9,15
B0HG7UK974,要潮人民咖啡馆(四行仓库店)(暂停营业),光复路9号(曲阜路地铁站2号口步行280米),121.471097,31.240149,静安区,独立/精品,2,13,25,32
B0FFH917PT,星巴克(上海火车站南广场VIP店)(暂停营业),秣陵路303号69幢1层R1单元(南广场售票厅旁边),121.455797,31.248481,静安区,国际连锁,1,16,26,31
B0KR15OY0Y,Book a Coffee书洞咖啡(南汇路店),南汇路38号(南京西路地铁站1号口步行240米),121.457292,31.229488,静安区,独立/精品,1,9,36,67
B0FFKPFK6F,瑞幸咖啡(协信星光广场店),江场路1228弄协信星光广场北里一层NL152,121.45866,31.298246,静安区,本土连锁,0,6,3,20
B0JRS5MEGK,Peet's Coffee皮爷咖啡(静安嘉里店),南京西路1563号静安嘉里中心北区商场服务台对面,121.457112,31.244666,静安区,国际连锁,1,14,28,39
B0H1ULYOPW,M Stand(889广场店),长寿路889号889广场F1层,121.428649,31.228975,静安区,本土连锁,0,10,11,17
B0LRRSK1U2,Whiiisk&Whimsy,陕西北路113号(南京西路地铁站12号口步行360米),121.456225,31.225625,静安区,独立/精品,0,8,37,56
B0FFHIVR72,漫岛咖啡(康德公寓店),共和新路4808号2层地铁1号线共康站4号出口对面,121.446256,31.319567,静安区,独立/精品,1,4,12,14
B0I3JX9K3A,Manner Coffee(中兴公园店),中兴路799号中兴绿地内(中兴路地铁站1号口步行140米),121.469617,31.254398,静安区,本土连锁,1,10,8,7
B001573XAE,COSTA COFFEE(上海现代设计大厦店),石门二路258号现代建筑设计大厦1层,121.460653,31.235279,静安区,国际连锁,1,7,18,24
B0KKFRBV1W,Table a Deli,常德路688号B4-1-04,121.446014,31.231832,静安区,独立/精品,1,14,23,33
B0GRGCR4LH,JAY CAFE(枕流公寓店),华山路701号,121.439957,31.215822,静安区,独立/精品,0,10,20,30
B0FFLG154D,星巴克(康定路店),康定路1018-5号,121.437094,31.230807,静安区,国际连锁,1,13,17,20
B0KBOMGQ3F,Peet's Coffee皮爷咖啡(兴业太古汇店),石门一路288号L392室,121.463862,31.227805,静安区,国际连锁,1,12,37,53
B0GKJMVW01,Manner Coffee(静安大融城店),沪太路1111号静安大融城1F层,121.427038,31.279818,静安区,本土连锁,0,9,8,15
B0KD0C0HBN,PS.Cafe(静安嘉里中心店),延安中路1218号静安嘉里中心南区B1-15号,121.450149,31.223286,静安区,独立/精品,1,6,42,59
B0FFJCF81P,月球咖啡retro,南京西路地铁站12号口步行200米,121.460423,31.225224,静安区,独立/精品,0,8,31,50
B0FFL7BVLT,瑞幸咖啡(共和国际商务广场店),共和新路3699号共和国际商务广场A栋南门一层大堂,121.450258,31.304132,静安区,本土连锁,1,4,9,3
B0FFIRRT71,大众咖啡(西新别墅店),陕西北路581号-5,121.451842,31.232405,静安区,独立/精品,0,11,43,51
B0FFLHEJ4L,NANA COFFEE(大宁店),老沪太路177-2号(新梦舞厅巷内15米),121.455349,31.268151,静安区,独立/精品,1,4,6,4
B0KDSXW0TC,瑞幸咖啡(德安大厦商务中心店),moho商场内,121.442872,31.234435,静安区,本土连锁,1,14,31,32
B0HGUKDJND,Manner Coffee(四季坊店),吴江路169号InPoint F1层,121.46073,31.229977,静安区,本土连锁,1,9,38,59
B0LU15G2QQ,水煮月亮·饺子咖啡,茂名北路108号,121.460399,31.225747,静安区,独立/精品,1,8,31,52
B0FFGM9REW,星巴克(协信星光广场北区店),江场路1288号NL151单元,121.458977,31.298245,静安区,国际连锁,0,7,2,18
B0FFKTAGOV,瑞幸咖啡(锦荣国际大酒店店),共和新路2750号锦荣商务中心一层底商,121.450975,31.283775,静安区,本土连锁,1,4,7,9
B0G064KS1X,fumi coffee(陕康里店),陕西北路808号陕康里13号楼101室Fumi Coffee,121.449262,31.235659,静安区,独立/精品,0,12,38,39
B0HB3G7CSJ,Manner Coffee(达邦协作广场店),共和路355号1层L103B,121.455447,31.244154,静安区,本土连锁,1,14,31,43
B001574W3D,CoffeeGroupies,康定路723号(昌平路地铁站3号口步行180米),121.44318,31.232075,静安区,独立/精品,1,15,31,39
B0FFGBASA6,ResMed cafe,吴江路169号四季坊(南京西路地铁站3号口旁),121.460425,31.229725,静安区,独立/精品,1,9,40,62
B0FFKSDQ6H,瑞幸咖啡(绿地静安柒彩里店),万航渡路858号柒彩里中心F1,121.42952,31.228106,静安区,本土连锁,0,12,13,18
B00156EDDI,星巴克(洲际中心店),裕通路100号,121.453475,31.244191,静安区,国际连锁,0,13,34,37
B0FFJOCOAV,星巴克(灵石路店),灵石路716号宝燕商城1楼,121.438991,31.281952,静安区,国际连锁,0,3,21,13
B0H1CZ338A,ralph's coffee(静安嘉里中心北区商场店),南京西路1515号上海嘉里中心,121.449825,31.223475,静安区,独立/精品,1,6,44,59
B0LU7SZLCX,Le Café Louis Vuitton,南京西路789号兴业太古汇N301店铺,121.46241,31.229748,静安区,独立/精品,1,8,39,57
B0LKNRQN3I,LAVAZZA拉瓦萨咖啡(上海中兴路万科店),中兴路477号,121.474958,31.256791,静安区,国际连锁,0,13,1,5
B0J27A8FS7,23号宇宙咖啡,武定路612号,121.448943,31.23277,静安区,独立/精品,0,12,37,43
B0GUPBXC8L,Animate cafe(大悦城店),西藏北路166号上海静安大悦城北座L8层,121.471794,31.244402,静安区,独立/精品,1,11,25,27
B0KADYSK1I,JAZO coffee,广中路805号1幢101,121.45619,31.279911,静安区,独立/精品,1,7,0,5
B0JBDBVZAF,Manner Coffee(上海苏河湾万象天地店),福建北路100号上海苏河湾万象天地LG2层LG291号,121.479705,31.242881,静安区,本土连锁,1,11,16,29
B0I1CHCGQJ,缶乐follow咖啡,陕西北路155号(南京西路地铁站12号口步行490米),121.455799,31.226259,静安区,独立/精品,0,9,43,62
B0I07ZLRLC,Manner Coffee(兴业太古汇店),威海路387号,121.464266,31.227068,静安区,本土连锁,0,12,36,50
B00156TK7N,星巴克(静安门大厦店),安远路553号静安门大厦1层,121.438988,31.237332,静安区,国际连锁,1,10,20,44
B0J10Z23LY,BeanStar比星咖啡(上海西康公园店),西康路255号西康公园,121.450409,31.230167,静安区,本土连锁,0,14,37,63
B0H0C913PP,M Stand(上海静安大悦城北座店),西藏北路198号N102号商铺(静安大悦城北座1层3号门旁),121.471781,31.243824,静安区,本土连锁,1,11,25,28
B0G2A9C8F1,星巴克(上海昌平路店),西康路665号1层A室(昌平路地铁站4号口步行460米),121.445598,31.235084,静安区,国际连锁,1,15,47,41
B0H2FRMSBM,Birdie Cup Coffee小鸟杯(丰盛里店),茂名北路281弄丰盛里F栋16号1层,121.458732,31.2283,静安区,独立/精品,1,9,35,80
B0KKRAQRZ3,Little Little,新丰路473号,121.442997,31.238099,静安区,独立/精品,1,12,37,52
B0H3ZAE5XT,ZEGNA Caffe(兴业太古汇店),南京西路789号兴业太古汇L128店铺,121.463371,31.229117,静安区,独立/精品,1,9,37,56
B0K69DP3BG,安Coffee(远中风华园店),昌化路36号,121.455035,31.23444,静安区,独立/精品,0,9,29,33
B0J1YAGX1L,库迪咖啡(延长中路店),延长中路354号101室(第十人民医院南门对面),121.452957,31.270382,静安区,本土连锁,1,6,12,15
B0IKLHS65X,星巴克臻选(上海静安MOHO店),江宁路699号地下一层B1-47,121.448078,31.237409,静安区,国际连锁,0,13,38,31
B0J0L4HI2W,luckin coffee 瑞幸咖啡(愚园路店),愚园路268号国际丽都公馆底商,121.443214,31.223288,静安区,本土连锁,1,17,27,50
B0I14UDC42,% Arabica阿拉比卡咖啡(锦沧文华店),南京西路1225号L1层L108号铺位,121.454272,31.226718,静安区,国际连锁,0,11,42,68
B0KKUSL14Z,且乐cheer咖啡,岭南路786号,121.455999,31.318854,静安区,独立/精品,0,11,1,4
B0FFIR25AW,瑞幸咖啡(太阳CITY店),恒丰路299号太阳CITY一层,121.456913,31.242768,静安区,本土连锁,1,10,26,39
B00156O6GO,星巴克(多媒体谷店),广中西路777弄65号102室,121.439681,31.278398,静安区,国际连锁,1,4,19,15
B0FFH0XVN9,星巴克(铭德大酒店店),西藏北路558号1层(中兴路地铁站3号口步行230米),121.469744,31.250947,静安区,国际连锁,1,8,8,11
B0L3MCLV20,ASAP·Coffee(北苏州河路店),北苏州路536号(天潼路地铁站5号口步行350米),121.481598,31.241444,静安区,独立/精品,2,12,20,32
B0FFGFYYZ0,看得到风景的咖啡馆(静安店),华山路2号静安高和大厦701室,121.444344,31.22307,静安区,独立/精品,1,19,28,52
B0L0ZKDU0G,Happiness,长乐路514号(陕西南路地铁站10号口步行490米),121.457094,31.220151,静安区,独立/精品,0,7,53,44
B0L2PAPON1,麦斯汀 桌球酒吧whisky cocktail&coffee bar,西藏北路558号,121.469787,31.250872,静安区,独立/精品,1,8,8,11
B0J1CSBAN2,富麦咖啡(四明别墅576弄店),愚园路590号(江苏路地铁站3号口步行450米),121.437686,31.22148,静安区,国际连锁,0,9,15,18
B0L34MFGEP,Yummy House Coffee&Bar(延平路店),延平路98号-3,121.441581,31.228402,静安区,独立/精品,0,14,37,35
B0J3MMDUXP,瑞幸咖啡(上海久光中心店),共和新路2188号上海久光中心负二层MB201-20室,121.450926,31.275681,静安区,本土连锁,1,6,16,19
B0G1R4YOM0,Tims咖啡(凯德星贸店),恒通路318号凯德星贸中心-商场01层20号,121.458575,31.241325,静安区,国际连锁,1,7,17,31
B0GUD7SR5B,星巴克(上海盛源生活广场店),柳营路777号盛源生活广场F1层,121.455252,31.26359,静安区,国际连锁,0,7,3,2
B0FFIGR6A5,大宁福朋喜来登大堂吧(共和新路店),共和新路1928号大宁福朋喜来登酒店1楼大堂,121.451951,31.273931,静安区,独立/精品,1,7,17,22
B0FFMC92GM,瑞幸咖啡(上海静安大融城二店),沪太路1111弄静安大融城负一层K123室,121.426596,31.280484,静安区,本土连锁,0,9,8,20
B00156G6DV,grandyard cafe and bar,西康路608号1层1-1,121.446293,31.235049,静安区,独立/精品,1,14,45,42
B0FFLJ7R14,Manner Coffee(东莱大楼店),南京西路587号(南京西路地铁站5号口步行390米),121.465894,31.230671,静安区,本土连锁,0,9,33,55
B0IUPDLTIU,Bazinga Coffee(富民路255弄小区店),富民路255弄1-7号富民路255弄小区,121.452074,31.217797,静安区,独立/精品,0,7,38,40
B0FFKS9ZD1,瑞幸咖啡(美邦大楼店),江场西路160号美邦大楼一层101-20室,121.446885,31.298746,静安区,本土连锁,0,4,11,11
B0FFKZPAU0,OTT Cafe&Cocktail,常德路988号(余姚路路口),121.441224,31.236282,静安区,独立/精品,1,13,28,32
B0HBR6445X,Manner Coffee(写字楼晶品中心店),愚园路86号(静安寺地铁站2号口步行490米),121.446178,31.225297,静安区,本土连锁,1,12,39,70
B0HKTM2UIZ,代数学家algebraist(上海中信泰富广场店),南京西路1168号中信泰富广场第5层第515单元,121.455717,31.228224,静安区,本土连锁,1,8,39,68
B0FFKS8Z0Q,瑞幸咖啡(现代交通商务园店),柳营路618号现代交通商务园北楼一层大堂,121.460192,31.264841,静安区,本土连锁,0,8,6,2
B0FFK64TWR,瑞幸咖啡(base城市社区苏河店),新疆路518号base城市社区底商,121.466911,31.242872,静安区,本土连锁,1,9,11,19
B0LU6UNSIF,1925益杯咖啡,宝山路403弄1号(与宝昌路交叉口),121.477282,31.256475,静安区,独立/精品,1,11,5,5
B0I1FCPOUO,M Stand(大宁国际店),共和新路1898号5座1层101室(共和新路沿街),121.45357,31.2737,静安区,本土连锁,1,8,17,20
B0FFJO5JVO,瑞幸咖啡(晋润海棠大厦店),江场西路307号晋润海棠大厦一层,121.442095,31.297191,静安区,本土连锁,0,4,11,10
B0FFJCZDQX,瑞幸咖啡(东方环球中心店),永和路118弄43号东方环球中心一层102室,121.446104,31.289212,静安区,本土连锁,0,4,0,5
B0KKSDHR1Y,瑞幸咖啡(大宁中心广场店),万荣路700号大宁中心广场C2栋一层114号,121.442288,31.282329,静安区,本土连锁,0,4,24,19
B0LR7OJ16Q,LAVAZZA拉瓦萨咖啡(上海丰盛中心店),威海路500号一层R1-07商铺,121.461925,31.227225,静安区,国际连锁,1,7,34,55
B0H36DYCAT,Costa Coffee(静安大润发店),共和新路3318号大润发F11002号商铺,121.447875,31.297925,静安区,国际连锁,0,3,10,10
B0K6RCI7ZF,nodi coffee(静安嘉里中心店),南京西路1551号静安嘉里中心办公楼二座大堂,121.449502,31.223707,静安区,独立/精品,1,7,46,61
B0FFLGUSHP,瑞幸咖啡(苏河1号店),恒丰路640号苏河1号一层大堂,121.451518,31.248081,静安区,本土连锁,0,8,20,24
B0IRF56T11,星巴克(上海金融街中心一期店),中兴路1509号,121.457163,31.253215,静安区,国际连锁,1,9,8,16
B0FFHIZASJ,星巴克(越洋广场1F店),南京西路1601号越洋广场1层1I室,121.447665,31.222911,静安区,国际连锁,1,12,42,63
B0FFKT21WT,瑞幸咖啡(泰府名邸店),武定路268号泰府名邸底商,121.455273,31.23523,静安区,本土连锁,0,8,23,27
B0FFI91LEI,星巴克(SOHO东海店),铜仁路299号SOHO东海广场一楼,121.448791,31.226842,静安区,国际连锁,1,10,48,71
B0J0DRSZ3H,瑞幸咖啡(临汾路店),临汾路700号底商,121.453501,31.310934,静安区,本土连锁,0,8,5,2
B0L1RHB6U8,甲板DECK Coffee&Taproom(静安寺店),武定路989弄3号中邮苑(昌平路地铁站3号口步行480米),121.443825,31.230274,静安区,独立/精品,1,14,29,33
B0FFIYLHT9,Manner Coffee(上海商城店),南京西路1376号上海商城1楼,121.452196,31.226767,静安区,本土连锁,0,11,47,74
B0JAZH7PVA,星巴克(上海中兴路1号店),中兴路456-458号,121.475301,31.257135,静安区,国际连锁,0,15,2,5
B0KAU9PZSQ,Stay coffee,康定路1013号1层,121.437693,31.230563,静安区,独立/精品,1,12,20,21
B0LDS13WF1,Birdie Cup Coffee(太古汇店),南京西路789号兴业太古汇LG2层(南京西路地铁站5号口旁),121.462175,31.229446,静安区,独立/精品,1,8,38,61
B0I1NS824P,瑞幸咖啡(新慧谷科技园店),沪太路799号上海新慧谷科技产业园一层大堂,121.443741,31.266511,静安区,本土连锁,0,9,5,10
B0IKU7B853,瑞幸咖啡(北京西路店),北京西路1748号2幢底商(静安寺地铁站1号口步行320米),121.44278,31.224954,静安区,本土连锁,1,14,34,48
B0J1VZ3PSV,库迪咖啡(泰兴路店),泰兴路325-2号(政协西侧),121.457404,31.231703,静安区,本土连锁,1,9,34,57
B0FFK8YRKN,咖啡喝伐Hefa Coffee(静安寺店),胶州路216号,121.443602,31.227771,静安区,独立/精品,0,15,50,46
B0KKSSVJ9C,0566珈琲制作所·精品手冲咖啡(芮欧百货店),南京西路越洋广场商场(芮欧百货)1601号1层1D-1室,121.447519,31.222919,静安区,独立/精品,1,12,42,64
B0L2KOGA1S,2Dollars Cafe&Bar,西康路608号(背包十年青年旅舍1F),121.446301,31.235073,静安区,独立/精品,1,14,45,42
B0JAL5ABTA,星巴克(上海永和东路店),共和新路2999弄11号1层101单元,121.455628,31.29009,静安区,国际连锁,0,5,0,5
B0KUB5RDBN,OR.SO Coffee Lab & Bar,光复西路3543号,121.375663,31.221113,普陀区,独立/精品,0,1,4,6
B0FFKQ5Y6K,Peet's Coffee皮爷咖啡(环球港大堂A座),中山北路3300号环球港1楼L1156室,121.412734,31.232459,普陀区,国际连锁,1,5,18,16
B00155H8RK,星巴克(财富时代店),长寿路137号财富时代大厦1层02室(近陕西北路口),121.442166,31.242944,普陀区,国际连锁,2,10,24,45
B0FFM62LGH,Manner Coffee(巴黎春天店),"长寿路155号巴黎春天1楼沿街铺C区(近东门,近新会路)",121.44223,31.242207,普陀区,本土连锁,2,13,27,47
B0FFL82G5Z,瑞幸咖啡(118广场店),金沙江路1685号118广场16幢一层BN1-7号,121.377989,31.231524,普陀区,本土连锁,1,3,10,19
B0I07HNM5G,Manner Coffee(苏州河文明展示馆店),光复西路2690号长风五号公共绿地保留建筑3层,121.379449,31.220675,普陀区,本土连锁,0,2,6,9
B001574YBE,小时光咖啡馆(长寿路店),长寿路652号景源时尚产业园,121.432468,31.238498,普陀区,独立/精品,1,6,17,20
B0G1BC84TD,星巴克(同济医院店),新村路399号,121.430643,31.265861,普陀区,国际连锁,1,12,3,7
B0FFFA51GX,星巴克(汇融天地店),曹杨路555号汇融天地1楼(曹杨路地铁站2号口旁),121.418336,31.236819,普陀区,国际连锁,1,4,18,21
B0H0A7T9IY,Peet's Coffee皮爷咖啡(长寿路旭辉路),长寿路333号L1层L108号、L109号-1商铺,121.438408,31.240306,普陀区,国际连锁,1,8,24,45
B0J6PBUIV3,瑞幸咖啡(巴黎春天陕西路店),长寿路155号巴黎春天陕西路店正门一层L01-F013B室,121.441594,31.242635,普陀区,本土连锁,2,11,23,44
B0KGJH0VKC,UMAH coffee(鸿寿坊店),新会路223号,121.441021,31.240603,普陀区,独立/精品,1,11,26,50
B0I1VUZ4PZ,一尺花园(桃浦中央绿地店),敦煌路450弄63号,121.372456,31.279465,普陀区,独立/精品,0,4,1,1
B0JKO9O8BY,INCHHUB,大渡河路160号保留建筑4号楼,121.396654,31.219385,普陀区,独立/精品,0,6,10,10
B0HUKY53WA,Tims咖啡(融创光新店),石泉东路286弄融创精彩天地1F层B-1F-278,121.432502,31.25474,普陀区,国际连锁,0,7,9,11
B0FFHUW400,瑞幸咖啡(月星环球港B座店),中山北路3300号环球港写字楼B座一层L1161号,121.41266,31.232523,普陀区,本土连锁,1,5,18,16
B0FFKNW7L9,星巴克(真如星光耀广场店),曹杨路1888弄2号楼第1层D02单元,121.406616,31.25747,普陀区,国际连锁,0,4,6,11
B00156F6DE,星巴克(长风大悦城店),大渡河路168弄136号长风大悦城1层101A室,121.395545,31.222698,普陀区,国际连锁,1,7,14,16
B0JAJS25L8,又山COFFEE,中山北路3329号(金沙江路地铁站5号口步行310米),121.411027,31.233173,普陀区,独立/精品,1,6,18,17
B0JB4YY9VL,Peet's Coffee皮爷咖啡(近铁广场店),真北路818号近铁城市广场北区地下二楼N-B2-04-A铺位,121.381907,31.232865,普陀区,国际连锁,1,3,9,19
B0J2GU4UPD,KUDDO COFFEE(鸿寿坊),西康路1143号鸿寿坊F1层,121.440872,31.240965,普陀区,独立/精品,1,12,25,48
B0J2VCFAPF,又山COFFEE(曹杨路店),曹杨路477号一层(曹杨路地铁站2号口步行190米),121.419391,31.236325,普陀区,独立/精品,1,6,17,22
B0FFJIW9RB,瑞幸咖啡(杰地大厦店),凯旋北路606号杰地大厦一层底商,121.418822,31.240598,普陀区,本土连锁,1,4,14,19
B0FFK6IQG1,luckin coffee 瑞幸咖啡(月星家居店),澳门路168号月星家居旁(江宁路地铁站1号口步行400米),121.445788,31.247347,普陀区,本土连锁,1,4,13,22
B0H0RRCT2H,M Stand(上海长风大悦城店),大渡河路196号长风大悦城L1层(商场外围南2门),121.394929,31.221903,普陀区,本土连锁,1,5,13,14
B0FFMEUFLC,Tims咖啡(金沙和美店),金沙江路2239弄1-42号夹层,121.366197,31.237279,普陀区,国际连锁,1,5,1,7
B0FFG8GB8X,唐朵咖啡(曹杨影城店),兰溪路125号曹杨影城3楼,121.406118,31.238665,普陀区,独立/精品,0,10,1,8
B0FFFALYZD,68度咖啡棋牌(梅川路店),梅川路1386号2楼,121.380359,31.244326,普陀区,独立/精品,0,5,3,18
B0IBULJHNM,Tims天好咖啡(LOVE大都会),曹杨路1698号A3地块1层125号,121.4067,31.254106,普陀区,国际连锁,1,4,9,18
B0GK4OR5DD,洋洋咖啡(中山北路店),中期大厦东南门西70米(镇坪路地铁站4号口步行180米),121.431491,31.24847,普陀区,独立/精品,1,3,10,10
B0FFFXQXCT,星巴克(巴黎春天店),长寿路155号巴黎春天百货F1层L110单元,121.441024,31.242595,普陀区,国际连锁,2,11,24,41
B00156GXOY,星巴克(中远两湾城店),中潭路71号(中潭路地铁站2号口步行320米),121.442632,31.252367,普陀区,国际连锁,1,4,3,13
B0FFKNWA7J,星巴克(新百安商场店),胶州路1055号1楼106-108室,121.43491,31.238994,普陀区,国际连锁,1,8,23,30
B0KR9B9XXH,星巴克臻选(月星环球港B1店),中山北路3300号月星环球港B1148-B1149,121.412757,31.23311,普陀区,国际连锁,1,4,16,15
B0FFJ7X0TV,星巴克(上海月星环球港店),中山北路3222号1层(金沙江路地铁站6号口步行480米),121.413162,31.234376,普陀区,国际连锁,1,4,14,19
B0I1VNQMPH,星巴克(梅川路店),梅川路1297号,121.379693,31.244298,普陀区,国际连锁,0,5,2,18
B001574PIJ,星巴克臻选(金沙广场店),祁连山南路619号金沙和美广场一层,121.36675,31.237258,普陀区,国际连锁,1,5,1,7
B00155QI8B,星巴克(长城大厦店),中山北路3018号长城弘基广场1层,121.415178,31.237678,普陀区,国际连锁,1,4,18,21
B0FFGCSIVU,星巴克中港汇店,"上海市普陀区长寿路828,846号",121.430348,31.235638,普陀区,国际连锁,1,6,9,19
B0J3JO430T,星巴克(鸿寿坊店),长寿路261号1层102室上海鸿寿坊店,121.439518,31.241297,普陀区,国际连锁,1,10,25,46
B0I1XRPHWN,星巴克臻选(上海高尚领域1F店),礼泉路719号1层L101号(真如地铁站1号口步行360米),121.407522,31.253872,普陀区,国际连锁,1,3,10,22
B0JG3ZVTTK,瑞幸咖啡(近铁城市广场店),真北路818号北区负二层N-B2-16-N号,121.382379,31.232878,普陀区,本土连锁,1,4,5,19
B0FFIKW2W6,星巴克(鸿运大厦店),武宁路503号1层102室(中宁路地铁站3号口步行270米),121.415373,31.244117,普陀区,国际连锁,2,2,5,9
B0HG75LQ99,瑞幸咖啡(长风VIA店),大渡河路508号海亮大厦A座,121.39364,31.222387,普陀区,本土连锁,1,6,14,16
B0HK57L6Y2,M Stand(上海大洋千树店),莫干山路600号大洋晶典商场W-L15单元(主大门),121.444475,31.248825,普陀区,本土连锁,0,4,11,21
B0FFMF4PYG,瑞幸咖啡(香溢花城店),石泉东路148号香溢花城底商,121.434802,31.25592,普陀区,本土连锁,0,6,4,8
B0J2PLC9HE,luckin coffee 瑞幸咖啡(新村路店),新村路478号(新村路地铁站1号口步行310米),121.426323,31.264863,普陀区,本土连锁,1,8,3,4
B0FFJMYIP8,星巴克(上海信泰中心店),大渡河路1428号地上一层T101铺位,121.396259,31.242792,普陀区,国际连锁,1,5,3,5
B0FFJBOK5O,瑞幸咖啡(绿洲中环中心店),金沙江路1628弄楼绿洲中环中心5号楼金逸影城一层大堂,121.379625,31.233975,普陀区,本土连锁,1,4,9,19
B0FFGSRNNO,星巴克(苏宁天御店),丹巴路99号苏宁天御国际广场B2座(云岭东路)16-1室,121.380746,31.223733,普陀区,国际连锁,0,3,5,8
B0JKSU0O41,瑞幸咖啡(桃源Π商业广场店),泸定路388号桃源π商场一层L1-39B号,121.388951,31.226298,普陀区,本土连锁,0,8,5,9
B0FFLF6CFS,瑞幸咖啡(电科大厦店),武宁路509号电科大厦一层大堂,121.413893,31.24464,普陀区,本土连锁,2,2,6,9
B0JGASFHL1,星巴克(上海真光路地铁站店),铜川路1862号1层11号商铺,121.384425,31.253425,普陀区,国际连锁,1,7,3,4
B0FFKSHAJZ,瑞幸咖啡(同普大厦店),同普路1220号同普大厦一层大堂,121.370357,31.232719,普陀区,本土连锁,0,8,6,8
B0FFK1V43X,瑞幸咖啡(长风嘉庭国际店),云岭东路391弄3号长风嘉庭国际一层大堂,121.38809,31.222293,普陀区,本土连锁,0,3,8,9
B0GKH72AJF,Tims咖啡(品尊国际中心店),岚皋路567号106室(岚皋路地铁站出入口步行220米),121.420348,31.256744,普陀区,国际连锁,1,4,3,15
B0JK1UHV4L,M Stand(上海环宇城MAX 1F店),铜川路699弄1号上海真如环宇城MAX一层L1019-2单元(近真华南路门),121.409867,31.250517,普陀区,本土连锁,1,4,9,14
B0JG4ZBISW,Peet's Coffee 皮爷咖啡(品尊国际公寓店),岚皋路583弄50号1楼(岚皋路地铁站出入口步行180米),121.420525,31.257225,普陀区,国际连锁,1,4,3,15
B0FFK64DL0,瑞幸咖啡(源达大厦店),长寿路360号源达大厦一层大堂,121.438917,31.241917,普陀区,本土连锁,1,10,24,41
B0FFFH9658,星巴克臻选(上海近铁城市广场南座店),真北路788号近铁城市广场南南区一楼S-F1-01-A,121.380418,31.231755,普陀区,国际连锁,1,4,11,19
B0H17P739F,Tims咖啡(桃浦星品荟店),古浪路406号-4121楼A126,121.385263,31.283587,普陀区,国际连锁,0,3,0,2
B0FFHDSC8C,星巴克(近铁城市广场店),真北路818号近铁城市广场北区B2(真北路地铁站1号口旁),121.38237,31.232721,普陀区,国际连锁,1,4,5,19
B0K35BAC6U,库迪咖啡(长寿旭辉里店),常德路与新会路交叉口北80米(长寿路地铁站出入口旁),121.438797,31.239968,普陀区,本土连锁,1,10,25,47
B0LDTLR712,星巴克(118广场店),金沙江路1685号-4区星巴克咖啡(金字塔建筑),121.378306,31.232304,普陀区,国际连锁,1,4,11,19
B0J3276AQ0,BWT珀德水塔咖啡,莫干山路50号上海M50创意园(西北角),121.448981,31.248617,普陀区,独立/精品,0,7,21,21
B0LBSCJSIS,luckin coffee 瑞幸咖啡(上海环宇城MAX店),南郑路与曹杨路交叉口东120米,121.40906,31.248949,普陀区,本土连锁,1,2,7,13
B0FFGDR1GX,星巴克(白丽广场店),武威路1118号121、122单元(白丽广场中心),121.350006,31.281877,普陀区,国际连锁,1,15,2,6
B0G2XGJSLF,星巴克(上海普陀绿地缤纷城店),曹杨路2033号绿地缤纷城1F层,121.404885,31.256799,普陀区,国际连锁,0,4,6,11
B0HKJBOMFX,% Arabica阿拉比卡咖啡(大洋千树店),莫干山路600号W-0103,121.445644,31.249073,普陀区,国际连锁,0,2,11,18
B0FFHPMOXC,星巴克(我格广场店),武宁路101号我格广场F1层,121.423337,31.238011,普陀区,国际连锁,0,3,11,7
B0LG6ZCU9U,Peet's Coffee皮爷咖啡(中环百联店),真光路与梅川路交叉口东北240米,121.382835,31.245492,普陀区,国际连锁,0,3,3,16
B0GD343269,瑞幸咖啡(中环百联店),真光路1288号中环百联购物中心一层B区,121.384412,31.245902,普陀区,本土连锁,0,3,3,14
B0IU1R3OH2,tuan bakery+cafe(品尊店),岚皋路583弄28号(岚皋路地铁站出入口步行200米),121.42083,31.257375,普陀区,独立/精品,1,5,3,15
B0GKJO0EJ0,ELEFANCO醒象咖啡(音乐广场店),长寿路104号(江宁路地铁站4号口步行60米),121.443305,31.244577,普陀区,独立/精品,1,11,21,35
B0FFLKHEJM,星巴克(融创香溢花城店),石泉东路286号香溢花城1层,121.43157,31.254229,普陀区,国际连锁,0,6,11,12
B0FFH349QK,星巴克(平高国际广场店),安远路108号平高国际广场1层01室,121.446281,31.241851,普陀区,国际连锁,1,11,14,27
B0G35RY3TD,星巴克臻选(上海浙铁绿城桃源派店),泸定路388号桃源π商业广场1F层,121.388413,31.227356,普陀区,国际连锁,0,7,4,10
B0FFHWEDWJ,星巴克(枣阳路店),金沙江路588号,121.401687,31.232323,普陀区,国际连锁,0,8,3,4
B0FFJ3TM7V,星巴克(真北华润万家店),铜川路1688号第一层L1026单元,121.389109,31.252337,普陀区,国际连锁,1,6,5,6
B0FFK9DQ1W,瑞幸咖啡(真如铁三角科技园店),真如镇绥德路2弄1号一层101A室,121.383005,31.263775,普陀区,本土连锁,1,4,1,1
B0GRPOO26B,星巴克(中山北路店),中山北路2143号1幢104室,121.428876,31.247011,普陀区,国际连锁,1,4,4,7
B00156GXPF,星巴克(品尊国际广场店),铜川路58弄21-22号品尊国际广场1层,121.41998,31.25609,普陀区,国际连锁,1,3,3,14
B0J0JSGYFV,sorrydog,光复西路165号pidan在河边一楼,121.432977,31.24574,普陀区,独立/精品,1,5,5,6
B001572D66,Costa Coffee(上海万里家乐福店),新村路1500号1楼,121.41062,31.267227,普陀区,国际连锁,0,7,7,14
B0FFJGFOAH,星巴克(中环百联3F店),真光路1288号百联购物广场1层A-L101,121.383779,31.245219,普陀区,国际连锁,0,3,3,15
B0FFKT94AD,瑞幸咖啡(上海红星美凯龙店),真北路1108号红星美凯龙南馆负一层,121.386675,31.238225,普陀区,本土连锁,0,4,7,7
B0JAL5AJKR,星巴克(永乐文化广场店),宜川路300号2栋1层1-05,121.437805,31.262159,普陀区,国际连锁,0,5,1,4
B0G136Y31A,Manner Coffee(星方汇店),长寿路1118号星方汇1层F106B,121.427462,31.230512,普陀区,本土连锁,1,8,12,19
B0JDZ5700B,NOWWA挪瓦咖啡(近铁广场店),真北路788号南区B2层S-B2-A(真北路地铁站4号口旁),121.381602,31.231893,普陀区,本土连锁,1,4,11,19
B0HRC5LR8K,鎏咖啡Liu·coffee(吉镇路店),吉镇路76号,121.369949,31.237814,普陀区,独立/精品,1,6,1,6
B0J6PC5VXT,nodcafe(M50创意园),莫干山路50号(M50创意园区)22号楼3楼,121.449998,31.24789,普陀区,独立/精品,0,6,24,21
B0J2GUHSOT,GentleMaker(鸿寿坊店),西康路1143号鸿寿坊F1层,121.440685,31.240785,普陀区,独立/精品,1,12,26,50
B0JAL54VKW,星巴克(西部秀苑店),梅川路147号-102室,121.401183,31.238858,普陀区,国际连锁,0,8,1,6
B0FFLQ9MEM,HANA COFFEE(长寿苑店),长寿路467号(长寿路地铁站7号口步行240米),121.436329,31.238516,普陀区,独立/精品,1,9,22,34
B00155QDWI,Costa Coffee(上海我格广场2店),武宁路99号(曹杨路地铁站9号口步行160米),121.423714,31.237717,普陀区,国际连锁,0,3,12,7
B0KRBXYAPI,Peet's Coffee 皮爷咖啡(环宇城店),铜川路699弄1号上海真如环宇城MAX L1层,121.410072,31.25071,普陀区,国际连锁,1,4,9,15
B0GKNP5CPO,Manner Coffee(上海月星环球港店),月星环球港(金沙江路地铁站6号口旁),121.411609,31.231502,普陀区,本土连锁,1,7,18,18
B0G1BK8E8X,LAVAZZA拉瓦萨咖啡(上海月星环球店),中山北路3300号环球港一层L1160,121.412829,31.23299,普陀区,国际连锁,1,4,16,15
B0FFK8ZJAG,瑞幸咖啡(上海星光耀广场店),曹杨路1888弄20号星光耀广场一层119-2室,121.406478,31.256607,普陀区,本土连锁,0,4,8,13
B0G0ACX0YW,Manner Coffee(长风大悦城店),大渡河路196号长风大悦城L1层,121.394752,31.223017,普陀区,本土连锁,1,6,14,17
B0H3JH6HFW,M Stand(上海长寿旭辉里店),长寿路333号长寿•旭辉里下沉式广场B106奥乐齐超市旁,121.438579,31.240279,普陀区,本土连锁,1,9,24,46
B0I3VMC4EG,举茗邑·茶室 LUXE TEA(洲际旗下大华长风华邑酒店),大渡河路388弄1号上海大华长风华邑酒店1楼,121.394561,31.224542,普陀区,独立/精品,1,6,14,15
B0FFIJGT5M,瑞幸咖啡(热浪荟健身清水湾店),凯旋北路1495号热浪荟健身房一层大堂,121.412568,31.229296,普陀区,本土连锁,1,5,15,13
B0KUKH5OHA,LE PARLOR,同普路260号宸嘉·嘉佰道,121.392042,31.228588,普陀区,独立/精品,1,9,6,14
B0M6DH7I5V,上海大都会海逸酒店·Cafe Metro,礼泉路689弄55号(大都会海逸酒店1楼),121.408107,31.253067,普陀区,独立/精品,1,3,11,17
B0I3V7GCJ9,瑞幸咖啡(梅川路步行街店),梅川路1321号一层A室,121.378479,31.244674,普陀区,本土连锁,0,4,2,15
B0G2K9VIYO,Manner Coffee(近铁城市广场店),"金沙江路1518号近铁广场北区,B2层(真北路地铁站1号口步行60米)",121.382193,31.232926,普陀区,本土连锁,1,3,5,19
B0H33UVXPN,瑞幸咖啡(旭辉里店),长寿路333号旭辉企业大厦负一层B110-3室,121.438614,31.240164,普陀区,本土连锁,1,9,24,47
B0FFKPHA2R,瑞幸咖啡(西部大厦店),长寿路767号西部大厦一层大堂,121.432561,31.236697,普陀区,本土连锁,1,8,13,23
B0I1OACQ0Q,DAYBREAKER COFFEE(新会苑店),安远路494号一层(长寿路地铁站5号口步行400米),121.438217,31.237306,普陀区,独立/精品,1,10,22,37
B0J1A961BK,库迪咖啡(曹杨路店),曹杨路746号沿街商铺(近枫桥路地铁站1号口步行200米),121.413862,31.240447,普陀区,本土连锁,2,7,9,19
B0HBLRCXI8,星巴克(上海沁和坊店),丹巴路382号一层的101-1、101-2单元,121.383569,31.227619,普陀区,国际连锁,0,6,4,5
B0FFJFX0BG,瑞幸咖啡(春之声大厦店),中山北路3323号一层A-1号,121.411366,31.234026,普陀区,本土连锁,1,6,15,16
B0FFM7KJWE,瑞幸咖啡(中瑞商务大厦店),中山北路2438号中瑞商务大厦一层大堂,121.42452,31.24396,普陀区,本土连锁,0,3,2,6
B0KBRLVQ2M,luckin coffee 瑞幸咖啡(金沙江小区店),金沙江路65弄1-57号金沙江小区,121.407549,31.231342,普陀区,本土连锁,0,6,9,8
B0I6B5T5JB,Manner Coffee(天安千树 大洋晶典店),莫干山路600号天安千树大洋晶典F1层,121.445537,31.248909,普陀区,本土连锁,0,3,11,18
B0J6A19VMZ,Manner Coffee(上海长寿旭辉里店),长寿路333号旭辉里B2层(长寿路地铁站出4号口左手边),121.438604,31.240149,普陀区,本土连锁,1,9,24,47
B0I2AHNDEP,星巴克(桃浦智创城店),真南路1199弄5号101-A室,121.374897,31.270048,普陀区,国际连锁,1,5,8,12
B0FFKO0KCO,星巴克(上海跨国采购中心店),云岭东路235号1层101单元,121.392394,31.22239,普陀区,国际连锁,1,6,13,16
B0L3XZ0YCJ,BeanStar比星咖啡(上海天地科技园店),真北路2653号天地科技园10幢比星咖啡,121.408646,31.250336,普陀区,本土连锁,1,5,8,15
B0FFLED00Z,瑞幸咖啡(中鑫企业广场店),武威路88弄19号中鑫企业广场一层103室,121.377625,31.278425,普陀区,本土连锁,0,3,0,3
B0KGVOG488,星巴克(长寿路店),长寿路街道常德路1229号(长寿路地铁站7号口步行150米),121.436898,31.239262,普陀区,国际连锁,1,8,20,34
B0JRFXXHJB,库迪咖啡(长风VIA店),大渡河路452号长风VIA商场地下1层1-06C号(711便利店北侧),121.394575,31.226025,普陀区,本土连锁,1,9,14,16
B0I1CCE6V2,星巴克(上海品尊国际广场B1店),铜川路26号地下一层11-3号和11-6号,121.421117,31.256027,普陀区,国际连锁,1,6,4,14
B0KA7ZWXXT,瑞幸咖啡(友力国际大厦店),江宁路与新会路交叉口北80米,121.444437,31.243578,普陀区,本土连锁,1,11,18,32
B0LBYULVV5,肯悦咖啡大渡河路店,金沙江路960号一层1-1和二层2-1号单元,121.394858,31.232095,普陀区,独立/精品,1,9,3,8
B0LK6XMEHD,华大科技园星巴克,金沙江路938号下沉式广场13地铁大渡河路1口,121.394625,31.232675,普陀区,国际连锁,1,7,5,9
B0JRYD5IXW,瑞幸咖啡(李子园商务区店),交通路4697号李子园商务区底商,121.390483,31.267693,普陀区,本土连锁,1,5,4,5
B0L1HOZEKV,星巴克(星邻·生活荟店),上海市普陀区桃浦路328号地上1层L1-08单元,121.394339,31.260211,普陀区,国际连锁,0,3,4,5
B0J3MCKEEW,库迪咖啡(上海信泰中心店),大渡河路1428号信泰中心商场B1层(全家便利店西侧扶梯下行),121.39583,31.243166,普陀区,本土连锁,1,5,3,5
B0JDXO8OTE,瑞幸咖啡(中远两湾城店),中潭路65号中潭一哩底商(中潭路地铁站2号口步行350米),121.442837,31.252106,普陀区,本土连锁,1,5,4,13
B0JBYUX2KF,瑞幸咖啡(远洋星帆广场店),长寿路1188号一层L110-1室,121.427395,31.230528,普陀区,本土连锁,1,8,12,19
B0J02GE378,瑞幸咖啡(普陀胶州路店),胶州路940号底商(长寿路地铁站6号口步行430米),121.437869,31.237247,普陀区,本土连锁,1,10,22,35
B0J6GSG8JJ,瑞幸咖啡(新曹杨商务区店),长征镇金沙江路972号一层109室,121.394775,31.232825,普陀区,本土连锁,1,7,5,9
B0HR6B7EGA,星巴克(上海家乐福万里店),万里街道新村路1500号1层11单元,121.410785,31.268112,普陀区,国际连锁,0,7,8,18
B0JDOCFGZ3,coffee date(苏河汇店),光复西路1107号苏河汇(隆德路地铁站3号口步行240米),121.422716,31.228264,普陀区,独立/精品,1,5,2,7
B0FFKT3H7L,瑞幸咖啡(天地软件园店),中江路879弄上海天地软件园23号一层,121.389699,31.233298,普陀区,本土连锁,1,4,5,10
B0JKSMYY3M,瑞幸咖啡(豪浦广场店),长寿路892号豪浦广场底商(武宁路地铁站1号口旁),121.429864,31.234315,普陀区,本土连锁,1,8,7,19
B0H0OU03AQ,瑞幸咖啡(北巷小区店),怒江北路368号北巷小区底商,121.389925,31.236275,普陀区,本土连锁,0,4,7,8
B0FFH9GSJE,星巴克(上海曹杨路地铁站店),长寿路街道曹杨路648号(曹杨路地铁站出入口步行160米),121.416717,31.238991,普陀区,国际连锁,1,4,15,18
B0L1S5PZF7,代数学家algebraist(上海旭辉里店),长寿路333号旭辉企业大厦一楼大堂,121.438872,31.240144,普陀区,本土连锁,1,10,25,46
B0J6YC6MW5,LAVAZZA拉瓦萨咖啡(上海近铁店),真北路788号近铁城市广场地下二层S-B2-01-E商铺,121.3817,31.232492,普陀区,国际连锁,1,4,11,19
B0G064LJOQ,Manner Coffee(品尊国际公寓店),岚皋路583弄66号-2(岚皋路地铁站出入口步行200米),121.420343,31.257186,普陀区,本土连锁,1,4,3,15
B0J1US5WRD,星巴克(西部乐巢·中岚居店),岚皋路125号1层上海西部乐巢中岚居店,121.425025,31.247775,普陀区,国际连锁,1,4,2,4
B0FFLF69YW,瑞幸咖啡(绿地和创大厦店),曹杨路450号绿地和创大厦负一层创食季美食广场,121.419803,31.23699,普陀区,本土连锁,1,7,18,22
B0J09HOLUW,瑞幸咖啡(白丽生活广场店),武威路1118号白丽生活广场112号底商,121.349975,31.282025,普陀区,本土连锁,1,15,2,6
B0HRHPZQ0T,Manner Coffee(主场ESP店),同普路与泸定路交叉口西160米,121.38608,31.227867,普陀区,本土连锁,0,7,4,9
B0I2PN3OE3,Costa Coffee(上海天佑医院店),真南路528号(同济大学附属天佑医院)门诊部一楼,121.389886,31.269833,普陀区,国际连锁,1,4,4,4
B0J1VC0YIN,瑞幸咖啡(上海信泰中心店),大渡河路1438号信泰中心商场B1层LG140室,121.395803,31.242971,普陀区,本土连锁,1,4,3,5
B0J1G55ZEB,库迪咖啡(银座企业中心店),陕西北路1388号银座企业中心大厦1层大堂,121.442812,31.24246,普陀区,本土连锁,2,12,27,47
B0KRN1HRVJ,Manner Coffee(上海真如环宇城MAX店),铜川路699弄1号上海真如环宇城MAX L1层,121.410417,31.250858,普陀区,本土连锁,1,4,9,14
B0K0CZDXUG,冒险鸟·CAFE&BAR(昔步统益里店),长寿路166号统益里(江宁路地铁站4号口步行130米),121.442533,31.244056,普陀区,独立/精品,1,11,21,34
B0FFF3NQVZ,星巴克(上海绿洲中环中心店),金沙江路1678号1层108室,121.378175,31.233225,普陀区,国际连锁,1,5,12,20
B0FFKSBAOU,瑞幸咖啡(平高国际广场店),安远路108号平高国际广场一层06号,121.446761,31.242139,普陀区,本土连锁,1,9,8,26
B0FFIS8CQM,瑞幸咖啡(北岸长风店),中江路112号一层102室北岸长风I栋,121.393321,31.221019,普陀区,本土连锁,0,5,13,13
B0KUF9AIB3,LAVAZZA拉瓦萨咖啡(上海品尊国际店),岚皋路583弄5660号,121.420377,31.257212,普陀区,国际连锁,1,4,3,15
B0LRBZLEF7,藏吉咖啡changecoffee,长寿路与胶州路交叉口西南60米,121.435418,31.237879,普陀区,独立/精品,1,10,22,30
B0JUVUB6Z3,LAVAZZA拉瓦萨咖啡(上海桃园π店),泸定路388号桃源π商业广场一层L1-39a(瑞幸咖啡旁边),121.389016,31.226286,普陀区,国际连锁,0,8,5,9
B0K61CRAV7,luckin coffee 瑞幸咖啡(亚新生活广场店),长寿路403号(长寿路地铁站7号口步行130米),121.436885,31.239237,普陀区,本土连锁,1,8,20,35
B0IG3A1QU5,Manner Coffee(百联中环购物广场店),真光路1258号百联中环购物广场1F层B-L147,121.383174,31.245728,普陀区,本土连锁,0,3,3,15
B0J3VR8SM3,瑞幸咖啡(汇融天地店),白玉路200-3号汇融大厦一层126室,121.418055,31.236792,普陀区,本土连锁,1,4,16,19
B0J0OXBNAK,瑞幸咖啡(北石路茂晶商厦店),北石路500弄60号(铜川路地铁站4号口步行490米),121.393965,31.24792,普陀区,本土连锁,1,5,3,5
B0JGO9X4ZC,库迪咖啡(普陀星光耀广场店)(暂停营业),曹杨路1888号星光耀广场1号楼1层大堂,121.405843,31.25738,普陀区,本土连锁,0,4,7,11
B0KGLKKP9V,luckin coffee 瑞幸咖啡(凯旋北路店),凯旋北路与镇坪路辅路交叉口西南160米,121.429797,31.246711,普陀区,本土连锁,1,4,4,8
B0I0C7I0DX,M Stand(近铁城市广场店),真北路858号近铁城市广场北区B2-02C商铺,121.38189,31.232705,普陀区,本土连锁,1,4,9,19
B0LDRRI8GG,M Stand(鸿寿坊店),西康路1143号1层101室(鸿寿坊东塔写字楼大堂),121.440372,31.24137,普陀区,本土连锁,1,12,25,49
B0J3DCH12S,瑞幸咖啡(清峪路店),清峪路590号底商,121.366821,31.24217,普陀区,本土连锁,0,3,0,1
B0K045L489,星巴克(红星美凯龙全球家居1号店店),真北路1108号/1208号红星美凯龙上海全球家居1号店,121.384594,31.238041,普陀区,国际连锁,0,3,6,4
B0H1LCG746,瑞幸咖啡(浦发广场店),中山北路1737号浦发广场一层A104-B室,121.434105,31.251906,普陀区,本土连锁,0,5,8,13
B0I1UUZQPZ,瑞幸咖啡(新邻天地店),白丽路253号新邻天地广场一层305号,121.348239,31.280872,普陀区,本土连锁,1,9,2,6
B0JD3S8XRJ,瑞幸咖啡(泸定路店),泸定路852号底商,121.389623,31.234745,普陀区,本土连锁,0,5,5,10
B0J107G4QK,星巴克(上海大华虎城商务园店),大华路50号上海大华虎城商务园店,121.415425,31.266986,普陀区,国际连锁,0,7,5,16
B0J3VMYA86,瑞幸咖啡(788广场店)(装修中),金沙江路788号和胤788广场底商,121.398759,31.232163,普陀区,本土连锁,1,8,4,8
B0H0MCLGLR,M Stand(中环百联店),真光路1258号百联中环购物广场1F层A-L103,121.383282,31.245534,普陀区,本土连锁,0,3,3,15
B0JG1SD049,瑞幸咖啡(上海康建商务广场店),真南路1228号上海康建商务广场底商,121.375262,31.272179,普陀区,本土连锁,1,4,9,11
B0KALNHVS1,luckin coffee 瑞幸咖啡(大洋晶典·天安千树店),莫干山路600号大洋晶典·天安千树1期B1层,121.445129,31.249051,普陀区,本土连锁,0,3,11,21
B0LBUS48ER,b3coffee必三咖啡(鸿寿坊户外快闪店),长寿路261号鸿寿坊1层104号,121.439594,31.241198,普陀区,独立/精品,1,10,25,46
B0H3ZOHGS9,瑞幸咖啡(上海旭辉世纪广场店),丹巴路28弄36号旭辉世纪广场一层106室,121.381375,31.221875,普陀区,本土连锁,0,4,6,8
B0J0VSLOYQ,瑞幸咖啡(石泉路店),石泉路101号,121.427941,31.251514,普陀区,本土连锁,0,10,7,7
B0KB15BBHI,luckin coffee 瑞幸咖啡(金汤路店),金汤路1700号(真光路地铁站2号口步行290米),121.385007,31.250737,普陀区,本土连锁,1,8,3,5
B0KRTZTTNF,没功夫NoKungFu Cafe Bar(暂停营业),宜昌路576号,121.431675,31.243375,普陀区,独立/精品,1,4,6,5
B0K2L1LACQ,星巴克(自如友寓店),兰溪路201号自如友寓(兰溪路店),121.402085,31.245193,普陀区,国际连锁,0,6,3,4
B0IG1AF8KM,Manner Coffee(中山北路店),中山北路与光新路交叉口西60米,121.432075,31.250475,普陀区,本土连锁,0,7,13,12
B0L6UCZLEL,瑞幸咖啡(品尊国际广场店),岚皋路555号品尊国际中心A座一层101室,121.421156,31.256326,普陀区,本土连锁,1,7,4,14
B00156PG27,Costa Coffee(上海巴黎春天普陀店)(装修中),长寿路155号巴黎春天(陕西路店)1F层,121.442356,31.242037,普陀区,国际连锁,2,13,27,46
B0KBDS8YCM,luckin coffee 瑞幸咖啡(甘泉集市店),新黄小区黄陵路148弄,121.428509,31.262399,普陀区,本土连锁,0,6,3,5
B0LD7C3VEA,luckin coffee 瑞幸咖啡(上海长城大厦全季酒店店),凯旋北路与瞿家廊路交叉口西80米,121.415291,31.23804,普陀区,本土连锁,1,4,17,22
B0GD3Y2N8F,瑞幸咖啡(赢华国际广场店),光复西路2899弄赢华国际广场8号楼一层,121.384264,31.221455,普陀区,本土连锁,0,4,8,9
B0FFKTAGH0,瑞幸咖啡(新长征中环大厦店)(装修中),真光路1219号新长征中环大厦一层大堂,121.380593,31.243347,普陀区,本土连锁,0,4,4,19
B0L3ZS06R4,Moraffe Coffee,新会路288弄沿街,121.440021,31.24029,普陀区,独立/精品,1,10,26,48
B0K1HDOHMB,luckin coffee 瑞幸咖啡(宜乐荟店),宜川路299号-311号宜乐汇,121.437896,31.262594,普陀区,本土连锁,0,5,1,3
B0JG1DFXE9,Manner Coffee(桃浦智创广场店),桃浦湾TOP ONE(祁连山路地铁站3号口步行140米),121.375387,31.271057,普陀区,本土连锁,1,4,8,11
B0LG5SNA66,luckin coffee 瑞幸咖啡(武威东路店),金华苑北区东南门东80米,121.406094,31.276456,普陀区,本土连锁,0,4,1,3
B0K01DDID3,CUBIC3三立方咖啡(大都会店),礼泉路128弄领寓高·尚领域南区,121.408175,31.252325,普陀区,本土连锁,1,5,11,15
B0LG5Y25DG,Mr.BondCoffee邦德咖啡(189弄购物中心店),长寿路189号1幢1层L103A,121.440368,31.242129,普陀区,独立/精品,2,12,27,43
B0KR3SXUCZ,CUBIC3三立方咖啡(近铁广场店),真北路818号近铁城市广场B2层(真北路地铁站2号口旁),121.380975,31.231925,普陀区,本土连锁,1,4,11,19
B0K3YDF98L,luckin coffee 瑞幸咖啡(自如友寓店),兰溪路201号自如友寓(兰溪路店),121.402052,31.245338,普陀区,本土连锁,0,6,4,4
B0LB4DDYPV,瑞幸咖啡(曹杨路店),曹杨路271号底商,121.421274,31.233463,普陀区,本土连锁,1,4,11,11
B0KG2CXX2C,luckin coffee 瑞幸咖啡(沪太路店),沪太路与华阴路交叉口西北80米,121.446745,31.261861,普陀区,本土连锁,0,6,1,5
B0KKGA4MBP,1/2 STAGE COFFEE,长寿路166号统益里2号楼303(观光电梯上3楼露台),121.442157,31.244247,普陀区,独立/精品,1,11,23,34
B0J0BCMKS3,库迪咖啡(智创TOP产业城A区店),桃浦镇真南路1199弄19号智创TOPA区T6B1层(超级奶爸东侧),121.376289,31.271012,普陀区,本土连锁,1,4,8,11
B0JR9RKQWG,Manner Coffee(新邻天地店),武威路1285号新邻天地1L层,121.348113,31.281199,普陀区,本土连锁,1,10,2,6
B0KUGZQT0E,纸船咖啡paper boats,梅岭北路47号(枫桥路地铁站3号口步行470米),121.409755,31.239445,普陀区,独立/精品,1,9,2,9
B0I3V9FK5S,Manner Coffee(凯旋北路店),凯旋北路与曹杨路交叉口北40米,121.416706,31.238958,普陀区,本土连锁,1,4,15,18
B0HKK7NEB4,荣·咖啡·棋牌·日式麻将(梅川路缤纷生活体验街店),梅川路1378号,121.380725,31.244175,普陀区,独立/精品,0,3,3,19
B0I2H75MTH,Manner Coffee(上海复悦荟店),曹杨路1888号上海复悦荟F1层,121.406798,31.256921,普陀区,本土连锁,0,4,7,12
B0I1GRZ3S5,上海明捷万丽酒店·BLD咖啡厅,铜川路50号上海明捷万丽酒店1楼,121.42076,31.255821,普陀区,独立/精品,1,5,4,14
B0K1OO2O51,LU CAFE日咖夜酒,中远两湾城西区149号1楼背面,121.437178,31.251718,普陀区,独立/精品,1,2,6,9
B0JK4AOXNP,瑞幸咖啡(IMAGO我格广场店),武宁路101号我格广场负一层C11室,121.423236,31.237929,普陀区,本土连锁,0,3,14,9
B0L1D5TKBB,Pull-Tab拉环咖啡(上海市普陀区星邻生活荟店),"真如镇街道桃浦路360号(星河世纪城内,近真北路)",121.394339,31.260211,普陀区,本土连锁,0,3,4,5
B0L2MSZ7X1,瑞幸咖啡(绥德路店),桃浦路与靖边路交叉口东北300米,121.370475,31.265675,普陀区,本土连锁,0,3,0,2
B0J1VC6J1U,瑞幸咖啡(智创TOP A区店),普陀区古浪路409号,121.385746,31.283102,普陀区,本土连锁,0,3,0,2
B0LGBCXQGC,RUU咖啡(HRO开奕店),万里街道交通路2779号9幢一层大堂,121.419925,31.260825,普陀区,独立/精品,1,5,2,10
B0H2PUQ42X,KB COFFEE(云岭东路店),云岭东路599弄汇银铭尊一号楼1层,121.382787,31.223604,普陀区,独立/精品,0,4,9,10
B0JA9UJBS4,Manner Coffee(金沙·和美广场店),金沙江路2239弄1号金沙·和美广场1F层,121.366576,31.237253,普陀区,本土连锁,1,4,1,7
B0K6YZ3Z4B,银流咖啡&贝果(新村路店),新村路668号2楼(新村地铁站1号口步行290米),121.420102,31.264989,普陀区,本土连锁,1,5,1,5
B00155K8WB,古树咖啡(万里店),新村路1531-1533号万里美食休闲广场,121.412975,31.268025,普陀区,独立/精品,0,8,7,17
B0L19ZG8AG,库迪咖啡(甘泉集市店),甘泉路与志丹路辅路交叉口西120米,121.429898,31.262005,普陀区,本土连锁,0,7,3,5
B0IBOZKSML,享Share Cafe(创享塔店),叶家宅路100号9幢101室,121.430754,31.237915,普陀区,独立/精品,1,4,8,20
B0L11CL7UO,HIMA咖啡,莫干山路87号,121.447609,31.248303,普陀区,独立/精品,0,4,18,22
B0I23CZHBA,Tims咖啡(龙裕财富中心捷枫店),丹巴路98弄7号101A室,121.381985,31.222909,普陀区,国际连锁,0,3,6,8
B0LDMS6PPG,Manner Coffee(中亚商务中心店),大渡河路2109中亚商务中心F1层,121.397025,31.259875,普陀区,本土连锁,0,3,4,4
B0L1T747JC,Caffe Della Sella,吉镇路92号(祁连山南路地铁站1号口步行280米),121.370094,31.238036,普陀区,独立/精品,1,6,1,6
B0J0KZZEDK,Manner Coffee(国客滨江店),国客中心码头海事塔区域,121.496263,31.245597,虹口区,本土连锁,0,8,26,23
B0FFFV2MBX,星巴克(四平路店),"四平路188号113,116室",121.491102,31.262443,虹口区,国际连锁,1,7,15,8
B0FFGCXQ87,星巴克(1933老场坊店),沙泾路10号1933老场坊1层,121.491888,31.2547,虹口区,国际连锁,0,7,9,15
B0FFG75L43,星巴克(东宝兴路店),东宝兴路777号宏慧新里1层1017F01002单元,121.475031,31.262979,虹口区,国际连锁,0,11,0,9
B0G0C1XYM3,Manner Coffee(上海星荟中心店),上海星荟中心,121.486747,31.246495,虹口区,本土连锁,0,12,36,38
B0JK7SOHS4,瑞幸咖啡(白玉兰广场店),东长治路588号上海白玉兰广场购物中心LG2层,121.498194,31.248742,虹口区,本土连锁,1,8,19,24
B0J6CZN7CB,Kaveh Kanes凯恩花园(虹口足球场店),东江湾路444号虹口足球场湖畔小白楼玻璃房(靠近游乐场),121.481266,31.269408,虹口区,独立/精品,1,8,16,22
B0HRCNK8E6,Manner Coffee(北外滩来福士广场店),东大名路999号北外滩来福士广场B2层26A号,121.507406,31.252512,虹口区,本土连锁,1,13,23,21
B0L6CSCVFB,一尺花园(颍川寄庐店),四川北路989弄8号楼,121.484174,31.25064,虹口区,独立/精品,1,12,33,30
B0HR0UW8F6,汭flower coffee bar(瑞泰里店),北苏州路234号(天潼路地铁站3口步行380米),121.485916,31.244582,虹口区,独立/精品,1,12,39,33
B0LGBLWCGW,润舍COFFEE&BAR(中美信托金融大厦店),天潼路229号中美信托金融大厦,121.488051,31.244816,虹口区,独立/精品,0,12,44,32
B0J29C695P,One Step Coffee一尺之间(和平公园店),大连路与控江路交叉口和平公园三号出入口旁(近和平公园停车场),121.506072,31.270511,虹口区,独立/精品,1,5,7,14
B0FFGZTK15,星巴克(利通广场店),四川北路1350利通广场一层110-112室,121.485182,31.253017,虹口区,国际连锁,1,11,29,35
B0FFI0LMKN,W CAFE,甜爱路137号(虹口足球场地铁站6号口步行430米),121.484115,31.268014,虹口区,独立/精品,1,6,14,18
B0J3ZSXGRJ,客入咖啡棋牌(曲阳店),曲阳路888号4F,121.491207,31.289829,虹口区,独立/精品,0,11,20,14
B0HACZV5AL,看得到风景的咖啡馆(上海白玉兰广场店),东大名路501号上海白玉兰广场购物中心,121.498106,31.248942,虹口区,独立/精品,1,8,18,24
B00156EEY1,星巴克(甜爱路店),四川北路2258号(鲁迅公园对面),121.482804,31.268041,虹口区,国际连锁,1,7,14,19
B0FFGIT362,星巴克(甘河路店),甘河路181-185号,121.487626,31.28908,虹口区,国际连锁,1,12,18,13
B0015709UL,SmellyCat老友记主题咖啡馆,哈尔滨路160号1913老洋行A105号(近1933创意园),121.490001,31.255523,虹口区,独立/精品,1,6,13,21
B0FFK63CTD,Manner Coffee(上海白玉兰广场购物中心店),东长治路588号白玉兰广场L1楼L1-21商铺,121.498083,31.249384,虹口区,本土连锁,1,8,18,24
B0FFGUWN34,白马咖啡馆,长阳路67号犹太难民纪念馆对面,121.508791,31.254759,虹口区,独立/精品,1,16,18,20
B0J09YOKO6,Manner Coffee(上海和平公园店),天宝路891号上海和平公园(西南角),121.501431,31.269469,虹口区,本土连锁,0,5,6,11
B0H6RS7U9Z,星巴克臻选(上海艾尚天地店),四川北路1668号,121.482653,31.257497,虹口区,国际连锁,1,8,13,16
B0H391UAKQ,Geographer地理学家咖啡(瑞虹天地月亮湾店),瑞虹路188号月亮湾2楼,121.498825,31.264775,虹口区,独立/精品,1,6,11,23
B0LA97VMV7,POPELINE Patisserie & Cafe,邢家桥南路145号,121.484024,31.255955,虹口区,独立/精品,1,7,18,30
B0FFG7M3NA,上岛咖啡(四平路店),四平路200号盛泰国际大厦2层,121.491404,31.262786,虹口区,本土连锁,1,7,15,8
B0H17668DZ,Tims咖啡(虹口宝华商业广场),四川北路与溧阳路交叉口东北60米宝华商业广场(四川北路商业街店)L1层,121.484186,31.263989,虹口区,国际连锁,1,6,18,16
B0I6POA6F8,M Stand(凯德虹口商业中心B座店),西江湾路388号凯德龙之梦B座1楼01-铺(商场北1门),121.477695,31.271352,虹口区,本土连锁,1,8,19,24
B0FFMHR7A5,Tims天好咖啡(北外滩来福士店),东大名路1089号上海北外滩来福士东塔一层,121.507275,31.252625,虹口区,国际连锁,1,13,23,21
B0LAOXSXUQ,Grid Coffee(上海瑞虹太阳宫店),上海城区瑞虹路181号105-Z室,121.500647,31.261968,虹口区,独立/精品,2,8,15,27
B0IKMZHGS7,一张桌子咖啡(新虹口市政商务楼店),四平路421弄-19号,121.492707,31.26783,虹口区,独立/精品,1,7,12,8
B0HB3HAPTI,LAVAZZA拉瓦萨咖啡(上海月亮湾店),瑞虹路188号1层126室,121.498823,31.264532,虹口区,国际连锁,1,7,11,22
B0KKSD08I5,瑞幸咖啡(壹丰广场店),四川北路1363号壹丰广场一层B06室,121.483908,31.252716,虹口区,本土连锁,1,11,26,29
B0L0DZMH1W,Pull-Tab拉环咖啡(上海市虹口区白玉兰店),东长治路588号上海白玉兰广场购物中心LG1层,121.498359,31.249588,虹口区,本土连锁,1,8,18,25
B0FFJV5LUR,上海苏宁宝丽嘉酒店·大堂酒廊,北苏州路188号上海苏宁宝丽嘉酒店1楼大堂,121.487308,31.245043,虹口区,独立/精品,1,12,42,35
B0FFFS00MF,星巴克(瑞虹天地店),天宝路280弄瑞虹天地星星堂L1层L1-17、L1-20,121.497355,31.264109,虹口区,国际连锁,1,7,10,22
B0FFHKMYMO,星巴克(瑞虹天地月亮湾店),瑞虹路188号月亮湾1层115单元,121.499092,31.264013,虹口区,国际连锁,1,7,10,22
B0FFKNWDZU,星巴克(耀江广场店),吴淞路258号耀江国际广场1层102室(吴淞路汉阳路交叉口),121.490143,31.24874,虹口区,国际连锁,0,14,36,25
B0H39DSM2J,星巴克臻选(上海瑞虹天地太阳宫店),瑞虹路181号瑞虹新天地太阳宫L6层,121.500262,31.262991,虹口区,国际连锁,1,9,15,27
B0HK7OLZXV,星巴克臻选上海今潮8弄店,上海市虹口区四川北路街道海宁路,121.483955,31.251149,虹口区,国际连锁,1,12,33,29
B0FFI72OOB,星巴克(曲阳路店),曲阳路379-383号(曲阳路地铁站4号口步行400米),121.491212,31.272887,虹口区,国际连锁,1,5,0,4
B00155H8ST,星巴克(上海瑞虹新天地瑞虹坊店),临平路133号瑞虹坊L1层SL1-10、SL1-11,121.499769,31.260527,虹口区,国际连锁,2,8,14,29
B0GRXZ7KR6,星巴克(上海星荟中心店),天潼路328号L108(天潼路地铁站3号口步行460米),121.486584,31.245915,虹口区,国际连锁,1,13,37,36
B0FFF5UR85,星巴克(上海滩国际大厦店),黄浦路99号上海滩国际大厦1层111室,121.491967,31.245123,虹口区,国际连锁,0,7,26,19
B0FFFEG6HQ,星巴克(大柏树店),汶水东路351号1876老站创意园1幢101-102室,121.482173,31.290748,虹口区,国际连锁,1,7,0,8
B0HUKN6HGZ,星巴克臻选(上海北外滩来福士店),东大名路999号一层01-11B室,121.507293,31.252077,虹口区,国际连锁,1,13,23,21
B0FFKZZVWP,星巴克臻选(白玉兰广场1F店),东长治路588号白玉兰广场1楼,121.497607,31.24888,虹口区,国际连锁,1,9,19,24
B0FFG0Z992,星巴克(虹口运动loft店),同心路723号11幢102室,121.473415,31.271302,虹口区,国际连锁,0,7,14,23
B0J2KA3WZ9,X-VergeBar,多伦路52号,121.482525,31.262175,虹口区,独立/精品,2,6,19,15
B0J6M7OQEX,瑞幸咖啡(兴旺国际服饰城店),河南北路99号上海兴旺国际服饰城一层M78室,121.482341,31.245215,虹口区,本土连锁,1,10,25,38
B0FFKFCQRV,星巴克(虹口龙之梦办公楼店),西江湾路388号凯德龙之梦a座1楼,121.478257,31.271103,虹口区,国际连锁,2,8,20,21
B0I1CON70Z,瑞幸咖啡(甘河路店),甘河路207号底商,121.487182,31.289511,虹口区,本土连锁,1,10,19,14
B0H2LY4H3Y,涟Lain's Cafe&Bar,中山北一路880号,121.486305,31.287081,虹口区,独立/精品,1,10,12,9
B0HAZZ66SQ,星巴克(上海天潼路全季店),天潼路567号(天潼路地铁站3号口旁),121.482775,31.243691,虹口区,国际连锁,1,13,22,40
B0GK6KOZL6,Manner Coffee(凯德龙之梦A座店),花园路32号,121.478433,31.27027,虹口区,本土连锁,1,8,19,24
B0FFL2Y0O8,星巴克臻选(上海上滨生活广场店),周家嘴路917号106-107室,121.504022,31.260451,虹口区,国际连锁,2,10,8,21
B0H3JZZCGU,Manner Coffee(海泰时代大厦店),武进路289号海泰时代大厦F1层109室,121.485308,31.251799,虹口区,本土连锁,1,11,33,33
B0FFM5M5YE,星巴克(上海大连西路店),大连西路556号,121.482315,31.275247,虹口区,国际连锁,1,6,2,11
B0LALCPDWC,HIKARI横竖咖啡,TIANAIPLAZA(虹口足球场地铁站6号口步行390米),121.483802,31.268316,虹口区,独立/精品,1,6,11,18
B0FFKVYYSI,瑞幸咖啡(虹口SOHO店),乍浦路512号虹口SOHO底商,121.48597,31.253019,虹口区,本土连锁,1,9,28,37
B0FFKSG7DY,星巴克(柏树大厦店),中山北一路1230号A102-1室,121.488483,31.291024,虹口区,国际连锁,0,11,17,16
B0H0CL0VG6,Manner Coffee(瑞虹天地太阳宫店),瑞虹路181号瑞虹新天地太阳宫L4层,121.49994,31.263121,虹口区,本土连锁,1,8,15,26
B0FFF00H9A,星巴克(国际港务大厦店),东大名路358号国际港务大厦(1层进门左侧),121.495792,31.246443,虹口区,国际连锁,1,8,28,26
B0FFK6FNIE,瑞幸咖啡(花园坊产业园店),中山北一路121号花园坊产业园A2栋一层1024室,121.475634,31.271655,虹口区,本土连锁,1,8,16,27
B0KKSDPEHF,瑞幸咖啡(图书馆大厦店),水电路1376号凉城商办中心一层2室,121.476121,31.295676,虹口区,本土连锁,1,8,0,3
B0FFK9GVMH,瑞幸咖啡(金融街海伦中心店),四平路96号金融海伦中心E楼底商(海伦路地铁站4号口旁),121.489886,31.259126,虹口区,本土连锁,1,3,10,19
B0FFIU6LTN,瑞幸咖啡(大世界城店),四平路228号上海大世界城一层107-108号,121.491335,31.264406,虹口区,本土连锁,0,6,16,8
B0JK7SGO70,瑞幸咖啡(凯德虹口龙之梦店),西江湾路388号负二层01B号(虹口足球场地铁站出入口旁),121.478545,31.270537,虹口区,本土连锁,1,8,18,22
B0HD2HD4DJ,M Stand(上海白玉兰广场购物中心店),东长治路588号上海白玉兰广场购物中心L1层L1-22商铺(靠近写字楼侧门),121.497974,31.249322,虹口区,本土连锁,1,7,18,24
B0LB7NZOEB,星巴克咖啡(白玉兰广场LG1店),东长治路588号上海白玉兰广场购物中心LG1层,121.498093,31.249553,虹口区,国际连锁,1,8,18,25
B0KKSS3WRJ,瑞幸咖啡(北外滩来福士城市集市店),东大名路999号北外滩来福士广场B2(提篮桥地铁站2号口旁),121.506516,31.252942,虹口区,本土连锁,1,11,22,20
B0I2DL1QI8,香江铭苑·cafe,新港路225号1层,121.498902,31.269611,虹口区,独立/精品,1,6,6,10
B0H33DUJM6,星巴克(上海泽元广场店),上海市场中路685弄128号103室,121.471786,31.310336,虹口区,国际连锁,1,5,2,7
B0GD3M27WZ,瑞幸咖啡(吉买盛江湾店),逸仙路580号吉买盛商场一层(江湾镇地铁站5号口旁),121.484678,31.304812,虹口区,本土连锁,1,9,2,7
B0FFJFTZMW,星巴克(虹口龙之梦办公楼店),西江湾路388号01层56号(虹口足球场地铁站出入口旁),121.478786,31.270384,虹口区,国际连锁,1,8,17,20
B0HUKP6QOM,星巴克(上海百联曲阳购物中心店),曲阳路800号百联曲阳购物中心L1层L1-101,121.491223,31.286284,虹口区,国际连锁,0,13,9,11
B0IKU7BMXU,瑞幸咖啡(瑞虹坊店),临平路1号一层106室(临平路地铁站3号口步行60米),121.500112,31.260607,虹口区,本土连锁,2,7,14,27
B0FFL9CH8Z,Peet's Coffee皮爷咖啡(凯德虹口店),西江湾路388号凯德龙之梦A座01层19号(特斯拉对面),121.478007,31.270514,虹口区,国际连锁,1,8,20,26
B0FFK9LUHG,瑞幸咖啡(甜爱坊店),甜爱支路24号-50号甜爱坊一层103甲室,121.483748,31.268296,虹口区,本土连锁,1,6,10,18
B0FFFFMM7C,星巴克(公平路店),公平路18号金茂时尚生活中心B1层,121.507858,31.250395,虹口区,国际连锁,1,9,23,21
B0FFH1523N,星巴克(株洲路店),株洲路329号1-2层,121.46567,31.27797,虹口区,国际连锁,1,4,1,8
B0IUU5ZL26,Tims咖啡(壹丰广场店),四川北路1363号L1-B03号,121.484019,31.252446,虹口区,国际连锁,1,10,27,29
B0FFLDVX26,Tims咖啡(曲阳百联店),曲阳路800号百联曲阳购物中心L1层L1-130,121.491214,31.286467,虹口区,国际连锁,0,13,9,11
B0J3V51X2A,瑞幸咖啡(明珠创意园店),广纪路615号火车头广场绿车厢一层113号,121.483328,31.291916,虹口区,本土连锁,1,8,11,9
B0L1JY80Q3,星巴克臻选(上海艾尚天地店),四川北路1661号凯鸿广场一楼,121.482755,31.257367,虹口区,国际连锁,1,8,12,17
B0FFIJLBHR,星巴克(海泰时代店),武进路289号一层108室,121.485434,31.251776,虹口区,国际连锁,1,11,33,33
B0FFIL2CWT,星巴克臻选(海伦中心店),海伦路440号1夹层01和2层202单元,121.489109,31.258756,虹口区,国际连锁,1,3,9,19
B0J6A76JUB,石藤咖啡(内山店),四川北路山阴路囗,121.483556,31.264808,虹口区,独立/精品,1,8,13,16
B0KAZLI956,BREW ISLAND 煮屿,溧阳路739号(海伦路地铁站3号口步行400米),121.488778,31.254981,虹口区,独立/精品,1,7,21,30
B0FFKCZUB1,瑞幸咖啡(海泰时代大厦店),武进路289号海泰时代大厦一层107室第五空间内,121.485282,31.251813,虹口区,本土连锁,1,11,33,33
B0HKMC7WQK,Peet's Coffee皮爷咖啡(瑞虹太阳宫店),瑞虹店181号瑞虹天地太阳宫地下一层LG-10(麦当劳对面),121.501236,31.26196,虹口区,国际连锁,2,9,14,27
B0FFK4R993,瑞幸咖啡(建邦大厦店),虹关路368号上海艾格瑞服务式公寓一层102-1室,121.4961,31.266506,虹口区,本土连锁,1,8,10,15
B0G39ZLMQY,FRANK'S STORE(北外滩音乐谷店),哈尔滨路229号(海伦路地铁站2号口步行340米),121.490321,31.256264,虹口区,独立/精品,1,4,11,18
B0KK0KAB8J,瑞幸咖啡(绿地创客店),东江湾路167号绿地创客底商,121.479758,31.266896,虹口区,本土连锁,1,8,14,24
B001574SD5,Costa Coffee(上海盛邦国际大厦店),四川北路1318号盛邦国际大厦1层,121.484832,31.251766,虹口区,国际连锁,1,13,32,31
B0H3RNG5A5,% Arabica阿拉比卡咖啡(太阳宫店),瑞虹路181号瑞虹新天地太阳宫L6层,121.50074,31.262962,虹口区,国际连锁,1,9,15,27
B0LKHCQUS6,M Stand(北外滩滨江绿地店),东大名路516号(国际客运中心地铁站3号口步行470米),121.498913,31.246913,虹口区,本土连锁,1,6,19,24
B0H1MRZCA5,Peet's Coffee皮爷咖啡(北外滩来福士店)(暂停营业),东大名路999号地上1层05/06号(北外滩来福士广场1楼),121.507447,31.252428,虹口区,国际连锁,1,13,23,21
B0HUHCLUD6,M Stand(北外滩来福士店)(装修中),东大名路999号北外滩来福士广场01层19,121.50591,31.252869,虹口区,本土连锁,1,11,21,20
B0H1JYNJQ0,Costa Coffee(万泰国际广场),水电路810弄一号5楼-广灵二路入口万泰广场,121.475559,31.283694,虹口区,国际连锁,1,5,3,3
B0KU21VLWA,ChowChowCoffee松狮咖啡(哈尔滨路店),哈尔滨路153号(海伦路地铁站2号口步行470米),121.489637,31.255333,虹口区,独立/精品,1,6,13,23
B0G30BF7FF,Manner Coffee(瑞虹新天地星星堂店),天宝路280弄3号瑞虹坊星星堂L1-21a室(星巴克旁),121.497224,31.264232,虹口区,本土连锁,1,6,10,22
B0HKDDW2I5,naomao cafe(今潮8弄店),四川北路989弄35号(今潮8弄10号楼),121.483812,31.250435,虹口区,独立/精品,1,12,34,31
B0HKR7OUG4,M Stand(今潮8弄店),四川北路989弄今潮8弄5号楼114-115(四川北路地铁3号口左手边),121.483738,31.251061,虹口区,本土连锁,1,12,33,29
B0G0DLCFMO,Manner Coffee(瑞虹坊店),临平路133号瑞虹坊L1层L1-31a,121.499412,31.260941,虹口区,本土连锁,2,8,16,28
B0FFL5GBVF,瑞幸咖啡(曲阳百联店),曲阳路800号百联曲阳购物中心二层商场中庭,121.491847,31.286391,虹口区,本土连锁,0,12,9,9
B0FFMHK5YW,瑞幸咖啡(高宝大厦店),四川北路1666号高宝大厦一层大堂,121.483764,31.257345,虹口区,本土连锁,1,5,13,17
B0I6BXOT58,luckin coffee 瑞幸咖啡(上海外滩郁锦香新亚酒店店),四川北路与天潼路交叉口西北20米,121.485441,31.24531,虹口区,本土连锁,1,11,34,33
B0JA3CTBOU,库迪咖啡(星荟中心店),天潼路328号星荟中心LG116-117(地下美食广场内),121.486589,31.245939,虹口区,本土连锁,1,13,36,37
B0JULCM6C2,星巴克(平溪商业广场店),仁德路333号平溪商业广场F1层,121.484266,31.303202,虹口区,国际连锁,1,9,3,7
B0FFIB8ZR8,MO+荒漠花园店(花园路店),花园路128号运动LOFT六街区A座,121.472779,31.270563,虹口区,独立/精品,0,9,11,21
B0FFH60V6D,COSTA COFFEE(宝矿国际大厦店),吴淞路218号宝矿国际大厦1层,121.490805,31.248592,虹口区,国际连锁,0,11,32,20
B0FFK69M61,瑞幸咖啡(宝隆一方大厦店),逸仙路158号宝隆一方大厦一层105-2室,121.48797,31.295789,虹口区,本土连锁,0,4,7,8
B0J3RH1TBO,库迪咖啡(明珠创意产业园1期店),广纪路738号明珠创意产业园1期2幢1层底商,121.483825,31.292656,虹口区,本土连锁,1,5,11,10
B0JUUUJFKW,LAVAZZA拉瓦萨咖啡(上海星荟中心店),天潼路328号商场地上一层101-3A室,121.485828,31.246308,虹口区,国际连锁,1,11,34,37
B0I06BRFUI,瑞幸咖啡(万泰广场店),广灵二路259号万泰广场一层1058室,121.475168,31.283554,虹口区,本土连锁,1,6,3,3
B0ID77OJZ1,瑞幸咖啡(锦丰坊店),同丰路699号1层106室,121.467308,31.273035,虹口区,本土连锁,0,9,2,8
B0LB2DPNQK,b3coffee必三咖啡(太阳宫店),瑞虹路181号L5-K59号(5楼中庭),121.50047,31.262723,虹口区,独立/精品,2,10,15,27
B0LGSAS85W,LAVAZZA拉瓦萨咖啡(上海星立方店),杨树浦路188号星立方大厦2号楼1楼,121.514705,31.250091,虹口区,国际连锁,1,11,5,11
B0G1BC8KA9,星巴克(上海中锐店),"通州路300号第一层的101,102单元",121.495508,31.258292,虹口区,国际连锁,0,4,3,7
B0KBULEHF3,luckin coffee 瑞幸咖啡(彩虹湾红馥里店),三门路1177号彩虹湾红馥里,121.471766,31.310788,虹口区,本土连锁,1,6,1,7
B0KRLC7RH5,tuan bakery+cafe(白玉兰广场店),东长治路588号白玉兰广场地下二层M52,121.498522,31.249243,虹口区,独立/精品,1,8,19,24
B0JKRMR745,瑞幸咖啡(四川北路店),四川北路1288号盛邦国际大厦四行大楼底商,121.484716,31.250807,虹口区,本土连锁,1,12,33,31
B0JKBBMQE0,Peet's Coffee皮爷咖啡(雷士德工学院旧址店),上海城区东长治路505号上海创新创意设计研究院一层109室,121.497925,31.250425,虹口区,国际连锁,1,11,18,25
B0LUNO7L4P,集樂坊音乐餐吧,哈尔滨路219号,121.490278,31.256145,虹口区,独立/精品,1,4,11,18
B0HUKB4NG0,星巴克(新城金茂府店),广灵四路849-851-853号一层,121.463855,31.285082,虹口区,国际连锁,1,5,0,6
B0J0BZMRR6,库迪咖啡(嘉宏印象荟店),四川北路1686号与东宝兴路交叉口嘉宏印象荟商场南入口,121.483228,31.257944,虹口区,本土连锁,1,5,12,16
B0FFLNQ12B,瑞幸咖啡(半岛湾产业园店),溧阳路735号半岛湾产业园2幢一层2105室,121.489044,31.255215,虹口区,本土连锁,1,5,17,26
B0JGAAC19I,库迪咖啡(虹口红城阁店),四平路777号红城阁1层大堂,121.499191,31.273122,虹口区,本土连锁,1,5,8,13
B0H36SYJ7Y,M Stand(瑞虹新天地店),瑞虹路181号瑞虹新天地太阳宫LG层54,121.500566,31.263087,虹口区,本土连锁,1,10,15,27
B0JRSAO1JL,瑞幸咖啡(赤峰路青春E里店),赤峰路445号-1青春E里底商,121.487018,31.282187,虹口区,本土连锁,1,9,2,8
B0JBMMY6B4,Birdie Cup Coffee(白玉兰店),东长治路588号上海白玉兰广场购物中心LG1层,121.497971,31.249411,虹口区,独立/精品,1,8,18,24
B0JUF5UGKJ,库迪咖啡(虹口利通广场店),四川北路1350号利通广场B205(四川北路地铁站1号口东北侧),121.484601,31.252772,虹口区,本土连锁,1,10,28,30
B0J07LKDDV,瑞幸咖啡(四川北路二店),四川北路1969号底商,121.483882,31.263174,虹口区,本土连锁,1,7,16,9
B0L1AMIQWI,luckin coffee 瑞幸咖啡(虹口足球场店),东江湾路轨道交通3号线虹口足球场站美食城3楼,121.479968,31.2702,虹口区,本土连锁,1,8,16,22
B0FFJ48EPD,杨小二Cake.Cafe,嘉兴街道溧阳路735号半岛湾创意产业园区2号楼106,121.489137,31.255186,虹口区,独立/精品,1,5,17,26
B0FFK66RDI,瑞幸咖啡(永融企业中心店),潥阳路1111号永融企业中心一层大堂,121.488891,31.261792,虹口区,本土连锁,1,5,15,9
B0H22MIOLN,瑞幸咖啡(昇汇广场店),大连路555号昇汇广场一层大堂,121.511447,31.259181,虹口区,本土连锁,1,9,15,21
B0JKSC3X1Y,库迪咖啡(虹口白玉兰广场店),东长治路588号白玉兰广场LG2-ZD29hao号(潮食公社内),121.497873,31.248969,虹口区,本土连锁,1,8,18,24
B0FFHFCK2C,luckin coffee 瑞幸咖啡(大柏树集装箱创客走廊店),广纪路838号中图蓝桥创意园区1幢一层101室,121.484004,31.294249,虹口区,本土连锁,0,4,5,7
B0G3LZFJJZ,Manner Coffee(海伦中心店),海伦路440号金融街海伦中心B座F1层,121.48985,31.25954,虹口区,本土连锁,1,3,9,18
B0J14AWH9U,瑞幸咖啡(平溪商业广场店),仁德路333号平溪商业广场底商,121.484259,31.302344,虹口区,本土连锁,1,6,3,7
B0JRKPPOMZ,梦工坊咖啡吧(虹口店),虹口足球场西江湾路712号,121.480457,31.276249,虹口区,独立/精品,1,5,4,10
B0LKNLROOL,瑞幸咖啡,东大名路与新建路交叉口东南80米,121.501125,31.248725,虹口区,本土连锁,1,7,19,22
B0K2CH44RB,Theodore万缘咖啡馆,中山北一路705号6楼601室,121.48288,31.284729,虹口区,独立/精品,2,8,3,11
B0KBY76A13,火山咖啡(晶钻博华店),甜爱支路33号1层丙单元,121.482887,31.268025,虹口区,独立/精品,1,8,14,20
B0FFKRO0SG,瑞幸咖啡(耀江国际广场大堂店),吴淞路308号耀江国际广场一层大堂,121.489825,31.249675,虹口区,本土连锁,0,14,28,19
B0JRSDOVDE,星巴克(上海国华金融中心店),新建路200号国华金融中心,121.497615,31.25434,虹口区,国际连锁,1,6,3,8
B0KURCW6IY,杰克的食堂Jac Cafe&Bistro,同丰路699号,121.467486,31.273137,虹口区,独立/精品,0,8,2,7
B0KBKZA03G,luckin coffee 瑞幸咖啡(上滨生活广场店),周家嘴路917号上滨生活广场F1层,121.503087,31.260399,虹口区,本土连锁,2,10,12,19
B0I10Z3T0P,M Stand(上海星荟中心店),天潼路328号星荟中心LG109,121.486875,31.246125,虹口区,本土连锁,0,13,40,41
B0FFF9ZUL0,星期五Friday(东江湾路店),东江湾路170号(虹口足球场地铁站6号口步行380米),121.480289,31.266664,虹口区,独立/精品,1,8,13,21
B0FFLNL8DW,瑞幸咖啡(星乐汇广场店),公平路36号负一层9-1室,121.508904,31.250369,虹口区,本土连锁,1,9,22,20
B0J02LGUQF,星巴克(上海赤峰路青春E里店),赤峰路445-10号青春E里,121.486622,31.282193,虹口区,国际连锁,1,9,2,8
B0I6H5WJEX,欧邑咖啡小站HLab Coffee(欧九小区店),欧阳路679弄2号侧门,121.486219,31.275166,虹口区,独立/精品,2,5,0,9
B0FFHO7OD4,ROOM127濡沫咖啡,上海市广灵一路127号3临(广灵二路),121.47929,31.282427,虹口区,独立/精品,2,7,5,11
B0I2OSSDAZ,瑞幸咖啡(嘉和国际大厦店),花园路50号嘉和国际大厦一层103室,121.477602,31.269969,虹口区,本土连锁,1,8,20,28
B0KKRO4I1V,星巴克(虹口今雨荟店),广粤路283号虹口今雨荟F1层,121.465816,31.287499,虹口区,国际连锁,1,4,2,6
B0KDGNEEPZ,Manner Coffee(百联曲阳购物中心店),曲阳路800号百联曲阳购物中心L1层L1-124,121.491904,31.286479,虹口区,本土连锁,0,12,9,10
B0JGJR2WU5,Negozio Nero黑店,溧阳路1371号,121.485067,31.263675,虹口区,独立/精品,1,7,25,12
B0I2T7XAX8,M平方COFFEE(虹口花园路店),花园路171号A7座M平方COFFEE,121.475343,31.273041,虹口区,独立/精品,1,8,17,25
B0J1AR6H2Y,星巴克(上海白金湾广场店),公平路85号(提篮桥地铁站3号口步行240米),121.506137,31.251073,虹口区,国际连锁,1,10,24,20
B0JKRMR74D,瑞幸咖啡(双狮汇大厦店),东长治路399号双狮汇大厦一层L1-05室,121.496303,31.250073,虹口区,本土连锁,1,10,19,26
B001553GCU,上岛咖啡(海宁店),海宁路397号2层(4川北路口),121.485254,31.249828,虹口区,本土连锁,1,10,40,39
B0K3UBKV0H,CUBIC3三立方咖啡(汉阳路店),汉阳路39号1层02部位,121.490749,31.249159,虹口区,本土连锁,0,14,22,17
B0KBJD2BS7,瑞幸咖啡(欧阳路店),欧阳路448号,121.486688,31.272812,虹口区,本土连锁,0,5,1,10
B0FFK9DDHL,瑞幸咖啡(浦江国际广场店),东大名路1118号浦江国际金融大厦一层103室,121.509927,31.251667,虹口区,本土连锁,1,11,24,21
B0KBUHLW00,肯悦咖啡(和平公园店),天宝路891号12幢A1栋,121.501626,31.269649,虹口区,独立/精品,0,5,6,12
B0KU36EL8L,瑞幸咖啡(宏慧新里店),东宝兴路777号宏慧新里商场一层113-2室,121.475683,31.263261,虹口区,本土连锁,0,10,3,9
B0HKPZ99DC,Costa Coffee(上海瑞丰国际大厦店),杨树浦路248号一楼大堂(杨树浦路地铁站出入口步行180米),121.515725,31.250725,虹口区,国际连锁,1,12,5,9
B0LDDM45CV,BeanStar比星咖啡(上海滨港商业中心店),四川北路939号滨港商业中心LG12120-1单元比星咖啡,121.483175,31.250175,虹口区,本土连锁,1,14,35,33
B0L3CUJHHM,MARU豆丸咖啡屋.洋食,中山北二路1705号1层113-3、113-4室,121.492073,31.285192,虹口区,独立/精品,0,14,9,8
B0LGRBDXON,瑞幸咖啡,广纪路18号深喜迪运商场F2层(赤峰路地铁站1号口旁),121.482409,31.281769,虹口区,本土连锁,2,6,4,12
B0L6ALYJGU,heirloom原咖,武进路与四川北路交叉口东北60米,121.484914,31.252038,虹口区,独立/精品,1,10,33,31
B0KBLHX7BN,BeanStar比星咖啡(上海浦江国际金融店),东大名路1098号浦江国际金融广场1层103比星咖啡,121.510045,31.251266,虹口区,本土连锁,1,9,24,20
B0KDGKAMD6,维拉庄园咖啡,海平路与公平路交叉口西南180米,121.505981,31.248949,虹口区,独立/精品,0,5,20,17
B0FFK9NA7S,瑞幸咖啡(上海合生财富广场店),大连路839号合生财富广场A座一层大堂,121.507211,31.26324,虹口区,本土连锁,0,10,7,16
B0LU14BU95,星巴克(四川北路店),四川北路1689号合新里KORE(四川北路店),121.482629,31.258552,虹口区,国际连锁,1,6,15,16
B0KK9MGQR1,瑞幸咖啡,广粤路283号虹口今雨荟,121.465804,31.287116,虹口区,本土连锁,1,5,0,6
B0K2LZIHQK,HC COFFEE&BAR,广粤路76弄7号楼一楼,121.466263,31.281687,虹口区,独立/精品,2,5,1,6
B0K3M7TQXB,越南中原传奇咖啡(虹口龙之梦店),西江湾路388号凯德虹口商业中心B2层K59号,121.47795,31.270926,虹口区,独立/精品,1,8,20,25
B0KR9ON62Z,星巴克(友邦金融中心店),东长治路866号AIAFC F1层,121.504621,31.252325,虹口区,国际连锁,1,12,21,19
B0L6BPXNRE,艺萃,四川北路2288号上海鲁迅公园(东北角),121.485325,31.274025,虹口区,独立/精品,1,5,1,8
B0KAFZJQ20,Sacro Cafe,东大名路500号地下1层E区02、03、04室,121.497669,31.247144,虹口区,独立/精品,1,7,20,23
B0LD1UM2T5,肯悦咖啡逸仙店,逸仙路580号,121.484625,31.304325,虹口区,独立/精品,1,9,2,7
B0K3UNP4CF,WOW coffee,衡水路151号前海人寿金融大厦B1层,121.485392,31.253762,虹口区,独立/精品,1,11,28,41
B0FFJH993I,瑞幸咖啡(上海中信广场店),四川北路865号中信广场一层101-D号,121.483675,31.247875,虹口区,本土连锁,2,14,36,41
B0K0GH9GH4,库迪咖啡(上海兴旺国际服饰店),河南北路兴旺国际一楼M71,121.482358,31.245056,虹口区,本土连锁,1,10,25,37
B0LG67H72M,NOWWA挪瓦咖啡(上海滨港商业中心店)(暂停营业),四川北路939号滨港商业中心1楼1134单元,121.484129,31.249795,虹口区,本土连锁,1,10,38,35
B0H22NGV76,Manner Coffee(城创中心店),松花江路与邯郸路交叉口西南140米,121.497398,31.293719,虹口区,本土连锁,1,5,3,4
B0LK29SINT,SASA cake&coffee,东长治路919号B213C,121.504504,31.253349,虹口区,独立/精品,1,12,14,16
B0LUA7P70D,肯悦咖啡东江湾店(暂停营业),东江湾路444号5号门小白楼101室一层,121.480056,31.270267,虹口区,独立/精品,1,8,16,22
B0KKP7TOJX,Manner Coffee(金泽元拾光里店),金泽元拾光里,121.472759,31.312909,虹口区,本土连锁,1,9,1,12
B0L124TT8A,食光驿站(邮政大楼咖啡),北苏州路250号2层,121.485521,31.244548,虹口区,独立/精品,1,13,36,32
B00156E05A,西尔咖啡(西体育会路店),西体育会路277号(赤峰路地铁站3号口步行200米),121.482435,31.279066,虹口区,独立/精品,3,8,5,12
B0KR65KASV,Hubers Coffee(沪办大厦幸运咖啡店),中山北一路1250号沪办大厦4号楼103室,121.489505,31.291257,虹口区,独立/精品,0,12,16,12
B0LUJD9USI,库迪咖啡(近铁虹口金融产业园店)(暂停营业),中山北一路9号,121.47377,31.268757,虹口区,本土连锁,0,8,13,24
B0JDXMA9TX,Manner Coffee(双狮汇店),东长治路399号(国际客运中心地铁站4号口旁),121.496587,31.250084,虹口区,本土连锁,1,10,19,25
B0HU5LQM35,瑞幸咖啡(万达广场五角场店),淞沪路77号上海五角场万达广场B馆1层,121.513192,31.300617,杨浦区,本土连锁,2,13,16,42
B0FFK1VSDL,瑞幸咖啡(文通国际广场店),贵阳路398号文通国际广场北一层大堂,121.550056,31.274834,杨浦区,本土连锁,0,5,2,15
B0FFH0WLRB,星巴克(百联滨江购物中心店),宁国路218号百联滨江购物中心L1层1A-024室,121.537636,31.264388,杨浦区,国际连锁,0,7,9,13
B0FFFGR7YV,星巴克(政立路店),政立路477号创智科技中心1层101单元,121.508527,31.308848,杨浦区,国际连锁,1,4,27,25
B0FFK4GJEF,CATIER猫公馆·猫咪咖啡(大学路店),大学路65号创智天地一期wagas楼上202室,121.511262,31.304506,杨浦区,独立/精品,1,6,40,36
B0FFKSE7T3,星巴克(互联宝地店),黄兴路221号1195幢C座3107,121.528736,31.273899,杨浦区,国际连锁,0,4,16,14
B0JGHSO6VL,星巴克(大学路店),淞沪路303号创智天地广场L1层,121.507614,31.303235,杨浦区,国际连锁,0,6,25,25
B0FFM558PN,花园咖啡Cafe de Jardin,平凉路627号(平凉路地铁站4号口步行210米),121.524476,31.257643,杨浦区,独立/精品,1,7,5,4
B0K0NDCED4,蘭lan·咖啡,大学路320号,121.507105,31.303118,杨浦区,独立/精品,0,7,21,24
B0GKYBE6KX,Tims天好咖啡(创智天地广场店),淞沪路270号(江湾体育场地铁站11号口步行180米),121.513409,31.306048,杨浦区,国际连锁,1,9,35,29
B0FFLH35CR,樱束屋二次元cos动漫咖啡厅,国顺东路800号西楼209A,121.524496,31.293887,杨浦区,独立/精品,0,3,4,5
B0J63C4RHP,%Arabica(上海杨浦大学路店),大学路318号,121.507374,31.303095,杨浦区,国际连锁,0,7,23,24
B0FFKNWCYB,星巴克(民星路店),"民星路378号163,166,167室",121.538931,31.311943,杨浦区,国际连锁,0,10,3,2
B0J217IWL7,One Step Coffee一尺之间(零碳主题店),腾越路2号杨树浦电厂遗迹公园(近上海国际时尚中心停车场),121.55773,31.267906,杨浦区,独立/精品,0,4,0,2
B0G107HL43,Peet's Coffee皮爷咖啡(大学路店),大学路35-45号1-2层,121.511661,31.304491,杨浦区,国际连锁,1,6,39,37
B0GRGOTKV3,Tims咖啡(财大科技园店),杨浦区纪念路8号财大科技园7号楼,121.491444,31.298458,杨浦区,国际连锁,0,5,3,8
B0I31M20CN,CORE COFFEE (上海·星汇广场店),国安路758弄45-46号(星汇广场一期步行街),121.505253,31.320052,杨浦区,独立/精品,1,7,4,6
B0K1FNL075,蚕室家Korean Food Cafe,政益路47号五角丰达商务广场西区F1层,121.517224,31.302615,杨浦区,独立/精品,1,5,21,44
B0FFLG1MUQ,星巴克臻选(上海光大安石中心店),霍山路386号1层01(大连路地铁站2号口步行260米),121.515568,31.257261,杨浦区,国际连锁,1,8,17,13
B0JDUXXW7C,Good Vibe Station好气咖啡,天章路与杨树浦路交叉口南340米,121.52344,31.249282,杨浦区,独立/精品,0,1,0,3
B0HUSBHK3U,Tims咖啡(宝地广场店),大连路688号A栋1层102室,121.511275,31.261525,杨浦区,国际连锁,1,9,11,17
B0FFHD45IJ,李小姐の猫咖啡馆(五角场店),政民路150弄政民路150弄小区,121.510222,31.303271,杨浦区,独立/精品,1,6,35,38
B0IA3XHZ3U,Manner Coffee(百联又一城购物中心店),淞沪路8号百联又一城购物中心B1层,121.515915,31.300946,杨浦区,本土连锁,2,12,19,43
B0JBMGYT2Q,赛弗桌游Zephyr Cafe,翔殷路999号3号楼204,121.520579,31.301209,杨浦区,独立/精品,0,6,24,23
B0HUA7EFDI,Manner Coffee(东方渔人码头国际中心店),杨树浦路1088号东方渔人码头商铺C区105-5室,121.532709,31.25234,杨浦区,本土连锁,1,7,12,11
B0H2HBFTYG,瑞幸咖啡(宝龙·旭辉广场店),周家嘴路3628号环创中心F栋一层003室,121.542525,31.278125,杨浦区,本土连锁,1,6,7,20
B0H2H4HHJ1,Manner Coffee(四季广场店),长阳路1568号四季广场F1层,121.533806,31.267824,杨浦区,本土连锁,1,5,10,19
B0K1PMF05C,Knock knock Cafe&Bar,控江路2027号(鞍山新村地铁站3号口步行70米),121.509207,31.272403,杨浦区,独立/精品,1,7,3,12
B0I3OA539B,M1218COFFEE,江浦路826-2号(江浦公园地铁站2号口步行110米),121.524535,31.263339,杨浦区,独立/精品,1,6,3,8
B0FFH86C6N,淳质咖啡(上海国际设计交流中心6号楼店),霍山路1083号8号楼1层,121.524992,31.263211,杨浦区,独立/精品,2,6,3,8
B0FFK9D77O,瑞幸咖啡(湾谷科技园二店),国权北路1560号湾谷科技园负一层美食广场,121.502477,31.341198,杨浦区,本土连锁,1,6,3,11
B0HB7X3PY6,星巴克(上海合生汇1F店),黄兴路2228号合生汇L1层,121.518144,31.3002,杨浦区,国际连锁,1,8,24,40
B0FFMC6J6E,星巴克(五角场万达1F店),"邯郸路600号万达广场1002,2001,2002室",121.513447,31.300275,杨浦区,国际连锁,2,13,16,40
B0JALH6LFT,星巴克(汇锦里店),国权路73号,121.518274,31.288334,杨浦区,国际连锁,0,6,16,13
B0FFGWGWDO,星巴克(东方蓝海广场店),"关山路73,75号东方蓝海广场",121.521599,31.290758,杨浦区,国际连锁,0,5,14,12
B00156O7CK,星巴克(时尚中心店),杨树浦路2866号上海国际时尚中心1层,121.558483,31.270787,杨浦区,国际连锁,0,7,0,2
B0FFF4T56D,星巴克(同济联合广场店),"彰武路18号101,201室",121.507287,31.281906,杨浦区,国际连锁,1,3,7,6
B0FFHJP085,星巴克(佳木斯路店),佳木斯路488号1层101室,121.535218,31.294107,杨浦区,国际连锁,1,8,0,1
B0FFHDR484,星巴克(安波路店),安波路419号(翔殷路地铁站3号口步行260米),121.530925,31.302525,杨浦区,国际连锁,1,7,0,5
B00155KQ4T,星巴克(创智店),淞沪路234号创智天地广场1号楼和2号楼之间B1层A1-24,121.513818,31.305227,杨浦区,国际连锁,1,8,36,33
B0FFHOSDER,星巴克(合生汇B1店),翔殷路1099号合生汇B1层12号,121.516959,31.29984,杨浦区,国际连锁,1,12,24,41
B0FFGB2FCT,星巴克(紫荆广场店),控江路1628号紫荆广场L113单元,121.517809,31.275337,杨浦区,国际连锁,1,5,9,12
B0FFFS4C2Y,星巴克(三号湾店),国定路319号三号湾广场1层F135单元,121.509197,31.296411,杨浦区,国际连锁,0,9,12,7
B0FFHFUP07,星巴克(长阳路大润发店),长阳路1750号3幢地上一层-602-F1-24室,121.537368,31.270426,杨浦区,国际连锁,0,4,9,15
B0J1YHLX3D,库迪咖啡(杨浦复旦软件园店),隆昌路586号商场1层手扶梯处(隆昌路地铁4号口北侧),121.543458,31.275021,杨浦区,本土连锁,1,4,7,22
B0G2AC6IMX,星巴克(上海平凉路店),平凉路913号一层、915号一层,121.530447,31.260055,杨浦区,国际连锁,1,7,0,8
B0FFGF8R5S,星巴克(星汇广场店),"国安路758弄星汇广场10幢10F,10G室",121.505525,31.320175,杨浦区,国际连锁,1,7,4,6
B0I0RUTZ3A,瑞幸咖啡(复旦叶耀珍楼超市店),杨浦区国定路335号一层A111、A113室,121.508424,31.297511,杨浦区,本土连锁,0,7,9,8
B0FFIY16GQ,星巴克(绿源天地广场店),"世界路131号,758号101室局部",121.525668,31.321851,杨浦区,国际连锁,0,8,4,6
B0FFK95RCP,瑞幸咖啡(印坊928创意园店),齐齐哈尔路920号印坊928创意园20幢北半幢一层102沿街,121.524585,31.266993,杨浦区,本土连锁,1,4,0,6
B0JRS7KZCC,瑞幸咖啡(联创设计谷店),控江路1500弄联创设计建筑主楼一层大堂,121.520725,31.276025,杨浦区,本土连锁,1,4,10,11
B0GR5O42DX,Manner Coffee(宝地广场店),唐山路1018号宝地广场C座B1层,121.51187,31.26141,杨浦区,本土连锁,1,9,12,19
B0JAXG4ZSR,瑞幸咖啡(五角丰达商务大厦店),国庠路62号五角丰达商务广场底商,121.517975,31.302775,杨浦区,本土连锁,1,5,22,32
B0JRJOM59I,瑞幸咖啡(互联宝地二期店),黄兴路221号,121.527249,31.27261,杨浦区,本土连锁,0,2,16,11
B0H3Y55P3R,星巴克(上海靖宇东路店),靖宇东路266-270号一层103(延吉中路地铁站3号口旁),121.535481,31.288862,杨浦区,国际连锁,1,9,0,3
B0FFM1YEEE,瑞幸咖啡(上海国际设计中心西楼店),国康路90号上海国际设计中心底商,121.502171,31.286968,杨浦区,本土连锁,0,3,2,5
B0FFI89UW6,星巴克(旭辉Mall店),控江路2028号旭辉商业广场1号楼1F-02,121.509575,31.273096,杨浦区,国际连锁,1,7,3,10
B0I1LPDETS,星巴克(大连路店),大连路1546号1层104-2单元,121.504179,31.272625,杨浦区,国际连锁,1,4,6,13
B0I076HN1L,Manner Coffee(创智天地广场店),政学路106号(创智天地企业中心5号楼北门旁),121.512267,31.305182,杨浦区,本土连锁,1,7,38,33
B0FFFSSJF4,星巴克(文通大厦店),昆明路739号文通大厦一楼101单元,121.515637,31.263384,杨浦区,国际连锁,0,5,14,17
B0G14KAGYB,星巴克(吉浦湾店),吉浦路323号-3一层及二层,121.490518,31.305705,杨浦区,国际连锁,0,6,1,5
B0FFIMYM96,星巴克(凯迪新都汇店),翔殷路1088号凯迪·新都汇1楼105-106室,121.518362,31.301769,杨浦区,国际连锁,0,7,25,37
B0JUG7FP0R,瑞幸咖啡(上海中原城市广场店),国和路777号中原城市广场2座底商,121.521825,31.315575,杨浦区,本土连锁,1,6,5,6
B0IRJ6LYGG,CUBIC3三立方咖啡(宝龙旭辉店),顺平路886号,121.543008,31.276978,杨浦区,本土连锁,1,6,7,20
B0J6CSKBA3,瑞幸咖啡(长阳创谷汇店),长阳路1687号创谷汇底商(宁国路地铁站2号口步行160米),121.534855,31.270205,杨浦区,本土连锁,1,5,11,16
B0I06NM93F,Tims咖啡(悠方购物公园店),新江湾城街道殷行路1388弄1-6号1280号1286号上海悠方L1层,121.508075,31.329475,杨浦区,国际连锁,1,6,2,6
B0FFJOA1J2,星巴克(君欣时代广场店),控江路1777号一层L119室,121.51498,31.273855,杨浦区,国际连锁,1,6,10,12
B0FFHRHAGW,星巴克(城市概念园店),达美乐比萨(双阳支路店)(隆昌路地铁站4号口步行340米),121.541244,31.274972,杨浦区,国际连锁,1,5,7,20
B0HADGBNFV,Cafe&Meal MUJI(百联ZX造趣场店),四平路2500号百联zx造趣场F1层,121.515639,31.299081,杨浦区,独立/精品,1,12,24,38
B0FFK6BSP0,瑞幸咖啡(四季广场店),长阳路1568号四季广场5号楼一层102-103单元,121.53322,31.267748,杨浦区,本土连锁,1,4,8,15
B0H1PMMMUY,星巴克臻选(上海宝龙旭辉店),周家嘴路3608号(隆昌路地铁站4号口步行470米),121.542104,31.277597,杨浦区,国际连锁,1,6,7,20
B0FFIG4FJP,星巴克(东方渔人码头店),杨树浦路1072号东方渔人码头购物中心1层101-1室,121.531537,31.251866,杨浦区,国际连锁,1,6,12,10
B00156NTPI,星巴克(北美广场店),昆明路508号安莉芳大厦1层106-107单元,121.512552,31.259995,杨浦区,国际连锁,1,9,15,22
B0GUU50SF6,Punchline Coffee&Roaster(同济店),四平路1024号1幢1层102-104室,121.504798,31.277427,杨浦区,独立/精品,1,3,4,9
B0J3X77BBO,AOKKA COFFEE(江湾里Meet678店),民府路678号江湾里MEET678号T4-1F-01商铺,121.509272,31.314801,杨浦区,独立/精品,1,8,20,32
B0FFG7U7AZ,星巴克(复旦软件园店),隆昌路586号七巧国际广场1层,121.543281,31.275156,杨浦区,国际连锁,1,4,7,22
B0FFKMU9HD,星巴克(新江湾城生活广场店),"国浩路231号101,102室",121.516575,31.335237,杨浦区,国际连锁,0,6,1,2
B0K0ZATJ73,黑皮咖啡(黑皮模玩),平凉路2241号智慧坊4号楼101室(黑皮咖啡&黑皮模玩),121.548776,31.273666,杨浦区,独立/精品,1,5,4,16
B0FFGAYH7I,星巴克(长阳谷店),长阳路1687号长阳谷7号楼7101,121.534075,31.271249,杨浦区,国际连锁,1,5,21,15
B0FFKNVIH9,星巴克新华医院店,江浦路1379号新华医院25号科技楼第1层101号单元,121.518396,31.272085,杨浦区,国际连锁,1,5,10,12
B0FFGKDV3R,星巴克(湾谷科技园店),国权北路1688弄63号湾谷科技园,121.50322,31.34194,杨浦区,国际连锁,1,4,3,11
B0I36R9JN4,D·March Zakka&Coffee(三月咖啡),锦嘉路126号(江湾体育场地铁站10号口步行150米),121.510417,31.305466,杨浦区,独立/精品,1,5,40,36
B0FFGH4QLQ,星巴克(国康路店),国康路38号3幢邮电设计院一楼,121.504292,31.286323,杨浦区,国际连锁,0,2,1,5
B0FFIL2D0K,星巴克(太平洋森活天地店),淞沪路199号B1层A-6室(江湾体育场地铁站1号口旁),121.514399,31.303515,杨浦区,国际连锁,1,7,20,46
B0FFJCVAKH,星巴克(国和路店),国和路1000号1000广场1层117室,121.52645,31.318346,杨浦区,国际连锁,0,5,3,4
B0FFHK2ITC,怡和1915(滨江国际广场店),杨树浦路1056号小别墅(丹阳路地铁站2号口步行450米),121.530028,31.25032,杨浦区,独立/精品,1,5,8,9
B0FFF47SQW,星巴克咖啡(杨浦百联ZX造趣场店),四平路2500号东方商厦(杨浦店)F1层,121.515932,31.298373,杨浦区,国际连锁,1,12,23,36
B0FFIRCBP7,星巴克(建发国际大厦店),秦皇岛路58号1室(杨树浦路地铁站出入口步行210米),121.516225,31.251322,杨浦区,国际连锁,1,12,4,9
B00156O5XG,Homeless,大学路201号,121.50932,31.303728,杨浦区,独立/精品,1,4,39,33
B00155F5VS,星巴克(百联又一城购物中心店),翔殷路998号,121.516108,31.300983,杨浦区,国际连锁,2,12,20,44
B0I1LMFDV7,五角场凯悦酒店咖啡厅(上海合生汇店),黄兴路2228号合生汇L6层,121.518875,31.300125,杨浦区,独立/精品,1,8,25,34
B0FFK59415,瑞幸咖啡(创邑海上海店),飞虹路568弄创邑海上海12号商铺一层,121.507934,31.266052,杨浦区,本土连锁,0,7,3,7
B0HUVN2UDQ,LAVAZZA拉瓦萨咖啡(上海创谷荟店),长阳路1687号西1130幢一层116,121.535314,31.270486,杨浦区,国际连锁,1,4,12,16
B0J0HOWKWN,瑞幸咖啡(开鲁路店),包头路785号底商,121.538043,31.324611,杨浦区,本土连锁,0,8,0,1
B0FFGTGSEI,星巴克(五角场万达影城店),国宾路58号3层五角场万达商业广场万达影城,121.513506,31.300272,杨浦区,国际连锁,2,13,16,39
B0J0VS1QM0,星巴克(国华广场店),三门路与国京路交叉口西160米G MALLA区L1层116,121.51131,31.31179,杨浦区,国际连锁,1,9,19,30
B0G2AOBOJJ,Manner Coffee(上海合生汇店),翔殷路1099号上海合生汇B2层,121.517508,31.299607,杨浦区,本土连锁,1,11,28,39
B0FFKXLEQG,瑞幸咖啡(合生汇国际广场店),黄兴路2228号合生汇国际中心2期B2-35,121.516698,31.2993,杨浦区,本土连锁,1,12,24,40
B0LRHD83ZZ,月出猫猫·Cat&Coffee(暂停营业),民府路678号T4-1F-02,121.508793,31.314677,杨浦区,独立/精品,1,8,21,32
B0FFKB8TJM,Costa Coffee(长阳创谷店),长阳路1687号西1168幢C栋C1S7一层,121.533037,31.272701,杨浦区,国际连锁,1,5,19,18
B0JU3YZQNL,库迪咖啡(上海杨浦金储广场店),国定东路267号金储休闲广场1层西侧临街底商,121.520366,31.29837,杨浦区,本土连锁,0,6,21,19
B0J01X6FT8,瑞幸咖啡(国顺东路店),沙岗路626号底商,121.535902,31.30079,杨浦区,本土连锁,0,7,2,4
B0H019RQ68,瑞幸咖啡(同济联合广场店),彰武路42号同济联合广场E座一层101室,121.507447,31.281668,杨浦区,本土连锁,1,4,8,6
B0GD3N26D1,瑞幸咖啡(绿地汇方广场店),宁国路111号绿地汇方广场4号楼一层101室,121.537672,31.262195,杨浦区,本土连锁,0,6,6,11
B0KB2HQM4V,三立方咖啡(五角场万达广场店),国宾路18号万达广场A区1层,121.513499,31.300149,杨浦区,本土连锁,2,13,17,39
B00155H732,上岛咖啡(五角场店),长海路560号(国和路),121.520171,31.309452,杨浦区,本土连锁,0,11,4,2
B0HKCLEAHH,M Stand(百联又一城购物中心店),百联又一城1层G09-F011028(地铁江湾体育场3号口商场一楼扶梯旁),121.515412,31.302431,杨浦区,本土连锁,2,13,18,49
B0IR1ZRS83,M Stand(互联宝地店),黄兴路221号互联宝地C2座1层2101-2单元(园区A3人行入口进入直走120米),121.529001,31.272851,杨浦区,本土连锁,0,3,17,15
B0J1G619T7,73coffee(创智天地店),淞沪路270号创智天地广场3号楼B1-73,121.513446,31.30549,杨浦区,独立/精品,1,8,35,34
B0FFL1G6WB,瑞幸咖啡(写意创意中心店),四平路1147弄1号楼写意创意中心一层大堂,121.503902,31.278098,杨浦区,本土连锁,2,4,2,9
B0FFICHZQH,纽拉咖啡New Life(政民路店),五角场政民路411-4号,121.505101,31.301743,杨浦区,独立/精品,0,4,10,18
B0FFKT1TQ9,瑞幸咖啡(133世界广场店),世界路125号绿源天地A座一层,121.525571,31.321237,杨浦区,本土连锁,0,8,4,6
B0H0GHE3QD,ChowChowCoffee松狮咖啡(国权路店),国权路333弄18号-7商铺,121.507538,31.290483,杨浦区,独立/精品,1,3,2,6
B0JBDKV3S0,瑞幸咖啡(百联滨江店),平凉路1399号百联滨江购物中心负一层B01-43,121.537904,31.264901,杨浦区,本土连锁,0,6,9,10
B0FFFPM27U,诺丁山(政和路),政和路1119号(国帆路地铁站1号口步行430米),121.517178,31.339427,杨浦区,独立/精品,1,3,0,3
B0FFJD4MO1,瑞幸咖啡(钢铁交易大厦店),逸仙路9号上海钢铁交易大厦一层105室,121.490423,31.29375,杨浦区,本土连锁,0,7,12,9
B0JAZKRP1D,瑞幸咖啡(国华国际广场店),闸殷路1599号国华国际广场一层126室,121.511694,31.311917,杨浦区,本土连锁,1,9,18,29
B0JDJGEDDM,Morning LAB(杨浦绿之丘店),安浦路425号绿之丘展览馆一层南侧,121.539325,31.254375,杨浦区,独立/精品,0,4,4,5
B0IU173GJ7,星巴克(上海智慧坊店),平凉路2241号23幢一层102室、58幢,121.548693,31.272993,杨浦区,国际连锁,1,5,4,15
B0I3KD79IN,瑞幸咖啡(国权路店),国权路525号复华科技大楼底商,121.503491,31.29378,杨浦区,本土连锁,1,4,4,7
B0G2AD5GS7,星巴克(文通国际广场店),平凉路2323号1层A室,121.550524,31.274985,杨浦区,国际连锁,0,5,1,15
B0LAXC4EL5,星巴克臻选上海复旦管理学院店,上海市杨浦区政学路128号1层101单元,121.509462,31.306562,杨浦区,国际连锁,1,6,37,34
B0ID6S2LAP,Manner Coffee(杨浦光大安石中心店),荆州路11号光大安石中心T1座B1层,121.515525,31.256575,杨浦区,本土连锁,1,8,16,13
B0K6052NMV,luckin coffee 瑞幸咖啡(百联又一城购物中心店),五角场街道百联又一城购物中心B1层,121.515675,31.301525,杨浦区,本土连锁,2,13,22,45
B0J30547KE,库迪咖啡(悦活坊店),辽阳路与长阳路交口南悦活坊1层,121.516637,31.260036,杨浦区,本土连锁,1,3,15,19
B0KKGN7SU6,由心咖啡(上海敦煌当代美术馆店),长阳路1687号长阳创谷南三楼敦煌美术馆,121.534675,31.271375,杨浦区,独立/精品,1,4,11,14
B0FFKTRKNP,瑞幸咖啡(尚浦中心店),江湾城路99号尚浦中心6幢一层108A-1室,121.509985,31.316527,杨浦区,本土连锁,1,6,14,22
B0H0MCL753,Manner Coffee(国华广场店),三门路与国京路交叉口西160米G MALLA区L1层103,121.510651,31.311967,杨浦区,本土连锁,1,7,20,34
B0JDCDX381,星巴克上海上汽尚发大厦店,江浦路478号地上一层,121.526802,31.259382,杨浦区,国际连锁,1,8,4,9
B0JDCDZ0MF,星巴克(上海创寓228店),延吉东路349号地上一层7101单元,121.541594,31.288663,杨浦区,国际连锁,0,13,2,2
B0FFLI9O15,白七咖啡WHITE SEVEN COFFEE,平定路知兴大厦东南,121.551278,31.262649,杨浦区,独立/精品,0,1,3,1
B00155HCYW,星空咖啡厅(复旦大学店),邯郸路220号复旦大学邯郸校区光华楼15号,121.505306,31.299823,杨浦区,独立/精品,0,4,7,16
B0FFM5M2VP,星巴克(尚浦中心店),新江湾城江湾城路99号一幢,121.510285,31.316809,杨浦区,国际连锁,1,5,13,20
B0FFJ7XEM6,阿发咖啡,大学路183号(江湾体育场地铁站9号口步行270米),121.509646,31.303914,杨浦区,独立/精品,1,4,40,37
B0G3S1XSEM,Manner Coffee(凯德尚浦商务中心店),江湾城路99号凯德尚浦商务中心F1层,121.510715,31.317687,杨浦区,本土连锁,0,5,10,18
B0J0GD88V8,todoslosdias每天咖啡,民府路678号T2楼05商铺,121.508311,31.315679,杨浦区,独立/精品,1,8,15,25
B0KGG59GX8,luckin coffee 瑞幸咖啡(悠方购物中心店),殷行路1388号悠方购物中心F1层,121.508466,31.329515,杨浦区,本土连锁,1,7,2,6
B0J32R80KM,库迪咖啡(上海财经大学武东校区店),武东路100号十二宿舍123室(上海财经大学运动场西北侧),121.496784,31.303683,杨浦区,本土连锁,1,4,4,7
B0FFIR0HKA,瑞幸咖啡(怡富广场店),黄兴路1737号九隆坊生活广场一层140室,121.519548,31.290672,杨浦区,本土连锁,0,7,16,13
B0FFJ7WYNF,瑞幸咖啡(三九商务园店),吉林路60号三九商务楼一层101-B室,121.520235,31.261459,杨浦区,本土连锁,1,5,5,9
B0LUPZ3NM1,宝藏绿洲(上海五角场万达店),五角万达广场C栋一楼宝藏绿洲1227A,121.513007,31.302196,杨浦区,独立/精品,2,13,23,47
B0FFMEVUGU,Tims咖啡(杨浦百联店),宁国路218号百联滨江购物中心G56-F01-1-025B室,121.537538,31.264464,杨浦区,国际连锁,0,7,9,13
B0L2P7RA74,DM CAFE(江湾里抖音大厦店),民府路678号江湾里MEET678T2-1F-03商铺,121.508475,31.315094,杨浦区,独立/精品,1,8,19,30
B0JAL5C8FI,星巴克(上海肺科医院店),政民路415号72幢1层103-104室,121.502874,31.302017,杨浦区,国际连锁,0,5,6,12
B0L22L0QUX,nuovo Caffè 自烘焙咖啡馆(东外滩店),杨树浦路1088号东方渔人码头B区商业1楼102-3,121.531758,31.251115,杨浦区,独立/精品,1,6,12,10
B0LGYC7XYO,瑞幸咖啡(紫荆广场店),控江路1628号紫荆广场负一层B1F-11+25室,121.51738,31.275088,杨浦区,本土连锁,1,5,9,13
B0LD5ZXAJQ,LAVAZZA拉瓦萨咖啡(上海复旦管院店),国通路与政立路交叉口,121.508663,31.307784,杨浦区,国际连锁,0,7,41,30
B0I12S86AJ,Manner Coffee(海尚世界智慧天地店),世界路与开鲁路交叉口西北100米,121.525432,31.325559,杨浦区,本土连锁,0,10,0,4
B0H01RS3I4,瑞幸咖啡(控江旭辉MALL店),控江路2068号旭辉mall商场1号楼B1层B1-03,121.509161,31.273364,杨浦区,本土连锁,1,7,3,11
B0GRMHYAJ2,团子咖啡(凤城巷店),凤城路1号同和凤城巷5号107单元,121.524618,31.27361,杨浦区,独立/精品,0,3,14,13
B0L0YR71FI,瑞幸咖啡(凯德国正中心店),政立路485号凯德国正中心底商,121.506563,31.309162,杨浦区,本土连锁,1,6,15,20
B0G3S9XWTR,瑞幸咖啡(东方渔人码头店),杨树浦路1088号东方渔人码头B区101-1室,121.531996,31.251714,杨浦区,本土连锁,1,6,12,10
B0H3SDJUA5,Tims天好咖啡(湾谷科技园),国权北路1688弄C7栋1F-102,121.501025,31.339575,杨浦区,国际连锁,0,4,4,8
B0J0LBPRKS,瑞幸咖啡(政民路店),政民路215号底商,121.50651,31.302442,杨浦区,本土连锁,0,6,17,19
B0HRH41QY7,M Stand(宝龙旭辉广场店),隆昌路与周家嘴路交叉口(隆昌路地铁站4号口步行270米),121.542604,31.277195,杨浦区,本土连锁,1,6,7,20
B0H2PCR3R9,瑞幸咖啡(保辉国际大厦店),国霞路346号保辉国际大厦B座一层,121.506002,31.315492,杨浦区,本土连锁,1,8,16,22
B0JATCTVUT,1:30PM咖啡馆,江浦路1500号智慧树2号楼106室(江浦路地铁站5号口旁),121.519496,31.274039,杨浦区,独立/精品,1,5,11,11
B0LUKMOX9H,瑞幸咖啡(阳普邻里小世界店),靖宇东路266-270号阳普邻里·小世界,121.535625,31.288975,杨浦区,本土连锁,1,9,0,3
B0HGCPGO6F,瑞幸咖啡(五角场苏宁广场店),邯郸路585号五角场苏宁易购广场负一层12号,121.51455,31.2989,杨浦区,本土连锁,1,12,22,37
B0H2HOKR19,蓝豆咖啡(长阳创谷店),长阳路1687号1号楼1115室,121.533852,31.271596,杨浦区,独立/精品,1,4,21,18
B0JD6M4QTQ,LAVAZZA拉瓦萨咖啡(上海尚浦汇店),江湾新城民府路578号的尚浦汇一期1幢商场1层05室,121.510391,31.315584,杨浦区,国际连锁,1,6,17,30
B0L2UOGJ90,星巴克臻选(上海云际尚浦双子塔店),淞沪路与国航路交叉口东120米,121.508768,31.313854,杨浦区,国际连锁,1,7,25,36
B0K3UCPN6H,luckin coffee 瑞幸咖啡(创智天地广场店),淞沪路与政学路交叉口东80米,121.512559,31.306481,杨浦区,本土连锁,1,7,35,31
B0J6PC9I4K,Manner Coffee(互联宝地二期店),互联·宝地,121.52916,31.271423,杨浦区,本土连锁,1,4,18,17
B0KKV55LNY,新海诚作品cafe(上海店),四平路2500号百联ZX造趣场L1,121.515675,31.298981,杨浦区,独立/精品,1,12,24,37
B0J3MCL0WZ,库迪咖啡(凯迪立方大厦店),政恒路66号2号楼(凯迪江空间),121.50714,31.311323,杨浦区,本土连锁,1,6,20,33
B0FFIGBV5H,熙贤咖啡,国权路525号副楼(复旦大学地铁站2号口步行490米),121.503515,31.294071,杨浦区,独立/精品,1,4,4,7
B0JK7CSIS8,瑞幸咖啡(肺科医院正门店),政民路506号底商,121.501865,31.300412,杨浦区,本土连锁,0,3,6,12
B0FFIIPYBO,抹云咖啡(复旦大学邯郸校区本部学生公寓4号楼店),复旦大学邯郸校区元创中心1层,121.504931,31.300555,杨浦区,独立/精品,0,4,8,15
B0KD0SZEEM,CUBIC3三立方咖啡(国华国际广场GMALL店),闸殷路1555号108室(克丽缇娜旁边),121.511725,31.312125,杨浦区,本土连锁,1,8,16,30
B0GD3G1K6J,瑞幸咖啡(荣广商务中心店),荆州路280号一层122室(大连路地铁站5号口步行300米),121.514076,31.259873,杨浦区,本土连锁,1,6,16,23
B0LRDO7IYR,luckin coffee 瑞幸咖啡(安联大厦1F店),安联大厦(大连路地铁站2号口步行260米),121.515855,31.258389,杨浦区,本土连锁,1,6,17,18
B0KKZLS58Q,肯悦咖啡国华店,三门路99号一层,121.512444,31.311982,杨浦区,独立/精品,1,9,11,22
B0JR45AYC0,星巴克(上海新联地带店),临青路450号101、103单元,121.538895,31.267945,杨浦区,国际连锁,0,4,12,14
B0JD2ULY5T,库迪咖啡(同济联合广场店),彰武路同济联合广场16-7,121.507375,31.281577,杨浦区,本土连锁,1,4,8,6
B0FFIOTW15,星巴克(五角场万达B1店),淞沪路77号万达广场B1层B1058室,121.513087,31.30185,杨浦区,国际连锁,2,13,20,49
B0J177CED0,瑞幸咖啡(建发浦悦荟广场店),杨树浦路316号建发浦悦荟广场底商,121.517029,31.251498,杨浦区,本土连锁,1,11,4,9
B0IDKSHK1Z,COFFEE BEAR(创智天地2期南区店),大学路185号102室(江湾体育场地铁站9号口步行390米),121.509804,31.303721,杨浦区,独立/精品,1,4,39,35
B0LU2RWOVO,Pull-Tab拉环咖啡(上海市杨浦区鞍山路店),四平路街道,121.512836,31.275306,杨浦区,本土连锁,1,9,9,12
B0LGXHDLLM,b3coffee必三咖啡(华润国华广场店),GMALLA区L1层124室,121.511628,31.311907,杨浦区,独立/精品,1,9,18,29
B0HKA9ODL6,Tims咖啡(黄兴路大润发捷枫店),黄兴路1618号大润发(杨浦店)F1层,121.52153,31.289143,杨浦区,国际连锁,0,7,16,12
B0KA7L3QL3,luckin coffee 瑞幸咖啡(江浦路店),江浦路与平凉路交叉口西北40米,121.526475,31.258825,杨浦区,本土连锁,1,9,4,7
B0KBGD2MWM,luckin coffee 瑞幸咖啡(鞍山片区店),中通雅苑西南门旁(鞍山新村地铁站1号口步行470米),121.512715,31.275402,杨浦区,本土连锁,1,9,9,12
B0IGMS57C0,瑞幸咖啡(绿地汇创国际广场店),国定东路273弄3号底商,121.520938,31.297634,杨浦区,本土连锁,0,7,16,13
B0LUJS9DWG,库迪咖啡(中海海上和集店),江浦路街道飞虹路788号102室,121.514995,31.268462,杨浦区,本土连锁,0,4,4,4
B0J6PKXHBZ,Tims天好咖啡(互联宝地得物捷枫店),黄兴路221号杨浦园二期T7栋L1-101,121.526838,31.272213,杨浦区,国际连锁,0,2,16,11
B0JB75NO0R,瑞幸咖啡(君庭广场店),政恒路139号君庭广场底商,121.506236,31.310354,杨浦区,本土连锁,1,6,14,21
B0K3C44C0D,肯悦咖啡同济大学四平路校区店,四平路1239号,121.50057,31.28172,杨浦区,独立/精品,0,3,0,7
B0KGSUIOAS,luckin coffee 瑞幸咖啡(中原路店),天翔小区西门旁(翔殷路地铁站1号口步行130米),121.532167,31.306675,杨浦区,本土连锁,1,3,2,3
B0KAJZUXHX,NOWWA挪瓦咖啡(上海中原大厦店),中原路83号-5(嫩江路地铁站2号口步行260米),121.531762,31.311674,杨浦区,本土连锁,1,4,4,3
B0G19XB7YY,瑞幸咖啡(宝地广场城市集市店),唐山路1018号地下一层B122-B11号铺,121.511909,31.261651,杨浦区,本土连锁,1,9,12,19
B0KAG50FIL,luckin coffee 瑞幸咖啡(春岚苑店),鹏程苑西北门旁(嫩江路地铁站3号口步行220米),121.532275,31.315525,杨浦区,本土连锁,1,6,4,3
B0I2KZGEW8,M Stand(财经大学金融谷店),纪念路8号财大科技园6号楼101室(麦当劳一侧进入园区),121.491451,31.298208,杨浦区,本土连锁,0,4,3,8
B0LRXL2QJQ,库迪咖啡(五角场万达广场店),淞沪路77号万达广场B1,121.513749,31.301288,杨浦区,本土连锁,2,14,16,48
B0JRZSYXG9,1906社区公益咖啡,延吉东路105号,121.543716,31.294875,杨浦区,独立/精品,0,9,1,3
B0K6AHOOM9,Richessse·大發咖啡(南邻北里店),清流环一路121号,121.500628,31.31308,杨浦区,独立/精品,0,6,0,1
B0LBL7PJ7C,肯悦咖啡四平电影院店,四平路901号一层1-01,121.501255,31.275403,杨浦区,独立/精品,1,6,4,10
B00155LKUM,星巴克(仲盛B1店),莘庄镇都市路5001号仲盛世界商城,121.387216,31.106565,闵行区,国际连锁,0,8,9,9
B0K3U5RB26,瑞幸咖啡(凯德龙之梦莘庄店),沪闵路6088号莘庄凯德龙之梦负一层31号,121.378283,31.107788,闵行区,本土连锁,1,7,12,12
B0JGB18NKC,初心咖啡(申滨南路店),申滨南路899号初心驿虹立方党群服务中心,121.311269,31.19104,闵行区,独立/精品,0,12,25,32
B0FFK1B9SX,星巴克(宝龙城店),七宝镇漕宝路3509号汇宝购物广场1楼C区(七莘路),121.355375,31.157573,闵行区,国际连锁,0,2,19,22
B00155FSMA,星巴克(虹梅路店),虹梅路3188-1号,121.387494,31.187998,闵行区,国际连锁,0,3,13,13
B0J2VUAZY8,Dormito Cafe云南咖啡餐厅(满天星生活广场店),吴泾镇莲花南路3999弄满天星生活广场4号楼215(2楼海底捞隔壁),121.445014,31.038217,闵行区,独立/精品,1,6,4,4
B0FFG74ERJ,星巴克(龙盛广场店),都市路3759号龙盛国际商业广场126室,121.39933,31.085589,闵行区,国际连锁,0,4,5,9
B0H06DDP10,Peet's Coffee皮爷咖啡(上海万象城店),上海城区吴中路1599号上海万象城购物中心L1层L109c号商铺,121.368956,31.170642,闵行区,国际连锁,1,6,17,26
B0KBHDI1HD,nth coffee·n次咖啡(韩国街店),吴中路1329号A116,121.374844,31.172986,闵行区,独立/精品,0,8,30,50
B0FFMGIMMR,星巴克(上海虹桥站店),虹桥出发层2F-北13F-C4,121.321853,31.19447,闵行区,国际连锁,2,15,0,10
B0G04L84QD,和它.交个朋友狗咖猫咖(爱琴海店),闵行区吴中路1588号爱琴海购物中心2楼(外庭喇叭花电梯旁),121.373308,31.174863,闵行区,独立/精品,1,11,30,38
B0FFFIAY33,咖啡伦敦(金汇南路总店),金汇南路225号1层A室,121.377642,31.170137,闵行区,独立/精品,0,5,20,26
B0J21RH7H8,Peet's Coffee 皮爷咖啡(上海七宝领展广场店),漕宝路3366号上海七宝领展广场1F层151D,121.349688,31.154185,闵行区,国际连锁,1,6,11,19
B0FFGSTWG1,brown sixty(天乐广场店),银亭路68天乐广场F1层,121.3752,31.172084,闵行区,独立/精品,0,9,30,50
B0FFJ1T6YC,U&TIME CAFE游走时光咖啡馆·餐吧(红星美凯龙店),红星国际广场东南门旁(联航路地铁站1号口步行390米),121.511773,31.075663,闵行区,独立/精品,1,2,0,6
B0HKYDU3Y7,Peet's Coffee皮爷咖啡(上海维璟印象城),上海城区七莘路1507号上海维璟印象城1栋1层024-X2号铺位,121.363181,31.131493,闵行区,国际连锁,1,5,16,15
B0JU3HC27Y,一尺花园(大零号湾店),剑川路953号(近零号湾地面停车场),121.421025,31.025983,闵行区,独立/精品,1,3,6,10
B0FFJP5JO6,星巴克(漫游城步行街店),"万源南路99弄6号107,108室",121.397417,31.133595,闵行区,国际连锁,0,7,25,24
B0GKMKO478,Home Cafe咖啡工作室(虹梅路店),虹梅路2905号附近,121.393543,31.178779,闵行区,独立/精品,0,5,4,5
B0IA3XHSRP,Tims天好咖啡(虹桥新天地购物中心店),申长路869号/799号龙湖天街,121.315159,31.192096,闵行区,国际连锁,1,21,35,44
B0G3RM9QCM,Peet's Coffee皮爷咖啡(虹桥天地店),苏虹路17号地下1层05B室,121.315372,31.194491,闵行区,国际连锁,1,20,33,47
B0FFH165FT,星巴克,江月路1888号浦江城市生活广场一楼-E05商铺,121.504321,31.082584,闵行区,国际连锁,1,9,3,9
B0FFFOOJBV,星巴克(金悦乐坊广场店),鹤庆路900号老闵行生活广场A4单元1层,121.404041,31.006209,闵行区,国际连锁,0,7,2,10
B0FFF9SCP4,松果咖啡休闲餐厅(七宝万科店),七宝镇七莘路3333弄8区3号102室,121.343029,31.15932,闵行区,独立/精品,1,2,6,6
B0I3TRHN7V,holy bagel,虹梅路3219-3223号1楼P室,121.387745,31.187201,闵行区,独立/精品,0,2,15,13
B0FFKUNCNC,Manner Coffee(虹桥天地店),申长路900号虹桥天地北区2号楼F1层,121.314453,31.195033,闵行区,本土连锁,1,19,32,46
B0HGMX0158,瑞幸咖啡(上海爱琴海店),虹井路120弄5号爱琴海购物公园一层W188铺,121.372186,31.174638,闵行区,本土连锁,1,10,31,37
B001572L12,widcoffee(井亭首尔购物中心店),虹桥镇井亭大厦虹泉路1000号井亭大厦二楼,121.375118,31.170351,闵行区,独立/精品,0,6,25,34
B0FFKSCOEV,瑞幸咖啡(金臣中心店),甬虹路78弄2号金臣中心底商,121.316248,31.190039,闵行区,本土连锁,0,15,21,32
B0HB712ANH,之间咖啡,申富路800号,121.369822,31.077938,闵行区,独立/精品,0,3,1,2
B0JRSZKNHM,Peet's Coffee皮爷咖啡(海梦一方店),上海城区莲花南路1389号L01-52号铺,121.413875,31.099675,闵行区,国际连锁,1,3,5,10
B0GD343HF7,Tims咖啡(爱琴海店),吴中路1588号爱琴海购物公园室内1层(F112a-2、F112b、F112c)号,121.373254,31.174413,闵行区,国际连锁,1,11,31,47
B0K2SU940C,福利咖啡院FULLYCAFE(合川路店),合川路3380号A栋集装箱,121.379681,31.182696,闵行区,独立/精品,0,5,12,14
B00155NDOQ,CafeDuVillage乡村咖啡馆,保乐路620号(近金丰路),121.284639,31.201821,闵行区,独立/精品,1,6,4,7
B0FFHIDJUH,ink·墨咖啡(虹桥天街店),申滨南路1058号龙湖虹桥天街办公区D栋109室,121.312274,31.190652,闵行区,独立/精品,0,11,25,34
B0HRCUMDIB,LAVAZZA拉瓦萨咖啡(上海万源城店),万源路575弄1-3号7号,121.395425,31.141725,闵行区,国际连锁,1,11,2,7
B0GR573HKH,时光咖啡馆酒吧,莘建东路399弄26支弄54号,121.382235,31.10908,闵行区,独立/精品,2,11,11,12
B0FFKYM9HZ,神户咖啡(金汇路店),金汇路528号虹桥古玩城一楼,121.374009,31.18099,闵行区,独立/精品,0,6,11,10
B0FFLKL8KE,Jen’s COFFEE,虹泉路888号,121.376325,31.170625,闵行区,独立/精品,0,9,24,27
B0HBXLR5MV,前院花园咖啡(星发大厦店),金汇路465号欢合酒店后方停车场内玻璃房,121.374195,31.178493,闵行区,独立/精品,1,6,21,27
B0JRHBL1N5,Peet's Coffee皮爷咖啡(凯德闵行商业中心),沪闵路6088号凯德闵行商业中心F1层01-39,121.37822,31.107866,闵行区,国际连锁,1,7,12,12
B0GR6X28H6,瑞幸咖啡(龙湖上海闵行天街二店),颛桥镇剑川路1000弄龙湖上海闵行天街四层A-4F-13b,121.414887,31.026158,闵行区,本土连锁,1,6,4,9
B0FFJ2YR4V,瑞幸咖啡(维璟印象城店),莘庄镇七莘路1507号维璟印象城三层50室,121.363265,31.130818,闵行区,本土连锁,1,4,16,15
B0K0YHGCPP,虫二·Zen,虹井路120弄160号(龙柏新村地铁站3号口步行100米),121.371487,31.174496,闵行区,独立/精品,1,8,30,42
B0HULD4IJI,% Arabica阿拉比卡咖啡(万象城店),吴中路1599号上海万象城L1层,121.370837,31.171308,闵行区,国际连锁,0,5,29,51
B0FFM0UQSM,星巴克(上海虹桥火车站出发2店),铁路虹桥站3F西平台303室(虹桥火车站地铁站南2入口旁),121.318642,31.193784,闵行区,国际连锁,1,16,21,30
B0FFJGQUHJ,星巴克臻选(上海虹桥新天地三店),绍虹路99号虹桥天地108室,121.315312,31.191342,闵行区,国际连锁,1,20,30,42
B0FFHLMD1V,星巴克(龙湖虹桥天街店),申长路799号龙湖天街B馆1楼(麦当劳后面),121.313348,31.191277,闵行区,国际连锁,0,17,31,41
B0LRTOBAFX,星巴克(上海凯德闵行商业中心店),沪闵路6088号莘庄凯德龙之梦1楼01-27号,121.378606,31.108405,闵行区,国际连锁,1,6,11,12
B0FFFWQ0ZP,星巴克(万源城店),万源路930-932-934号,121.393956,31.148734,闵行区,国际连锁,0,6,2,4
B0FFG0YZYH,星巴克(古美文创街店),古美路569号1F,121.404576,31.145104,闵行区,国际连锁,0,12,1,4
B00155QN4Z,星巴克(虹桥机场T2到达店),虹桥机场T2航站楼到达区1层,121.328096,31.193646,闵行区,国际连锁,1,11,1,14
B0FFM89MTH,星巴克臻选(上海龙湖闵行天街店),剑川路1000弄1号龙湖闵行天街A-1F-36-37,121.415816,31.025947,闵行区,国际连锁,1,5,7,10
B0FFI14RLL,星巴克(莘庄维璟印象城店),莘庄镇七莘路1507号怡丰城一楼,121.3633,31.131499,闵行区,国际连锁,1,5,16,15
B0FFG2KRXP,星巴克(虹桥天地一店),申长路900号虹桥天地广场2号楼一层103单元,121.314464,31.193102,闵行区,国际连锁,1,21,39,49
B0FFF00600,星巴克(浦江科技广场店),陈行路2388号浦江科技广场1号楼银杏广场1层101室,121.506846,31.096646,闵行区,国际连锁,1,4,3,13
B00155ITWO,星巴克(南方商城店),沪闵路7388号南方商城1楼,121.401171,31.131642,闵行区,国际连锁,1,10,26,28
B0FFJZL2N7,星巴克(万象城LG店),吴中路1791号,121.369126,31.170659,闵行区,国际连锁,1,6,17,27
B00155LL5K,星巴克(新都会店),莲花南路1500号梅陇镇新都会15-B单元,121.41336,31.097832,闵行区,国际连锁,0,5,8,10
B0FFGCY4FT,星巴克(十尚坊店),龙茗路1025号814单元,121.386558,31.137687,闵行区,国际连锁,0,6,2,7
B0FFIPIHDX,星巴克(颛桥万达店),都市路2700号1001A,121.405552,31.071548,闵行区,国际连锁,0,6,3,5
B0FFMHCKUZ,星巴克(申北路店),申北路8号2幢1层A8103/A8106,121.385915,31.091974,闵行区,国际连锁,0,6,0,4
B0FFF00MF1,星巴克畹町路店,上海市闵行区畹町路118号-122号,121.40233,31.105474,闵行区,国际连锁,0,8,0,7
B0FFIL2D26,星巴克(兴梅路店),兴梅路1234号1-2层,121.411232,31.105592,闵行区,国际连锁,0,3,2,7
B0FFH8SRIC,星巴克(1699广场店),古北路1699号一层102单元,121.402925,31.188479,闵行区,国际连锁,1,9,9,6
B0FFGFYU6C,星巴克(漕河泾浦江科技园F区店),新骏环路188号浦江科技园8幢102-2室,121.520409,31.09098,闵行区,国际连锁,0,4,2,1
B0FFF51BT0,星巴克(虹桥国际商务广场店),合川路2679号虹桥国际商务广场B座103室,121.383475,31.167566,闵行区,国际连锁,1,7,9,16
B0HGMX1IAE,星巴克(爱琴海购物中心店),吴中路1588号爱琴海购物中心1F层,121.372962,31.175107,闵行区,国际连锁,1,10,30,36
B0FFHDJXS0,星巴克(永德弘基广场店),永德路419号弘基时尚生活中心1层109室,121.456479,31.041176,闵行区,国际连锁,0,5,4,2
B0FFM89O9A,星巴克(浦江万达广场店),浦江镇永跃路360号浦江万达广场一层6号门入口5米,121.511301,31.026824,闵行区,国际连锁,0,9,4,4
B0FFIG4823,星巴克(吴泾宝龙店),尚义路39弄3号吴泾宝龙广场1层1F-5-6-1,121.451394,31.038787,闵行区,国际连锁,0,4,2,9
B0I69G62OR,星巴克(紫竹半岛店),东川路333弄31号地上1层102室-1座,121.468813,31.026901,闵行区,国际连锁,1,3,0,1
B0HBANLL5F,星巴克(上海浦江欢乐颂店),陈行公路2688号上海浦江欢乐颂L114-115单元,121.503976,31.094614,闵行区,国际连锁,1,5,3,9
B0FFKNWPNV,星巴克臻选(爱琴海购物公园2店),虹井路120弄6号F111b-F111c号,121.373672,31.174541,闵行区,国际连锁,1,9,31,48
B0KKSSV9YS,瑞幸咖啡(浦江城市广场店),江月路1850弄浦江城市生活广场A座一层,121.504597,31.082594,闵行区,本土连锁,1,11,3,9
B0G0LCJQHY,客入咖啡棋牌(虹梅店),虹梅南路1008弄2号楼2楼,121.424552,31.123394,闵行区,独立/精品,0,5,2,8
B0FFF5ZJOP,星巴克(乐虹坊店),虹井路288号乐虹坊一楼103单元,121.371403,31.176746,闵行区,国际连锁,1,8,19,29
B0G3TUO5AN,Manner Coffee(上海七宝领展广场店),漕宝路3366号七宝领展广场B1层B101A-3室(近七宝地铁站4号口),121.349522,31.154539,闵行区,本土连锁,1,6,10,18
B0GRXZ7S5O,星巴克(上海虹桥中骏广场店),申长路1688弄5幢6号101室,121.314269,31.212399,闵行区,国际连锁,0,11,13,11
B0FFHI3LI3,星巴克(七宝老街店),横沥路108号一层101单元,121.354284,31.154305,闵行区,国际连锁,1,2,15,29
B0LDHLJVLF,星巴克(上海虹桥新天地二店),申长路688号虹桥新天地购物中心B1层,121.31568,31.192484,闵行区,国际连锁,1,20,36,47
B0FFKTEX6L,星巴克(金汇南路店),金汇南路158号,121.377321,31.171762,闵行区,国际连锁,0,8,21,31
B0KUX9W76V,PARTICLE COFFEE,兴虹路567号,121.305346,31.20211,闵行区,独立/精品,0,3,4,4
B0FFLNP8KL,瑞幸咖啡(虹桥万科中心店),申长路988弄1号虹桥万科中心一层107室,121.315706,31.197237,闵行区,本土连锁,1,16,15,22
B0FFKXLEN4,瑞幸咖啡(莲花国际广场店),沪闵路7866号莲花国际广场负一层B1-24号,121.402429,31.134106,闵行区,本土连锁,1,11,12,24
B0FFIMY8FS,星巴克(红松路店),"红松路227,235号102A室",121.370046,31.181638,闵行区,国际连锁,0,8,3,6
B0FFFRMBU6,星巴克(上海虹桥机场T2出发店),虹桥机场T2航站楼出发公众区C6-7,121.326514,31.194443,闵行区,国际连锁,1,11,1,16
B0FFJ1U6D6,瑞幸咖啡(万科虹桥云店),新龙路1333弄25号万科七宝国际一期一栋一层,121.336947,31.151588,闵行区,本土连锁,1,4,0,16
B0KA5Z8EMQ,KanesCoffee,虹莘路3998号帝宝国际大厦F1层,121.372665,31.171078,闵行区,独立/精品,0,6,26,56
B0FFIOTVH3,星巴克(万象城办公楼店),吴中路1799号A座UG层203室,121.369193,31.170661,闵行区,国际连锁,1,6,17,28
B0FFHCE5TQ,星巴克(华漕旭辉店),保乐路69弄5号楼118单元,121.291214,31.207763,闵行区,国际连锁,0,4,2,5
B0FFHTVLFT,星巴克(新华联购物中心店),申滨路473号新华联购物中心南区1层L1-09号,121.309227,31.201363,闵行区,国际连锁,0,6,4,7
B0FFHOVTO6,星巴克(新壹坊店),银春路2152号1楼2-105室,121.387841,31.025608,闵行区,国际连锁,0,9,0,6
B0FFF2TQRP,咖啡陪你(虹泉路店),虹泉路1051弄43-45号,121.373972,31.168976,闵行区,独立/精品,0,6,27,33
B00155H7SC,星巴克(吴中路店),吴中路1169号-1号,121.38493,31.176371,闵行区,国际连锁,0,7,22,14
B0FFIWT2PZ,星巴克(星宝广场店),漕宝路1574号1层20室,121.377942,31.157351,闵行区,国际连锁,0,5,2,4
B0FFKNVKXM,星巴克(颛桥万科店),颛兴东路1759号1层106单元,121.40498,31.069044,闵行区,国际连锁,1,6,3,5
B0KDYDXJ8R,Kuku Garden,江月路1473-2号Kuku Garden(江月路地铁站1号口步行360米),121.511553,31.083472,闵行区,独立/精品,1,6,4,5
B0FFHY3JUR,星巴克(尼克互盛大楼店),虹许路528号尼克互盛大楼7号楼,121.393131,31.188141,闵行区,国际连锁,0,4,15,6
B0FFJTOXUL,瑞幸咖啡(如果创意园店),春东路508号IF如果创意园E栋一层106号,121.389331,31.086276,闵行区,本土连锁,1,5,1,3
B0FFM1DBCV,瑞幸咖啡(上海交大闵行校区店),东川路800上海交通大学闵行校区第三餐饮大楼,121.433369,31.026577,闵行区,本土连锁,0,1,2,5
B0LK9SADW7,Peet's Coffee皮爷咖啡(前湾印象城MEGA店),联友路388号第1层第L118、L119号,121.277206,31.21559,闵行区,国际连锁,0,3,9,10
B0FFLEK5KL,星巴克咖啡(闵行万科虹桥云店),新龙路1333弄万科·七宝国际22幢86号,121.336784,31.150006,闵行区,国际连锁,1,2,0,13
B0H6RS81ZS,星巴克(莲花国际广场店),沪闵路7866弄5号7幢一层02商业,121.402613,31.133019,闵行区,国际连锁,1,13,15,23
B0HA3G2SQ9,Tims咖啡(上坤中心店),上坤路77弄1层17号(航中路地铁站4号口步行200米),121.354789,31.16358,闵行区,国际连锁,1,7,16,18
B0H1T7JC5K,Manner Coffee(凯德闵行商业中心店),沪闵路6088号凯德闵行商业中心F1层01-25,121.378986,31.10773,闵行区,本土连锁,1,6,11,12
B0FFIL2DIU,星巴克(上海诺亚财富中心店),绍虹路218号一层101室,121.312591,31.193368,闵行区,国际连锁,0,17,36,46
B0FFHHL43B,宝龙艾美酒店(北纬31大堂吧),漕宝路3299弄15号宝龙城F1层,121.356265,31.157519,闵行区,独立/精品,0,2,19,20
B0G2NX7BWT,贝瑞咖啡(吴中路店),虹桥镇吴中路1688号W广场B栋德克士大楼7楼,121.370672,31.173296,闵行区,独立/精品,1,5,26,49
B0I30ONI9U,Peet's Coffee皮爷咖啡(南方百联店),沪闵路7388号百联南方购物中心第一层G04-F01-1-13003B,121.400993,31.131423,闵行区,国际连锁,1,10,26,27
B0FFI91LCO,星巴克(龙吴路店),龙吴路5555号108-109单元,121.467575,31.042675,闵行区,国际连锁,0,7,4,4
B0FFKB7R1B,瑞幸咖啡(宝燕商城虹中路店),虹中路535号宝燕商城一层107号,121.377913,31.187273,闵行区,本土连锁,0,7,5,7
B0FFIYV1FC,星巴克(彩生活广场店),莘福路288号闵行日月光中心一层106单元,121.362771,31.103383,闵行区,国际连锁,0,3,4,6
B0J0HHVYCT,瑞幸咖啡(虹桥机场T2出发层北区店),申达路1号上海虹桥国际机场2号航站楼出发禁区内一层d55-3a室,121.32724,31.194183,闵行区,本土连锁,1,11,1,14
B00156EE0R,COSTA COFFEE(上海解放日报大厦店),都市路4855号1楼02单元(解放日报大厦1座),121.390066,31.104231,闵行区,国际连锁,0,8,6,7
B0FFKXAZJZ,someet cafe,古美路563号,121.404843,31.14446,闵行区,独立/精品,0,11,1,4
B0JR452CT2,SOO CAFE(咖啡店),普洱路128弄82号(菜鸟驿站斜对面),121.388834,31.098519,闵行区,独立/精品,1,5,1,1
B0FFFE43KN,Costa Coffee(上海华漕丰尚国际店),运乐路569弄4号102单元,121.283037,31.203346,闵行区,国际连锁,1,6,4,8
B0FFKL1G5S,瑞幸咖啡(上海置业广场店),东川路2088号置业广场底商,121.419945,31.015368,闵行区,本土连锁,1,9,1,7
B0FFGWGMGI,More Coffee(井亭天地生活广场西区店),虹泉路1078号井亭天地生活广场西区1层11,121.373533,31.169729,闵行区,独立/精品,0,5,27,40
B0I15RYQAJ,M Stand(宝龙城店),漕宝路3299弄18号宝龙商业广场中庭L1-007a,121.354934,31.158491,闵行区,本土连锁,0,2,20,19
B0FFL2ZKH1,星巴克臻选(姚虹路店),姚虹路69号(姚虹路和吴中路交叉路口),121.408796,31.185997,闵行区,国际连锁,0,4,3,2
B0I0U57ZO0,Peet’s coffee皮爷咖啡(科技绿洲店),田林路889号科技绿洲四期5幢106-110室,121.389902,31.163561,闵行区,国际连锁,0,4,7,14
B0KAJU8KYM,东滩社创Coffee&Tea(河东小区店),江川路街道横泾东路49弄13号(新闵路与南溪路交叉口党群服务站内),121.430285,31.00373,闵行区,独立/精品,0,4,0,2
B0FFL5JFPT,星巴克(上海万科城花新园店),中春路8889弄45幢1层1-5号,121.335568,31.155401,闵行区,国际连锁,0,4,0,3
B0G2CD795V,星巴克(上海井亭天地生活广场店),井亭天地生活广场西区,121.373343,31.169689,闵行区,国际连锁,0,5,27,40
B0FFJ3TRRO,星巴克(万辉国际广场店),虹梅南路863号6幢1层01室,121.422269,31.124893,闵行区,国际连锁,0,3,3,9
B0FFJCT5VK,瑞幸咖啡(绿亮科创园店),虹梅南路2588号一层A101、A102室,121.43501,31.097033,闵行区,本土连锁,0,3,1,1
B0G3FUL6P9,Tims咖啡(龙盛国际店),都市路3759号龙盛国际商业广场一楼,121.399132,31.085048,闵行区,国际连锁,0,4,5,9
B00156N6TX,上海星河湾酒店意咖啡西餐厅,都会路3799号星河湾酒店B1,121.408789,31.087888,闵行区,独立/精品,0,4,3,2
B0I1256PCK,星巴克咖啡(上海古美生活购物广场店),龙茗路1136号101室,121.38544,31.142829,闵行区,国际连锁,0,6,0,7
B0FFKMC9OE,瑞幸咖啡(浦江博乐诗店),联航路1670号博乐诗服务公寓底商,121.514728,31.076334,闵行区,本土连锁,1,2,3,11
B0FFK35I2L,瑞幸咖啡(漫游城步行街店),古美西路45号中庚漫游城4号楼一层108号,121.396277,31.130506,闵行区,本土连锁,0,6,23,20
B0FFGIRL5V,星巴克(诺宝中心店),漕宝路1688号诺宝中心大酒店1层,121.372781,31.15767,闵行区,国际连锁,1,3,2,2
B0HBTO5230,Tims咖啡(虹桥丽宝店),锡虹路368号B1层,121.311113,31.195256,闵行区,国际连锁,0,11,28,34
B0GD3Y2FIS,瑞幸咖啡(碧江广场店),鹤庆路900号碧江广场4号一层105室,121.404707,31.006789,闵行区,本土连锁,0,7,2,9
B0FFK904G1,瑞幸咖啡(龙盛国际广场店),都市路3759号龙盛国际商业广场一层124A室,121.398851,31.085267,闵行区,本土连锁,0,4,5,9
B0GD3G277L,瑞幸咖啡(上海浦江智谷店),联航路1188号1号楼一层大堂,121.525514,31.079998,闵行区,本土连锁,0,4,0,4
B0J0BUUBN2,暴走的咖啡豆(交通大学店),东川路800号(人文学院二楼连廊),121.439668,31.021864,闵行区,独立/精品,0,2,4,3
B0HB4N5YCT,星巴克(上海中欧街店),浦星公路567弄2号第一层103A单元,121.498285,31.120188,闵行区,国际连锁,1,7,3,6
B0JDRCKOPR,瑞幸咖啡(上海闵行光华路店),光华路323号,121.392635,31.070212,闵行区,本土连锁,0,3,10,12
B0KDSMPHU2,黑狗咖啡(星期八商务楼店),古美路35号星期八商务楼F1层,121.403145,31.136808,闵行区,独立/精品,0,8,4,6
B0FFHJ979X,星巴克(春申里店),春申路3333号1楼149室,121.396034,31.103735,闵行区,国际连锁,0,3,1,3
B0JRZC7ZZR,库迪咖啡(闵行春申路店),春申路2525弄芭洛商务大厦7幢102室(停车场出入口东侧),121.41454,31.110258,闵行区,本土连锁,0,6,4,4
B0L2T53DUJ,0566珈琲製作所(上海万象城店),吴中路1599号L117b,121.370422,31.171127,闵行区,独立/精品,0,6,28,51
B0FFKNWPNZ,星巴克(上海国拓广场店),莘松路195号国拓广场1F9单元,121.375463,31.107045,闵行区,国际连锁,1,10,15,12
B0FFIYKL4B,瑞幸咖啡(七宝宝龙中庭店),闵行区新龙路405号一层T3号楼底商,121.354116,31.158644,闵行区,本土连锁,0,2,20,22
B0G0V1OW1A,瑞幸咖啡(吴泾宝龙广场店),尚义路39弄3号宝龙广场一层澳门街内120-1号,121.450913,31.038513,闵行区,本土连锁,0,5,3,9
B0JBPLA6RH,Tims咖啡(七宝宝龙城店),漕宝路3299弄16-5号,121.354392,31.158359,闵行区,国际连锁,0,2,22,20
B0HRDKVIVF,星巴克(上海融信上坤中心店),上坤路与号文路交叉口东约80米,121.354996,31.16415,闵行区,国际连锁,1,7,12,16
B0FFIRSMHQ,星巴克(唯品会店),"申长路1588弄6号6号楼104,105,106单元",121.31386,31.209698,闵行区,国际连锁,0,8,16,14
B0K0CCBTPY,COVA(万象城MixC店),吴中路1599号上海万象城购物中心L1层,121.368875,31.170325,闵行区,独立/精品,1,5,16,22
B0FFM7K6LK,Manner Coffee(中骏广场店),申长路1588弄26号中骏广场1期5号楼101室,121.31344,31.20963,闵行区,本土连锁,0,7,16,17
B0K60RYNUP,Peet's Coffee 皮爷咖啡(中庚漫游城店),闵虹路8号中庚漫游城内地上层OUTL104号,121.397239,31.133634,闵行区,国际连锁,0,7,24,23
B0FFGYNUI0,星巴克(近铁虹桥中心店),合川路3111号,121.379942,31.179131,闵行区,国际连锁,0,4,14,15
B0K1NARG6T,瑞幸咖啡(浦江欢乐颂东门店),陈行公路2262号浦江欢乐颂广场底商,121.504497,31.095098,闵行区,本土连锁,1,5,3,9
B0FFMA7XFE,瑞幸咖啡(奇亚特中心店),江月路999号奇亚特中心1幢一层大堂,121.521924,31.085949,闵行区,本土连锁,0,5,5,3
B0I13US1W0,瑞幸咖啡(古北1699店),古北路1699号古北1699地下一层B123-3室比高电影城内,121.403021,31.188551,闵行区,本土连锁,1,9,9,6
B0H17Z7BJI,Tims咖啡(原竹琥珀古北店),红松东路1000号1层104室,121.397,31.18834,闵行区,国际连锁,0,5,16,5
B0FFFSSHFP,Costa Coffee(上海紫竹店),东川路555-8号一层B座,121.45305,31.022226,闵行区,国际连锁,1,4,2,2
B0JK4ZKWO3,瑞幸咖啡(七宝民主路店),七宝镇民主路6号-1底商(七宝地铁站2号口步行390米),121.352266,31.154063,闵行区,本土连锁,1,2,15,24
B0JRVSKB4V,愈己咖啡(耀莱物联网产业园店),联川路319号耀莱物联网产业园,121.525328,31.0751,闵行区,独立/精品,0,3,2,4
B0LBFUZFLZ,瑞幸咖啡(虹桥总部一号店),紫秀路100号虹桥总部5号楼一层,121.382383,31.180102,闵行区,本土连锁,0,6,16,14
B0FFH10U6K,越南中原传奇咖啡(力波店),上中西路155号力波·九坊F1层,121.413371,31.13331,闵行区,独立/精品,0,5,1,7
B0J1VHC09S,BeanStar比星咖啡(上海七宝领展广场店),漕宝路3366号七宝万科广场B1,121.350393,31.154433,闵行区,本土连锁,1,3,11,20
B0FFM89XEB,星巴克(上海华漕丰尚国际广场),运乐路571-575号,121.282726,31.203964,闵行区,国际连锁,1,6,4,8
B0FFGDRF3T,星巴克(丽婴房大厦店),七莘路1855号丽婴房大楼1层(华中路),121.361741,31.136106,闵行区,国际连锁,0,4,12,6
B0JK0UNZVN,库迪咖啡(虹桥龙湖天街店),申长路869号龙湖虹桥天街B2中庭,121.313028,31.192596,闵行区,本土连锁,0,18,37,45
B0FFMGR79N,瑞幸咖啡(万科VMO店),浦锦路2049弄万科VMO38号楼底商,121.484925,31.110675,闵行区,本土连锁,0,3,1,3
B0IKYNAKGQ,瑞幸咖啡(莘庄仲盛世界商城店),都市路5001号仲盛世界商城负一层F03-04B室,121.387772,31.107847,闵行区,本土连锁,1,9,8,10
B0HAXBN77R,星巴克(上海闵行星河湾店),都会路3788弄商业街2栋101,121.410292,31.087331,闵行区,国际连锁,0,4,3,3
B0K21U08GG,MAAN COFFEE漫咖啡(利丰广场店),宜山路2000号利丰广场4号楼101室,121.385536,31.167523,闵行区,独立/精品,1,6,9,16
B0J0FSP97T,Costa Coffee(上海力波九坊店),虹梅南路379弄30号114-115-116室,121.4128,31.134036,闵行区,国际连锁,0,5,2,7
B0JBYAQ127,Tims天好咖啡(尚乐坊店),兴梅路1221号一层1223号局部,121.411366,31.105321,闵行区,国际连锁,0,3,2,7
B0I0C5FL8U,M Stand(上海爱琴海店),虹井路120弄6号爱琴海购物中心F1层153AB商铺,121.372752,31.174699,闵行区,本土连锁,1,11,30,39
B0FFKSEOHE,瑞幸咖啡(九星宝龙中心店),新镇路1509弄1号九星集团大厦一层T8,121.356637,31.158861,闵行区,本土连锁,0,2,19,18
B0G1FALK72,星巴克(上海吴泾满天星广场店),"莲花南路3999弄9号116,117室",121.443997,31.038955,闵行区,国际连锁,1,6,4,4
B0FFIU6KU2,瑞幸咖啡(中环科技园店),兴梅路485号中环科技园一层102室,121.427575,31.109775,闵行区,本土连锁,0,3,0,4
B0FFMA7DFP,瑞幸咖啡(东苑丽宝广场店),莘松路58号东苑丽宝广场1号楼底商,121.377111,31.109042,闵行区,本土连锁,1,12,11,16
B0LR6ZF574,NplusCoffee,申滨南路1226号诺亚财富中心,121.310875,31.193775,闵行区,独立/精品,0,10,29,36
B0FFKSY8S4,瑞幸咖啡(阿里中心店),申长路1398弄1-4号阿里中心大厦T1幢底商,121.313651,31.20491,闵行区,本土连锁,0,10,12,13
B0FFK582ZZ,瑞幸咖啡(中铁诺德国际中心店),秀文路908弄21号中铁诺德国际中心一层,121.362485,31.122514,闵行区,本土连锁,0,6,5,12
B0FFIMY8NK,星巴克(虹桥万科中心B2店),申长路988弄虹桥万科中心LG2层230号单元,121.31442,31.197069,闵行区,国际连锁,0,14,24,24
B0FFHI50EC,星巴克(七宝万科广场1F店),漕宝路3366号五层L522A+B、L543单元,121.349696,31.153906,闵行区,国际连锁,1,5,11,19
B0JUGZZ4FH,库迪咖啡(吴泾宝龙广场店),吴泾镇尚义路39弄3号123室(内街最北侧),121.450826,31.038789,闵行区,本土连锁,0,4,3,9
B00155QG4W,两岸咖啡(东川店),东川路2370号2层(金平路地铁站2号口步行160米),121.410529,31.012601,闵行区,独立/精品,1,4,2,5
B0G365M87S,星巴克(上海金平路店),金平路517-521号,121.410125,31.015841,闵行区,国际连锁,0,4,2,5
B0J2UXIUBD,Tims天好咖啡(闵行星悦荟店),银春路2221弄6号C-1F-5,121.386414,31.02458,闵行区,国际连锁,0,7,0,6
B0HK1RATA1,Costa Coffee(上海乐坊西南商城店),沪闵路131号乐坊西南商城一层,121.425474,31.002447,闵行区,国际连锁,1,10,0,4
B0H0BO2NEK,瑞幸咖啡(百联南方购物中心店),沪闵路7388号百联南方购物中心二层1区-F02号,121.400605,31.131706,闵行区,本土连锁,1,10,26,28
B0KD3CY3K9,Peet's Coffee皮爷咖啡(龙湖虹桥天街店),申长路869号1层A-1F-23室,121.313436,31.191736,闵行区,国际连锁,0,19,36,43
B0FFKW84OK,星巴克上海西子国际中心,秀文路898号五幢102、103(部分),121.363106,31.123888,闵行区,国际连锁,0,5,4,15
B0HDRPS7CG,Tims咖啡(啦啦荟城2F捷枫店),沪闵路7399号2层208(莲花路地铁站出入口步行210米),121.401072,31.131543,闵行区,国际连锁,1,10,26,28
B0GU7RHTIZ,桃仙咖啡,沈杜公路北徐家宅136号,121.564959,31.078341,闵行区,独立/精品,0,3,0,2
B0LD5XTV9T,7Days Coffee,东川路800号交通大学植物园内,121.436177,31.028536,闵行区,独立/精品,0,1,2,3
B0IBYZTQYV,luckin coffee 瑞幸咖啡(上海浦江万达广场店),浦江镇永跃路360号浦江万达6号门1层1009,121.511375,31.026675,闵行区,本土连锁,0,9,4,4
B0H3DHR1Y7,瑞幸咖啡(颛桥万达1F店),都市路2700号万达广场店一层1038室,121.406005,31.070737,闵行区,本土连锁,0,5,3,5
B0JK6KXB5X,Peet's Coffee 皮爷咖啡(上海浦江欢乐颂店),陈行公路2688号上海浦江欢乐颂L1层,121.503567,31.094498,闵行区,国际连锁,1,5,2,9
B0HRVXH9CI,星巴克(上海会展中骏广场店),龙蟠桥路39号,121.283083,31.212771,闵行区,国际连锁,0,2,13,9
B0I0OH4E25,空咖咖啡,宝山区场中路4098弄20号,121.415428,31.30078,宝山区,独立/精品,1,8,2,5
B0HA91B7BA,瑞幸咖啡(宝杨宝龙广场店),同济路699弄4号上海宝杨宝龙广场二层M-F2-006,121.481609,31.395835,宝山区,本土连锁,1,3,6,8
B0FFJ14ZMK,瑞幸咖啡(大华虎城店),大华路352号大华虎城嘉年华一层105室,121.414066,31.270134,宝山区,本土连锁,0,11,10,21
B0FFLEBVJV,瑞幸咖啡(宝山龙湖北城天街店),陆翔路1018弄4号宝山龙湖北城天街一层105室,121.363069,31.358185,宝山区,本土连锁,1,6,4,9
B0LBCHDD4T,一尺花园(定海神针店),云海路59号15-18层,121.487344,31.414457,宝山区,独立/精品,0,6,0,2
B0J2SDQT9S,星巴克臻选(真华路店),真华路928号一层101室,121.411132,31.271229,宝山区,国际连锁,0,7,9,21
B0GD341CDU,luckin coffee 瑞幸咖啡(经纬汇店),经地路99弄3座一层31室(南陈路地铁站1号口步行310米),121.399266,31.324254,宝山区,本土连锁,1,5,10,4
B0FFIBIAN0,星巴克(龙湖宝山天街店),丹霞山路50弄1号麦当劳对面(刘行地铁站1号口步行210米),121.362176,31.359277,宝山区,国际连锁,1,6,4,9
B0FFGTI47B,星巴克(场北路店),纪蕰路320弄2号一层101室,121.438125,31.335275,宝山区,国际连锁,1,4,2,5
B0FFFN17GX,星巴克(大华三路店),大华三路81号美隆生活广场1层A5室,121.418909,31.275718,宝山区,国际连锁,1,8,0,3
B0FFKYGIS5,瑞幸咖啡(宝山万达店),一二八纪念路1000弄宝山万达金街一号口一层101-3室,121.445899,31.323431,宝山区,本土连锁,0,5,10,17
B0LGDDIVA8,一尺花园(淞沪铁路月台店),长江路258号B3幢1-2层,121.498755,31.349136,宝山区,独立/精品,1,3,0,6
B0IBY78TVV,一尺花园(美兰湖店),罗芬路555弄21号22号(门店旁地面停车场),121.357216,31.398297,宝山区,独立/精品,0,2,4,8
B0LA5UKCTG,一尺花园(矿坑花园店),宝杨路1弄7号吴淞炮台湾湿地公园内矿坑石屋,121.505533,31.402481,宝山区,独立/精品,0,3,5,6
B0LBUH42F3,b³ coffee必三咖啡(大华第一坊店),真华路950号(近大华二路),121.411596,31.272803,宝山区,独立/精品,0,7,7,16
B0LG379AEM,Cosee coffee 远景村店,罗店镇远景村西小35号,121.337288,31.403551,宝山区,独立/精品,0,2,1,1
B0I3TCE4C7,Manner Coffee(宝杨宝龙广场店),同济路669弄1宝杨宝龙广场F1层,121.482098,31.395602,宝山区,本土连锁,1,3,7,9
B0HKJH1JE4,Manner Coffee(上海宝山万达广场店),一二八纪念路956号万达广场上海宝山店1F层,121.447148,31.324394,宝山区,本土连锁,0,5,9,13
B0L651DCRJ,壹人谷Yiren Vally,真华路959号1层,121.410748,31.273638,宝山区,独立/精品,0,8,6,13
B0HKHN8I10,Manner Coffee(宝山日月光中心店),沪太路1933号日月光中心(宝山店)L1层,121.418587,31.294868,宝山区,本土连锁,1,3,4,8
B0HKLHTDTB,上海糖师师西点烘焙咖啡培训学校,一二八纪念路728弄58号1号楼4楼宝山万达对面,121.449242,31.323766,宝山区,独立/精品,0,3,10,11
B0FFJ2IQ6U,Costa Coffee(上海宝山房产交易中心店),宝杨路1369号宝山房产交易中心1楼北101室,121.475831,31.394654,宝山区,国际连锁,1,2,3,2
B0KU95N5MB,Manner Coffee(1876新视觉店),沪太路4290号,121.400948,31.335447,宝山区,本土连锁,0,2,0,2
B0J2CZ6VT9,Addizione咖岩所,采江路78号F10,121.483964,31.414701,宝山区,独立/精品,0,7,0,2
B0LDGMAXNA,库迪咖啡(绿地正大缤纷城店),陆翔路111弄11-115,121.371461,31.345703,宝山区,本土连锁,1,5,5,8
B0HKHACGS8,Tims天好咖啡(宝山花园城店),水产路2069号1幢1层1-021-03号商铺,121.44822,31.368329,宝山区,国际连锁,0,5,5,9
B0FFGCC7H6,星巴克(武威东路店),华灵路1788弄7号甲枫庭丽苑南门,121.408175,31.276575,宝山区,国际连锁,0,7,0,4
B0FFF2RVDF,星巴克(美兰湖店),罗芬路1088号世纪联华1层7894F01001单元,121.35113,31.402729,宝山区,国际连锁,1,8,6,16
B0FFGK90F8,星巴克(宝钢商场店),牡丹江路1738号,121.481921,31.404735,宝山区,国际连锁,0,9,3,5
B00157504J,星巴克(共康路店),共和新路5000弄绿地·风尚新天地商城1层,121.445052,31.321565,宝山区,国际连锁,1,6,15,17
B0FFHPQKXM,星巴克(殷高西路地铁站店),"殷高西路10弄2号101,102-1室",121.484331,31.320176,宝山区,国际连锁,1,4,5,10
B0G1X4HD3K,星巴克(智慧湾科创园店),蕰川路6号48号楼一层,121.433212,31.345096,宝山区,国际连锁,0,1,11,19
B00157BQ4O,星巴克(宝山万达店),一二八纪念路968号万达广场1层1033B铺位,121.446402,31.323884,宝山区,国际连锁,0,5,10,15
B001574JWT,星巴克(上海大华虎城中心店),"大华路518号乐购大华店1层S1,S2单元",121.414631,31.270745,宝山区,国际连锁,0,7,10,21
B0FFGCEC8F,星巴克(顾村公园店),陆翔路111弄119号绿地正大缤纷城1层,121.371426,31.345946,宝山区,国际连锁,1,5,5,8
B0FFIB7TEX,星巴克(同济创园店),淞良路10号101-1(长江南路地铁站1号口步行340米),121.4918,31.334091,宝山区,国际连锁,1,7,0,9
B0FFM89LEO,星巴克臻选(上海宝杨路宝龙广场店),同济路669弄宝龙广场1楼M-F1-035-1单元,121.481071,31.396599,宝山区,国际连锁,1,3,5,8
B0FFHBVA98,星巴克(朗香嘉年华店),华秋路58弄2122号一层(锦秋路地铁站4号口步行60米),121.381435,31.320446,宝山区,国际连锁,1,10,1,3
B0FFKPHLJ6,瑞幸咖啡(星月大厦店),淞宝路155弄星月国际商务广场2号楼一层103室,121.501782,31.379757,宝山区,本土连锁,0,7,0,4
B0I12446N3,瑞幸咖啡(巴黎春天宝山店),真华路888号负一层188号商铺,121.411728,31.270461,宝山区,本土连锁,0,6,10,21
B0FFL2SF5F,星巴克(U天地店),美健路829号宝山U天地一楼,121.337073,31.390728,宝山区,国际连锁,0,11,0,4
B0FFJZ3FKX,瑞幸咖啡(长江国际生活广场店),殷高西路555号1楼5-116-2室,121.46969,31.320063,宝山区,本土连锁,0,6,5,13
B0FFJOZLHY,瑞幸咖啡(东鼎国际大厦店),漠河路600号东鼎国际大厦地下广场一层,121.469332,31.406805,宝山区,本土连锁,0,2,3,4
B0I1N7BOA2,星巴克(上海祁连山路山姆会员店),聚丰园路205号一层,121.38199,31.315314,宝山区,国际连锁,0,6,4,11
B0K3MCJV9H,Manner Coffee(宝山滨江公园店),吴淞口508号宝山滨江公园店,121.495305,31.412042,宝山区,本土连锁,0,3,3,2
B0I0SMDNDO,星巴克(上海富锦路地铁站店),蕰川路2462号101室(富锦路地铁站1号口步行70米),121.423997,31.393129,宝山区,国际连锁,1,4,2,3
B0FFL6Q5ZK,瑞幸咖啡(宝山日月光店),大场镇沪太支路1767号日月光负一层B1-C61,121.421419,31.286345,宝山区,本土连锁,1,5,1,7
B0FFKT1PCF,瑞幸咖啡(中设广场店),殷高路1号中设广场1号楼一层大堂,121.49448,31.321305,宝山区,本土连锁,1,3,3,4
B0K2RO7E9U,星巴克臻选(中集金地广场店),美丹路与富强村路交叉口南20米,121.3494,31.399479,宝山区,国际连锁,1,7,9,13
B0ID77QFV0,瑞幸咖啡(同济创园店),淞塘路同济创园(长江南路地铁站4号口步行210米),121.490537,31.333566,宝山区,本土连锁,1,7,0,10
B0J1L5T7T0,瑞幸咖啡(大华朗香店),华秋路58弄30号底商(锦秋路地铁站3号口步行140米),121.380425,31.319325,宝山区,本土连锁,1,8,1,4
B0IGOSHQNR,星巴克(上海红星美凯龙汶水路店),汶水路1555号地上一层A8217号,121.419829,31.289456,宝山区,国际连锁,0,3,3,7
B0JBAYC9FQ,瑞幸咖啡(宝乐汇店),牡丹江路1569号宝乐汇负一层B134D单元,121.484969,31.400041,宝山区,本土连锁,0,6,5,5
B0FFF30HJ3,星巴克(大华第一坊店),真华路950号101室,121.411437,31.272843,宝山区,国际连锁,0,7,7,16
B0FFIRCCKW,星巴克(宝山体育馆店),永清路700号北翼生活馆1层111室,121.490592,31.395714,宝山区,国际连锁,0,8,4,8
B0JGJSVXFJ,瑞幸咖啡(罗芬路店),罗芬路951-953号信达·郡庭底商,121.351527,31.402927,宝山区,本土连锁,1,8,6,16
B0FFF5JQ9M,路易时光(蕴川路店),蕴川路2432号110室(富锦路地铁站1口旁),121.424095,31.392736,宝山区,独立/精品,1,4,2,3
B0FFKSJ1DC,瑞幸咖啡(昇park店),真大路520号昇park创意园3号楼底商,121.408325,31.296275,宝山区,本土连锁,0,3,2,10
B0H1745FIV,Tims咖啡(宝山新业坊店),高境镇逸仙路1328号(殷高西路地铁站1号入口步行230米),121.483925,31.318825,宝山区,国际连锁,1,4,4,10
B0IRF599R6,星巴克(上海大华时光里店),上海市场中路4098弄(场中路地铁站1号口步行220米),121.415425,31.302175,宝山区,国际连锁,1,7,2,5
B0H6HHHOFR,瑞幸咖啡(永谊大厦店),呼兰西路100号永谊大厦8号楼1层,121.43355,31.338789,宝山区,本土连锁,1,1,7,9
B0I1SCP3IN,星巴克(上海北郊未来产业园店),萧云路635弄9号-01室,121.335263,31.445139,宝山区,国际连锁,0,1,0,3
B0H0JZSMP3,瑞幸咖啡(红太阳商业广场店),通河路531-539号红太阳商业广场一层底商,121.445656,31.337097,宝山区,本土连锁,0,8,1,5
B0H1ZS7KYE,星巴克(上海向阳九百商业广场店承接茶歇消费可免1小时停车费),沪太路1618号(行知路地铁站1号口步行300米),121.422249,31.282934,宝山区,国际连锁,1,8,4,13
B0FFGYVXYK,Petit Coin Fleuri 103·花隅餐厅(原1+Garden顾村店),陆翔路111弄2号写字楼103室,121.371027,31.344233,宝山区,独立/精品,1,4,4,7
B0FFF6OBYV,星巴克(上海一二八广场店),一二八纪念路401号,121.457967,31.327083,宝山区,国际连锁,0,10,3,5
B0G1RNY1PP,Tims咖啡(三邻桥店),高跃路77号附近(近安汾路),121.472534,31.316974,宝山区,国际连锁,0,12,3,12
B0FFL7455E,Tims咖啡(大华虎城店),大华一路198号一层,121.414029,31.270021,宝山区,国际连锁,0,11,10,21
B0HKYGOKCK,星巴克(宝山日月光中心店),沪太路1933号日月光中心(宝山店)L1层,121.418088,31.294586,宝山区,国际连锁,1,3,4,8
B00155L978,星巴克(安信店),牡丹江路1238号安信商业广场B区1层106室,121.488605,31.393085,宝山区,国际连锁,0,6,5,10
B0FFFHC4GI,星巴克(殷高西路店),殷高西路333号第六区商业广场1层3-152-153,121.472846,31.320773,宝山区,国际连锁,0,7,3,10
B0FFGJOJ2I,星巴克(宝山罗店宝龙广场店),杨南路2211号第一层的M1-1F-059、M1-1F-060、M1-1F-061、M1-1F-067单元,121.358565,31.388517,宝山区,国际连锁,1,5,1,5
B0FFGT1YPW,星巴克(宝乐汇印象城店),宝山区宝乐汇生活时尚中心牡丹江路1569号一层,121.484993,31.39967,宝山区,国际连锁,0,5,6,5
B0FFIU6KJO,瑞幸咖啡(互联网创新园店),逸仙路2816号华滋奔腾大厦移动互联网创业园一层大堂,121.493628,31.336717,宝山区,本土连锁,0,3,6,9
B0FFHN2O5L,星巴克(翼生活广场店),水产路2499号北翼生活广场B栋1层111室,121.442883,31.366126,宝山区,国际连锁,0,9,5,7
B0FFIUKKIQ,星巴克(纬地路店),纬地街路61号甲,121.406055,31.326315,宝山区,国际连锁,0,3,0,4
B0H0K9QE55,Manner Coffee(大华第一坊店),真华路950号大华第一坊F1层,121.411684,31.272813,宝山区,本土连锁,0,7,7,16
B0G1RB04ZZ,星巴克(上海美兰湖风情街店),罗芬路689弄53号,121.356761,31.400173,宝山区,国际连锁,0,2,4,8
B0I1FCMPIQ,瑞幸咖啡(绿地正大缤纷城店),陆翔路111弄11号绿地正大缤纷城一层118室,121.371325,31.345296,宝山区,本土连锁,1,5,5,7
B0J1ZSIFWS,LAVAZZA拉瓦萨咖啡(上海智慧湾店),蕰川路6号智慧湾科创园18号楼一层B105室,121.433364,31.343885,宝山区,国际连锁,0,2,11,22
B0FFM8M43Z,Tims咖啡(经纬汇店),经地路99弄经纬汇9栋第一层13号,121.399176,31.323344,宝山区,国际连锁,1,4,10,4
B0H6UBQ9S8,Tims咖啡(百渠广场店),纪蕰路38号一层F1021号,121.440033,31.33144,宝山区,国际连锁,1,6,2,8
B0FFGBHA2Y,星巴克(菊盛路店),菊盛路936-940号1层1单元,121.368488,31.362675,宝山区,国际连锁,0,9,1,4
B0FFKT9G37,瑞幸咖啡(智慧湾店),蕴川路6号智慧湾18号楼一层大堂,121.433304,31.343947,宝山区,本土连锁,0,2,11,22
B0FFLIYW42,Costa Coffee(上海宝山花园城店),水产路2199弄宝山花园城1层1-30商铺,121.449556,31.368755,宝山区,国际连锁,0,4,3,7
B0GD3439KL,瑞幸咖啡(宝山花园城店),杨行镇水产路2069号1幢1层1-25,121.449203,31.369096,宝山区,本土连锁,0,4,6,7
B0LA37EU7X,Peet's Coffee 皮爷咖啡(宝杨宝龙广场店),同济路669弄1-10号近宝杨路宝杨宝龙广场,121.481374,31.396293,宝山区,国际连锁,1,3,5,8
B0HUJA0VYT,骑迹SMK CLUB AURORA COFFEE,沪太路1886号101-1104室,121.416383,31.292028,宝山区,独立/精品,1,4,4,9
B0KBKYBG6M,Peet's Coffee 皮爷咖啡(龙湖上海宝山天街店),丹霞山路50弄1号龙湖上海宝山天街L1层1F-32a,121.363195,31.357412,宝山区,国际连锁,1,4,4,8
B0JAJ7S6F3,库迪咖啡(上海智慧湾店),杨行镇联谊路360号智慧湾5号(北门入口处),121.432619,31.345941,宝山区,本土连锁,0,3,10,19
B0GU94U0B6,Tims咖啡(宝山正大乐城店),陆翔路111号正大乐城宝山店1F层,121.371704,31.345357,宝山区,国际连锁,1,5,6,7
B0FFF482SA,星巴克(红太阳商业广场店),通河路537-1号红太阳商业广场1层,121.445722,31.336828,宝山区,国际连锁,0,8,1,5
B00157ABSG,星巴克(诺亚新天地),"牡丹江路318号,诺亚新天地一楼",121.495858,31.382101,宝山区,国际连锁,0,6,2,2
B0FFLC4CKC,Manner Coffee(畅申活悦享广场店),逸仙路1328号8号楼112-1商铺,121.484567,31.319241,宝山区,本土连锁,1,4,5,10
B0IAJCYGZD,luckin coffee 瑞幸咖啡(宝山日月光中心店),沪太路1933号日月光中心(宝山店)BM层,121.416879,31.293587,宝山区,本土连锁,1,3,4,8
B0JABCVEOU,库迪咖啡(大华虎城店),大华路318号大华虎城东南门(近苏宁易购入口处),121.414329,31.269907,宝山区,本土连锁,0,11,10,21
B0HDRKRC9U,星巴克(凯旋丽都广场店),长江西路2200-2210号一层1-1-2单元,121.44003,31.329973,宝山区,国际连锁,1,6,1,7
B0IKJ762P6,库迪咖啡(宝山万达广场店),一二八纪念路1000弄2号102B-2室(金街1号出口左侧),121.44599,31.323262,宝山区,本土连锁,1,5,12,17
B0FFMG1DMH,Tims咖啡(宝杨宝龙店),同济路669弄8号1层S-F1-089S-F1-090-091,121.481695,31.396781,宝山区,国际连锁,1,4,6,11
B0HRJPN8YT,Manner Coffee(经纬汇店),经纬汇(南陈路地铁站1号口步行490米),121.39928,31.325308,宝山区,本土连锁,1,6,10,4
B0FFLKF4EN,瑞幸咖啡(宝山沪尚茗居店),江杨南路880号沪尚茗居整体家装体验馆B1栋底商,121.467381,31.32212,宝山区,本土连锁,0,6,4,6
B0H0JZTHCX,星巴克(上海宝山杨行益街坊店),和家欣苑C区西门东北150米,121.416841,31.36113,宝山区,国际连锁,0,2,0,2
B0FFK6CVF1,瑞幸咖啡(智慧七立方店),同济支路157号智慧七立方1座一层113-4室,121.491032,31.378494,宝山区,本土连锁,1,2,6,7
B0K6YH35IH,luckin coffee 瑞幸咖啡(宝宸怡景园店),三泉路1859弄1-132号宝宸怡景园,121.43646,31.33163,宝山区,本土连锁,1,7,2,6
B0K19CLXV2,檐下花园solitude,顾陈路488号B-07,121.381175,31.333225,宝山区,独立/精品,0,1,0,1
B0J24ZT1BX,luckin coffee 瑞幸咖啡(大华老镇嘉年华店),沪太路与沪太支路交叉口东北300米,121.414912,31.302199,宝山区,本土连锁,1,7,2,5
B0FFKS7DX7,瑞幸咖啡(闿和阳光广场店),宝杨路3003闿和阳光广场一层,121.445704,31.377673,宝山区,本土连锁,0,4,1,2
B0HR3RBKCT,Tims咖啡(淞南文体中心店),长江南路668弄1号101室,121.479945,31.336694,宝山区,国际连锁,1,6,3,3
B0HKU5W3LL,MStand(宝山日月光店),沪太路1933号日月光中心1层F栋101,121.417701,31.294483,宝山区,独立/精品,1,3,4,8
B0IKF53XED,星巴克(场北商业广场店),上海市场北路704号,121.425827,31.331818,宝山区,国际连锁,0,9,1,2
B0FFLLI7E0,瑞幸咖啡(山姆会员宝山店),聚丰园路155号聚丰购物广场底商,121.383375,31.315075,宝山区,本土连锁,0,4,4,10
B0LAJSIJ2K,洄家恩施烧饼咖啡铺,年喜路19弄1号101-2室,121.348555,31.401774,宝山区,独立/精品,1,6,10,14
B0J1CLGMSH,luckin coffee 瑞幸咖啡(水产西路店),上海城区世纪联华入口西北50米,121.411041,31.354241,宝山区,本土连锁,0,12,1,4
B0J2JMBX3D,M Stand(美兰湖景区店),罗芬路555弄33-34号,121.356979,31.398808,宝山区,本土连锁,0,2,4,8
B0J1VC766O,瑞幸咖啡(上坤上街购物中心店),塘西街299号2号上坤上街购物中心一层103-105室,121.341894,31.419042,宝山区,本土连锁,0,6,3,2
B0GD3B3H6X,瑞幸咖啡(罗店宝龙广场店),杨南路2211号罗店宝龙广场三层331室,121.359133,31.388732,宝山区,本土连锁,1,5,1,5
B0L60UJPWC,福予FORU巧克力&咖啡,呼青路158弄交运智慧湾26号楼-3单元,121.441777,31.345268,宝山区,独立/精品,0,0,0,4
B0FFJ55ZYD,瑞幸咖啡(骏利财富大厦店),共和新路5199号一幢骏利财富大厦一层G区,121.445347,31.325502,宝山区,本土连锁,0,5,9,14
B0K6NR4NU5,luckin coffee 瑞幸咖啡(殷高西路店),殷高西路与逸仙路交叉口西80米(殷高西路地铁站2号出口旁),121.484513,31.320138,宝山区,本土连锁,1,4,5,10
B0J35DRSRO,星巴克(上海玖悦星光科技店),上大路1388号A栋103室,121.382275,31.310625,宝山区,国际连锁,1,4,2,5
B0FFL92J9X,和弈天下咖啡棋牌,松兰路258号3楼,121.448863,31.371309,宝山区,独立/精品,0,4,6,7
B0J17AGHKK,星巴克(上海月浦互联宝地店),四元路19号101单元,121.432697,31.413416,宝山区,国际连锁,0,4,2,1
B0IRF57CQ0,星巴克(上海城工科技绿洲店),大场镇园新路258号1幢2号1层01单元,121.351558,31.30918,宝山区,国际连锁,0,4,2,5
B0FFHF66BV,星巴克上海云瑞邻里中心店,共江路1208号1层L1-1,121.444467,31.327116,宝山区,国际连锁,0,4,6,9
B0J1VX9QF1,no.23coffee,锦秋路695弄23号,121.390845,31.321124,宝山区,独立/精品,1,3,3,2
B0I1CCBVLS,星巴克(上海宝山文渊楼店),沪太路2388号101号(场中路地铁站2号口旁),121.412962,31.303053,宝山区,国际连锁,1,4,2,5
B0JRUMWP3L,Manner Coffee(中邮华东智能产业园店),真大路450弄13.14号,121.401178,31.294444,宝山区,本土连锁,0,5,2,2
B0J0P59H8P,库迪咖啡(泰德科技园A座店),蕰川路516号泰德科技园A座商务楼大堂,121.433447,31.353,宝山区,本土连锁,1,6,2,6
B0J16NRL3R,瑞幸咖啡(宝山钢领店),友谊路1574-1578号钢领一层105-02室,121.454456,31.394001,宝山区,本土连锁,1,4,4,6
B0FFLFEJG9,M Stand(宝山正大乐城店),陆翔路111弄10号101室(肯德基旁),121.37213,31.344891,宝山区,本土连锁,1,5,5,7
B0G2AODUT8,瑞幸咖啡(上海亿博广场店),亿博商业广场一层(商场中庭内圈商铺),121.429214,31.382711,宝山区,本土连锁,1,6,3,1
B0J0TC00R2,luckin coffee 瑞幸咖啡(梦家园店),共和二村71-77号梦家园2区,121.460898,31.323137,宝山区,本土连锁,0,8,0,2
B0JGTSQ1LU,瑞幸咖啡(宝山U天地店),美健路829号宝山U天地一层D1019室,121.338167,31.390908,宝山区,本土连锁,0,10,0,4
B0J0AS3YHN,Manner Coffee(宝山正大乐城店),陆翔路111号正大乐城宝山店1F层,121.372198,31.344818,宝山区,本土连锁,1,5,5,7
B0J1BZMU16,Manner Coffee(美兰湖景区店),罗迎路与美诺路交叉口西南320米,121.35575,31.401315,宝山区,本土连锁,0,4,4,13
B0JKBZFCIS,瑞幸咖啡(锦秋路店),锦秋路755号锦秋新天地底商,121.388468,31.320996,宝山区,本土连锁,1,4,3,2
B0J1VC88OX,瑞幸咖啡(上海国际研发基地15号楼店),沪太路2999号国际研发总部基地15号楼一层大堂,121.409225,31.316075,宝山区,本土连锁,1,1,5,4
B0L0VZIOQI,花媛蛋糕咖啡,沪太公路辅路与宝安公路交叉口西120米,121.374825,31.359575,宝山区,独立/精品,0,8,1,2
B0K3SCJN5I,星巴克(临江商业商务中心店),吴淞口路与零点大道交叉口北80米,121.503216,31.403839,宝山区,国际连锁,0,3,8,6
B0J0HKQEN2,瑞幸咖啡(塘西街店),塘西街79号一层一室,121.343363,31.413241,宝山区,本土连锁,0,4,2,2
B0JRZPVUMR,瑞幸咖啡(北斗星商业广场店),长临路913号北斗星商业广场一层111室,121.435889,31.323937,宝山区,本土连锁,0,7,4,5
B0K04LS5H6,西西弗书店&矢量咖啡(中集美兰湖金地广场店),吉贝路117弄1-3号中集美兰湖金地广场l2-01/02号商铺,121.349972,31.400554,宝山区,独立/精品,1,7,9,14
B0LUTR19KD,luckin coffee 瑞幸咖啡(宝钢商务大厦店),友谊路160号宝钢商务大厦T栋,121.482,31.404278,宝山区,本土连锁,0,8,3,5
B0K15O60CC,星巴克(盛邻Mall店),江杨南路425号2号楼地上1层的L1-03-01室,121.469606,31.316075,宝山区,国际连锁,1,10,0,10
B0K6CC2LI4,BeanStar比星咖啡(上海三邻桥店),高境镇江杨南路485号13幢101e室,121.472163,31.317058,宝山区,本土连锁,0,12,2,12
B0KB5N9767,luckin coffee 瑞幸咖啡(远洋·悦庭店),远洋·悦庭东南1门旁,121.429782,31.393266,宝山区,本土连锁,1,6,1,2
B0LAN5U26P,BeanStar比星咖啡(上海宝山智慧湾科创园店),蕰川路6号智慧湾科创园8E106室比星咖啡,121.434622,31.343591,宝山区,本土连锁,0,1,12,24
B0J2P95FTO,瑞幸咖啡(龙镇路店),龙镇路106号底商,121.425988,31.416894,宝山区,本土连锁,0,8,3,2
B0L1C76I2G,库迪咖啡(宝山行知路店),行知路727号,121.407575,31.283325,宝山区,本土连锁,0,10,2,2
B0J3H5R8BS,luckin coffee 瑞幸咖啡(上海宝山淞滨路地铁维也纳酒店店),淞滨路与淞桥东路交叉口东40米,121.493967,31.37205,宝山区,本土连锁,1,5,3,1
B0J2G752RK,M Stand(第一坊店),真华路950号大华第一坊F1层120室(西北门外围右侧),121.411245,31.272436,宝山区,本土连锁,0,7,7,18
B0J0X9H3WT,luckin coffee 瑞幸咖啡(宝山龙湖天街北城),丹霞山路与沪联路交叉口西北100米,121.361934,31.360399,宝山区,本土连锁,1,6,4,9
B0JKSU55N5,M Stand(三邻桥体育文化园店),高境镇江杨南路485号上海三邻桥体育文化园13幢101c/101d,121.472256,31.31721,宝山区,本土连锁,0,12,2,12
B0LG9OXZ9T,星巴克(吉浦路店),吉浦路与三门路交叉口东北80米,121.490337,31.312125,宝山区,国际连锁,0,8,0,3
B0JKRMR755,瑞幸咖啡(景瑞生活广场店),殷高西路588号景瑞生活广场一层120室,121.47236,31.320098,宝山区,本土连锁,0,7,3,10
B0H6XSW0TE,F·M花艺咖啡酒吧,牡丹江路189-1号,121.49815,31.378199,宝山区,独立/精品,0,9,2,5
B0K3VHK1B3,Manner Coffee(中集美兰湖金地广场A馆店),美丹路6938号靠近美兰湖(地铁站),121.349831,31.400639,宝山区,本土连锁,1,7,9,13
B0J1VC2VWA,瑞幸咖啡(共康路店),共康路400弄374号一层1号,121.438693,31.320795,宝山区,本土连锁,0,6,5,5
B0GD3G2UJQ,瑞幸咖啡(乐坊大华店)(装修中),真北路4288号一层L120号,121.408163,31.291284,宝山区,本土连锁,0,5,2,3
B0LAHAGIPE,luckin coffee 瑞幸咖啡(海上世界店),吴淞口路60号海上世界,121.502848,31.404083,宝山区,本土连锁,0,4,8,6
B0LDT4YZEG,miiix coffee,蕰川路与联谊路交叉口南420米,121.433672,31.343019,宝山区,独立/精品,0,1,13,26
B0I63AWTO0,Drinkable Coffee(暂停营业),呼青路158弄1号112,121.439114,31.343965,宝山区,独立/精品,1,2,4,8
B0JBMR35RS,Manner Coffee(龙湖上海宝山天街店),丹霞山路50弄1号龙湖上海宝山天街B1层B1-28ef,121.362841,31.358052,宝山区,本土连锁,1,6,4,9
B0J277BYPW,库迪咖啡(尚大国际B座店),沪太路3100号尚大国际B座B115(美食汇内),121.40784,31.315132,宝山区,本土连锁,1,2,5,4
B0FFLG2ZTV,小林HOUSE(半岛1919文化创意产业园店),吴淞街道淞兴西路258号1919半岛创意文化门园区大门口,121.487852,31.367569,宝山区,独立/精品,0,4,0,2
B0L12CU3A2,库迪咖啡(中集金地美兰城店),沪太公路6976号中集金地美兰城1期,121.348059,31.401242,宝山区,本土连锁,1,6,10,14
B0K60R588O,luckin coffee 瑞幸咖啡(上大路店),上大路674-676号底商,121.395475,31.311275,宝山区,本土连锁,0,7,1,4
B0L2XOZ1WK,星巴克(经纬汇店),上海市宝山区经地路99弄一层5103、5105-1单元,121.399374,31.323629,宝山区,国际连锁,1,4,10,4
B0K2CD1ZC1,Pull-Tab拉环咖啡(上海市宝山区牡丹江路店),牡丹江路1081号夏园恒茂广场,121.490958,31.390839,宝山区,本土连锁,0,5,2,6
B0J166TX20,瑞幸咖啡(绥化路店),绥化路71号底商(江杨北路地铁站1号口步行390米),121.435561,31.406882,宝山区,本土连锁,1,4,0,1
B0J1070UTE,星巴克(龙盛活力小镇店),呼兰西路123号1号楼1层102单元上海龙盛活力小镇店,121.431636,31.339062,宝山区,国际连锁,0,0,7,10
B0J0J5LV2M,瑞幸咖啡(共康路2号口店),共和新路4715号底商(共康路地铁站2号口旁),121.447894,31.318171,宝山区,本土连锁,1,4,8,12
B0K1MPJB2N,瑞幸咖啡(海江路思家广场店),海江路426-448号一层A04室,121.491872,31.396302,宝山区,本土连锁,0,9,4,8
B0I1BYRLEQ,瑞幸咖啡(北外环信息产业园店),泰和路2038号北外环信息产业园A楼一层大堂,121.438575,31.355675,宝山区,本土连锁,1,4,3,2
B0J1K79CBG,星巴克(上海互联宝地锦溥园店),湄浦路361弄,121.457458,31.404816,宝山区,国际连锁,0,4,2,4
B0FFFD3NLZ,百老会经典咖啡(双城路店),双城路456号(宝辰花园对面),121.493359,31.390096,宝山区,独立/精品,0,5,2,4
B0KKT1W702,库迪咖啡(海上世界店),吴淞口路60号海上世界L3-010铺,121.503584,31.404194,宝山区,本土连锁,0,3,8,6
B0KGYHBUZZ,luckin coffee 瑞幸咖啡(世华1956广场店),水产路2659号世华1956广场F1层,121.442216,31.365914,宝山区,本土连锁,0,8,5,5
B0KGPBXGKH,瑞幸咖啡(美平路店),美平路675号底商,121.340495,31.387786,宝山区,本土连锁,0,10,0,4
B0KDJHAY4A,库迪咖啡(红太阳商业广场店),通河路533弄红太阳商业广场2号113A,121.44535,31.337673,宝山区,本土连锁,0,6,1,5
B0L24DOQ00,肯悦咖啡长江南店,长江南路5号,121.491098,31.331658,宝山区,独立/精品,1,7,1,6
B0JRJ7MJ8S,瑞幸咖啡(城工科技绿洲店),园新路258弄15号城工科技绿洲南区一层102室,121.351114,31.307906,宝山区,本土连锁,0,4,2,4
B0HUJAZQWF,法廊(CandyBull法斗馆),智慧湾园区近3号门57-101(狠牛火锅对面),121.434182,31.345606,宝山区,独立/精品,0,2,11,20
B0JK4ZCFAP,瑞幸咖啡(盛桥休闲街店),古莲路358弄18号盛桥休闲街一层320室,121.402475,31.448475,宝山区,本土连锁,0,8,3,2
B0JBARLNMD,瑞幸咖啡(上海大学店),上大路99号上海大学西门生服网点一层108号,121.387921,31.315845,宝山区,本土连锁,0,0,3,10
B0HUSBHS20,Tims咖啡(国际研发总部捷枫店),沪太路2999号(上大路地铁站1号口步行210米),121.409625,31.315775,宝山区,国际连锁,1,1,5,4
B0J04134IH,漫慢SLOWPACED咖啡,呼兰西路1-3号,121.43293,31.341486,宝山区,独立/精品,1,1,14,25
B0I1VBRBLU,luckin coffee 瑞幸咖啡(中成智谷店),微盟短视频直播中心对面集装箱内,121.496445,31.348584,宝山区,本土连锁,0,2,0,6
B0K60C0CPG,库迪咖啡(上大聚丰园路店),聚丰园路与汇丰路交叉口西180米,121.385711,31.314857,宝山区,本土连锁,0,4,4,11
B0KKR6AOZZ,瑞幸咖啡(菊太路店),菊太路1217号一层2室,121.357664,31.34791,宝山区,本土连锁,0,3,0,1
B0GRGKMO9K,瑞幸咖啡(聚丰园路店),聚丰园路160号底商,121.384634,31.314744,宝山区,本土连锁,0,4,4,11
B0JDUHK9FJ,Manner Coffee(中成智谷店),军工路与长江路交叉口南320米,121.497659,31.34897,宝山区,本土连锁,1,3,0,6
B0JKKXCH2K,luckin coffee 瑞幸咖啡(怡园店),怡园东门旁,121.393026,31.352996,宝山区,本土连锁,0,6,0,3
B0LU2DV6D1,Blacksmith Coffee,智慧湾科创园31栋106-107室,121.434295,31.34511,宝山区,独立/精品,0,1,11,22
B0L3MRNF96,MANNER(上海海上世界店),吴淞口路60号海上世界,121.503464,31.40387,宝山区,独立/精品,0,3,8,6
B0JRGH603E,瑞幸咖啡(环镇北路店),大场镇环镇北路206-212号底商,121.410275,31.307939,宝山区,本土连锁,0,4,2,1
B0LDTM4Q4V,肯悦咖啡杨行店,水产路2449号一层,121.443548,31.366385,宝山区,独立/精品,0,9,5,8
B0FFFV37V9,喵的天空名猫咖啡馆,聚丰园路128-2号,121.385447,31.314812,宝山区,独立/精品,0,4,4,11
B0K3YHC5H3,luckin coffee 瑞幸咖啡(淞南路459弄通道店),淞南四村南区西1门北220米,121.491346,31.345532,宝山区,本土连锁,0,5,3,3
B0JD7HE7O4,瑞幸咖啡(上海长江软件园店),长江南路180号长江软件园一层A106室,121.485355,31.333594,宝山区,本土连锁,0,5,4,4
B0K3MASRMR,Comfort Camp舒适区(日咖夜酒),一二八纪念路465号万界数字产业园6号101室,121.456382,31.327095,宝山区,独立/精品,0,9,5,5
B0G064L6X0,叁号库下午茶咖啡(新业坊·源创园区3号楼店),逸仙路1328号3号楼二楼205A(足球场对面),121.483823,31.317012,宝山区,独立/精品,1,4,1,9
B0K6057BA5,luckin coffee 瑞幸咖啡(互联宝地锦溥园店),湄浦路与铁力路交叉口西200米,121.456768,31.404558,宝山区,本土连锁,0,3,2,4
B0LDFLNIAH,肯悦咖啡长临店,共康路555号,121.436127,31.321689,宝山区,独立/精品,0,6,5,5
B0I044KEFF,回流咖啡(高境文化广场店),殷高西路711号高境文化广场F1层,121.469215,31.320035,宝山区,独立/精品,0,5,5,13
B0KK21LVDK,luckin coffee 瑞幸咖啡(中集美兰湖金地广场B馆店),美丹路与富强村路交叉口东南120米,121.350423,31.399291,宝山区,本土连锁,1,7,9,13
B0FFK4YEJ7,luckin coffee 瑞幸咖啡(上海宝山万达广场店),一二八纪念路988弄2号B1楼,121.447706,31.324353,宝山区,本土连锁,0,6,9,13
B0LKYC4QSB,库迪咖啡(宝山电台路店),顾北路与电台路交叉口西南40米(博视眼镜隔壁),121.393012,31.352141,宝山区,本土连锁,0,6,0,3
B0KBNBEH1D,luckin coffee 瑞幸咖啡(通河七村店),通河七村东北门西260米,121.45075,31.32924,宝山区,本土连锁,0,5,4,1
B0JK4ZQTWA,瑞幸咖啡(罗南文化中心店),南东路58-1号罗南文化中心底商,121.362192,31.384399,宝山区,本土连锁,0,6,3,1
B0KALKAMPN,luckin coffee 瑞幸咖啡(互联宝地滨江园店),牡丹江路1900号互联宝地滨江园3幢一层113室,121.47629,31.413273,宝山区,本土连锁,0,4,1,2
B0JDCSYNPY,雷力咖啡(龙湖天街店),陆翔路1018号7栋158号(刘行地铁站4号口步行470米),121.360125,31.361175,宝山区,独立/精品,1,6,4,8
B0JDDZRT6A,Manner Coffee(宝山巴黎春天店),真华路888号巴黎春天(宝山店)F1层,121.411161,31.270534,宝山区,本土连锁,0,7,10,21
B0KBX7LGFK,Manner Coffee(建配龙家具广场店),葫芦斗生活汇一楼,121.492991,31.33867,宝山区,本土连锁,0,4,6,5
B0I1SHMNMQ,Manner Coffee(聚丰购物广场店),聚丰园路205号聚丰购物广场F1层,121.383113,31.315081,宝山区,本土连锁,0,5,4,10
B0LUTG3J56,肯悦咖啡大华店,华灵路1051号,121.421107,31.279877,宝山区,独立/精品,0,7,6,10
B00156GV7N,上岛咖啡(铁峰路店),铁峰路1986号(近友谊路),121.454076,31.395389,宝山区,本土连锁,1,4,4,6
B0JK6769Y8,瑞幸咖啡(翼生活睦邻小镇店),萧月路7-11号翼生活睦邻小镇底商,121.330875,31.485975,宝山区,本土连锁,0,6,0,2
B0KKJHM178,luckin coffee 瑞幸咖啡(呼青路店),呼青路158号,121.438808,31.343817,宝山区,本土连锁,1,2,4,11
B0LRFO8NAS,肯悦咖啡顾村,水产西路957号,121.412167,31.35481,宝山区,独立/精品,0,11,1,4
B0JARU3KDN,Tims天好咖啡(美兰湖大润发店),月罗路2380号1幢大润发1层LMC4商铺,121.351054,31.409113,宝山区,国际连锁,0,4,0,1
B0KUJOAFPS,星巴克(新宝中心店),新宝中心裙房102号(宝安公路地铁站3号口步行270米),121.43063,31.367504,宝山区,国际连锁,1,2,1,5
B0K2BGDAPC,肯悦咖啡美兰店,罗芬路1088号,121.350834,31.402888,宝山区,独立/精品,1,8,6,15
B0LDUBA63X,碉堡Coffee&Tea,沪太路4290号(靠近北停车场),121.400351,31.335861,宝山区,独立/精品,0,2,0,2
B0LRC4DHI1,瑞幸咖啡(吴淞百联店),水产路1234号世纪联华(吴淞店),121.488789,31.382457,宝山区,本土连锁,1,4,3,7
B00157I6EE,星巴克(嘉实生活广场店),嘉松北路6130号,121.220014,31.287597,嘉定区,国际连锁,0,4,1,2
B0K3AH985V,一尺花园(乡悦华亭店),联康路108号,121.291475,31.485233,嘉定区,独立/精品,0,0,0,1
B0JRKL6P2P,鸟羿·日本料理·来杯咖啡,进明渡路212弄25号(上海汽车城地铁站3号口步行350米),121.179753,31.28344,嘉定区,独立/精品,1,7,6,13
B0FFF3GA5T,星巴克臻选(江桥万达店),金沙江西路1051弄1-100号1100单元,121.324368,31.240649,嘉定区,国际连锁,1,5,15,19
B0H3SLN14J,烤包子咖啡屋,昌徐路600号,121.242928,31.406373,嘉定区,独立/精品,0,1,0,1
B0G1XAHECB,星巴克(上海南翔印象城2F店),陈翔公路2299号上海南翔印象城MEGAL1层L1-11a,121.306436,31.30553,嘉定区,国际连锁,1,3,3,10
B0LANUXZ37,十一咖啡,金沙路28-4,121.256403,31.380896,嘉定区,独立/精品,0,4,4,11
B0J23S2W0M,M Stand(上海南翔印象城店),陈翔公路2299号上海南翔印象城MEGAL2层L2-33b,121.304819,31.304696,嘉定区,本土连锁,1,4,3,10
B0JK6CULPH,LAVAZZA拉瓦萨咖啡(上海嘉定TSF-店),裕民南路1486号1层05号,121.262875,31.352675,嘉定区,国际连锁,0,7,6,9
B0G3LZH75S,瑞幸咖啡(上海罗宾森广场店),城中路138号罗宾森广场1层S1-40号铺,121.244966,31.384954,嘉定区,本土连锁,0,7,6,4
B0H3SYH592,tency莳夕蛋糕甜品咖啡(上海店),嘉定镇街道塔城路295号11幢1层102室,121.256183,31.382666,嘉定区,独立/精品,0,6,5,14
B0I1XUMO8F,瑞幸咖啡(昌辉大厦店),南翔镇银翔路799号昌辉大厦F栋一层,121.320076,31.28832,嘉定区,本土连锁,0,9,17,10
B0GKAKZLGS,歌顿咖啡(菊园店),胜竹路1399号,121.266724,31.403409,嘉定区,独立/精品,1,3,3,2
B0FFHEFH4K,星巴克上海嘉亭荟店,安亭镇墨玉南路1055号嘉亭荟城市生活广场二层216室,121.161977,31.287864,嘉定区,国际连锁,1,10,14,14
B0FFHWA4WZ,星巴克(嘉定宝龙商业广场店),阿克苏路1099号嘉定宝龙广场1层409单元,121.260239,31.346448,嘉定区,国际连锁,0,8,7,16
B0FFH1CMIC,星巴克(嘉定百联店),澄浏中路3172号百联嘉定购物中心1F层,121.278719,31.385358,嘉定区,国际连锁,0,4,1,5
B00157HXZ4,星巴克臻选(嘉定疁城国际店),塔城路295号,121.256036,31.383625,嘉定区,国际连锁,0,6,4,12
B0FFGIRHCP,星巴克(嘉定保利悦活城店),白银路288弄20栋19号107室,121.261028,31.35353,嘉定区,国际连锁,0,10,6,13
B0FFHBLJ6O,星巴克(嘉定日月光店),城北路358号1层15单元日月光中心一楼,121.237412,31.390839,嘉定区,国际连锁,2,8,2,6
B0FFFD85LX,星巴克(江桥老街店),"虞姬墩路505号4幢101,102,109铺位",121.342749,31.25557,嘉定区,国际连锁,1,6,7,5
B0JGGHQ24H,星巴克(上海路劲隽悦荟店),陈家山路1631号一层1633号,121.229081,31.376284,嘉定区,国际连锁,1,7,1,5
B0FFG7VI4Y,星巴克(大众汽车总部店),于田路7号2号楼1F-1单元,121.187968,31.287134,嘉定区,国际连锁,0,1,1,1
B0JK4ZPSIZ,瑞幸咖啡(上海路劲隽悦荟店),陈家山路1639号路劲悦茂府底商,121.228928,31.376266,嘉定区,本土连锁,1,7,1,5
B0KDUN09TK,嘉北·沸舍乡村俱乐部咖啡馆,沪宜公路5051号嘉北郊野公园内(东侧),121.204525,31.359825,嘉定区,独立/精品,0,0,1,1
B0HUKH98AW,星巴克(上海瑞立万立城店),安悦路105号一层107号安驰路277号,121.178604,31.283895,嘉定区,国际连锁,1,10,6,13
B0I6YRQPT2,星巴克(上海吉宝绿地缤纷城店),嘉定区马陆地铁站吉嘉广场一层,121.275559,31.319907,嘉定区,国际连锁,1,2,0,2
B0L2F12BXF,星巴克(黄家花园路店),黄家花园路与曹安公路辅路交叉口东南80米,121.321156,31.263688,嘉定区,国际连锁,0,6,0,4
B0L2N9ID3F,萌天鹅书咖,双单路1013号,121.257727,31.329109,嘉定区,独立/精品,1,8,3,8
B0J657HCYS,Tims天好咖啡(南翔太茂商业广场店),丰翔路3168号1层B区104A,121.325478,31.299117,嘉定区,国际连锁,1,5,1,8
B0FFLF7ZRN,瑞幸咖啡(华泰中心店),江桥镇金运路183号华泰中心一层,121.320205,31.235604,嘉定区,本土连锁,0,6,3,9
B0JAROWJCQ,瑞幸咖啡(州桥老街店),东大街457号,121.25214,31.384953,嘉定区,本土连锁,0,7,7,10
B0G2AZ4E4G,星巴克(安亭财富广场店),曹安公路5616号安亭财富广场-北区1层,121.161331,31.289574,嘉定区,国际连锁,1,10,13,14
B0JBRMO9W2,Costa Coffee(上海嘉定宝龙广场店),阿克苏路1097号123室,121.260167,31.345763,嘉定区,国际连锁,0,7,6,16
B0H1Z45VYO,星巴克(上海绿地北虹桥科技园店),金沙江西路880号1层沙河路317号A单元,121.331025,31.241075,嘉定区,国际连锁,1,5,2,6
B0JRZH22NX,瑞幸咖啡(嘉定西云楼店),裕民南路1741号底商,121.260473,31.357997,嘉定区,本土连锁,0,5,4,5
B0JRF5QNAX,M Stand(上海嘉定万达店),胜辛路426号万达广场(上海中信泰富店)1F层,121.255541,31.32886,嘉定区,本土连锁,1,7,4,7
B0KGZL4ZIS,luckin coffee 瑞幸咖啡(上海TSF购物中心店),白银路233号上海TSF购物中心F1层,121.263868,31.352601,嘉定区,本土连锁,0,5,5,9
B0JU41BOYS,瑞幸咖啡(汇源路店),汇源路首创旭辉城608号底商,121.199738,31.41165,嘉定区,本土连锁,1,3,2,6
B0JGGHT5ED,库迪咖啡(嘉定罗宾森购物广场店),城中路138号罗宾森购物广场1层(近中庭扶梯),121.245053,31.384841,嘉定区,本土连锁,0,7,6,4
B0FFKH9BFG,瑞幸咖啡(南翔太茂广场店),丰翔路3168号南翔太茂商业广场底商,121.325845,31.299429,嘉定区,本土连锁,1,5,1,8
B0H2Y4W7H2,星巴克(上海现厂店),博乐路70号36幢1层107-1107-2单元,121.256952,31.379219,嘉定区,国际连锁,0,4,2,11
B0JK2ATLNF,M Stand(嘉定TSF店),白银路195号1层-03号商铺(近商场4号门),121.263754,31.352587,嘉定区,本土连锁,0,6,5,9
B0JRXC0IZ6,瑞幸咖啡(福海路店),福海路258号一层4室,121.250548,31.368379,嘉定区,本土连锁,0,10,4,5
B0KUZ9PZDY,BeanStar比星咖啡(上海嘉定华润中央公园店),华润·中央公园1期北区1号门西140米,121.314532,31.313036,嘉定区,本土连锁,0,5,1,6
B0LDC9XFSQ,瑞幸咖啡(中冶祥腾店),真南路4368号中冶祥腾城市广场,121.321375,31.295275,嘉定区,本土连锁,1,6,5,7
B0FFHKN29H,星巴克(嘉定万科安亭新镇店),安诚路278号1层101单元,121.171888,31.269337,嘉定区,国际连锁,0,5,3,7
B0JK4ARIJ1,瑞幸咖啡(花园浜路店),花园浜路86号底商,121.215867,31.31705,嘉定区,本土连锁,0,5,3,5
B0JD0ZR387,星巴克上海南山维乐城店,江桥镇乐秀118号第1层101单元,121.318624,31.255465,嘉定区,国际连锁,0,4,0,4
B0JUAZ1XVR,Manner Coffee(上海江桥万达广场店),江桥万达广场1层1015号(2号门麦当劳旁),121.325419,31.240092,嘉定区,本土连锁,0,4,14,16
B0FFK23K4E,瑞幸咖啡(西郊商务园店),天创路96号西郊商务园C2区35号一层,121.331319,31.236531,嘉定区,本土连锁,0,2,1,8
B0J6P50OML,星巴克(上海胜竹路店),胜竹路2188号,121.24838,31.401391,嘉定区,国际连锁,0,7,7,5
B0IK35P8IR,星巴克(上海嘉隆广场店),汇源路288号,121.203127,31.413939,嘉定区,国际连锁,1,3,4,6
B0FFM0O540,瑞幸咖啡(运通大厦店),菊园新区胜辛路3285号运通大厦一层大堂,121.2257,31.376947,嘉定区,本土连锁,1,9,1,6
B0FFHYJ9GL,Costa Coffee(上海安亭嘉亭荟店),安亭镇墨玉南路1055号嘉亭荟生活广场2楼202单元,121.16175,31.288206,嘉定区,国际连锁,1,10,14,14
B0KA7HPI17,Pull-Tab拉环咖啡(上海嘉定中信泰富万达店),胜辛路426号上海中信泰富万达广场嘉定新城店F3层,121.255116,31.329738,嘉定区,本土连锁,1,8,4,7
B0J1H55QAO,luckin coffee 瑞幸咖啡(东塔小区塔城路341弄店),东塔小区北门西南50米,121.249812,31.380264,嘉定区,本土连锁,0,6,7,6
B0FFIAVSBQ,星巴克嘉定汽车城创新港店,上海市嘉定区安拓路56弄13号第一层102室,121.195138,31.278992,嘉定区,国际连锁,0,2,7,4
B0I251HR10,瑞幸咖啡(江桥万达4号门店),金沙江西路1051弄29号底商,121.32359,31.239807,嘉定区,本土连锁,1,5,13,22
B0HDTML3ED,星巴克(汇锦南翔中心店),银翔路609号110-1单元,121.323615,31.290873,嘉定区,国际连锁,0,6,21,8
B0H2USPTMJ,FlyingSOLO夜航飞行咖啡(安亭店),安亭镇安拓路56号汽车创新港1号楼101,121.193965,31.278048,嘉定区,独立/精品,0,3,7,5
B0FFFSS1WF,星巴克(中暨大厦店),银翔路819弄1号04单元中暨大厦,121.319485,31.287817,嘉定区,国际连锁,0,9,18,8
B0FFJ8YAX1,星巴克(嘉定同济科技园店),绿苑路587号1层,121.21099,31.280301,嘉定区,国际连锁,0,3,4,4
B0FFJ6X9CL,85度C(上海嘉定日月光店),城北路358号1F-22-1-23-1室,121.238125,31.391225,嘉定区,独立/精品,2,9,2,7
B0FFINE1C9,星巴克(嘉定华泰广场店),金运路355号华泰中心1层101单元,121.320145,31.237979,嘉定区,国际连锁,1,4,12,15
B0FFLG279N,瑞幸咖啡(光大安石虹桥大融城店),宝安公路3386号大融城商业广场1号楼负一层107-2室,121.280466,31.330594,嘉定区,本土连锁,0,3,7,7
B0LUUCBCP1,薄荷蛋汤,进明渡路240号(上海汽车城地铁站3号口步行450米),121.179215,31.283083,嘉定区,独立/精品,1,8,6,13
B0H6XNUCHF,Manner Coffee(上海南翔印象城MEGA店),陈翔公路2299号上海南翔印象城MEGAL2层L2-33a,121.304874,31.304638,嘉定区,本土连锁,1,4,3,10
B0FFLNG7QF,瑞幸咖啡(江桥老街店),江桥镇虞姬墩路588号103室,121.342475,31.256675,嘉定区,本土连锁,1,6,7,8
B0FFJCDTCC,瑞幸咖啡(容基大厦店),银翔路1037号容基大厦一层大堂,121.316102,31.284997,嘉定区,本土连锁,0,9,2,2
B0FFGE0GNJ,星巴克咖啡(嘉定Max未来店),海波路616号1F-318室,121.335216,31.268778,嘉定区,国际连锁,0,2,3,2
B0G27KCA3E,瑞幸咖啡(嘉定宝龙店),阿克苏路1099号一层415-1室,121.260184,31.346393,嘉定区,本土连锁,0,8,7,16
B0FFKO08Z6,星巴克(嘉定西云楼店),洪德路300号、302号,121.258684,31.357071,嘉定区,国际连锁,0,3,3,8
B0FFL8EVH9,瑞幸咖啡(中信泰富万达广场店),胜辛路426号中信泰富万达广场B1-1023A商铺,121.255345,31.330071,嘉定区,本土连锁,1,8,4,8
B0FFFDRN20,星巴克(五彩城店),宝翔路801号五彩城L1层,121.317172,31.312028,嘉定区,国际连锁,0,7,1,6
B0FFH4RYNZ,星巴克(大融城店),马陆镇宝安公路3386号大融城,121.279003,31.330044,嘉定区,国际连锁,0,2,7,7
B0H1L6EFGR,Maddog Coffee 生气小狗咖啡,进明渡路212弄31号1层,121.179768,31.283543,嘉定区,独立/精品,1,7,6,13
B0FFG3BORI,星巴克(乐坊广场店),金鼎路2218号乐坊精致生活广场东区1F层121单元,121.365509,31.258918,嘉定区,国际连锁,1,6,2,2
B0FFM5LZX3,星巴克(信业购物中心店),环城路762弄1号嘉定信业购物中心1层1147单元(KFC旁),121.248103,31.397257,嘉定区,国际连锁,0,7,8,11
B0FFHXYXJS,星巴克(罗宾森店),嘉定镇城中路138号罗宾森购物广场一楼,121.245637,31.384644,嘉定区,国际连锁,0,6,6,5
B0FFM375AE,瑞幸咖啡(上海大学科技园店),城北路1355号上海大学科技园一层109室,121.222175,31.405775,嘉定区,本土连锁,0,2,0,1
B0HDHUDUGB,猫·十二猫咖茶吧(南翔店),南翔镇解放街235号,121.307925,31.291175,嘉定区,独立/精品,0,9,4,7
B0H19UMQ0Z,Manner Coffee(上海中信泰富万达广场店),胜辛路426号万达广场(上海中信泰富店)1F层,121.254522,31.331181,嘉定区,本土连锁,1,7,3,8
B0FFM9VMMS,瑞幸咖啡(上海信业购物中心店),菊园新区信业购物中心1F3102,121.247432,31.396264,嘉定区,本土连锁,0,7,8,8
B0HR9D64TH,Tims咖啡(江桥万达店),金沙江西路1051弄一层,121.323896,31.239981,嘉定区,国际连锁,1,5,13,21
B0G1RNZHXD,星巴克(安亭老街店),安亭街556-620(双号)第一层558单元第二层,121.154753,31.295883,嘉定区,国际连锁,0,4,1,4
B0I1S7PQWD,星巴克(上海南翔祥腾广场1F店),真南路4368弄3号1层10室,121.320652,31.295425,嘉定区,国际连锁,1,6,5,6
B0J3M5I8ZT,瑞幸咖啡(南翔古镇南2门店),南翔解放街158号底商,121.308571,31.290425,嘉定区,本土连锁,0,10,5,7
B0FFLMSRTL,星巴克(嘉尚坊店),江桥镇嘉怡路233号嘉尚坊,121.347614,31.264319,嘉定区,国际连锁,0,5,0,2
B0HRZYNGMG,星巴克(上海·嘉定中信泰富万达店),胜辛路426号万达广场(上海中信泰富店)2F层,121.254452,31.33082,嘉定区,国际连锁,1,7,3,8
B0FFJ7AX3L,星巴克(嘉定威隆大厦店),曹安公路1718号威隆大厦一层四单元,121.364582,31.253899,嘉定区,国际连锁,1,9,6,11
B0FFK64KDK,瑞幸咖啡(三德商务广场店),墨玉南路1080号三德商务广场一层102号,121.163948,31.288107,嘉定区,本土连锁,1,10,12,15
B0FFJIUVAR,瑞幸咖啡(科创大厦店),嘉罗公路336号科创大厦一层大堂,121.262795,31.379302,嘉定区,本土连锁,0,6,1,4
B0GRGOSIHL,星巴克(上海新郁路店),"新郁路258号101,102,103室",121.359038,31.24505,嘉定区,国际连锁,1,12,2,5
B0FFHL4BPM,星巴克(南翔太茂店),丰翔路3168号南翔太茂商业广场1层113,121.325892,31.29943,嘉定区,国际连锁,1,5,1,8
B0FFG7VNU0,嘉定喜来登大堂吧,菊园新区嘉唐公路66号,121.245944,31.394348,嘉定区,独立/精品,0,5,4,10
B0HR6S8LL5,星巴克(上海隆慧大厦店),叶城路551号,121.259133,31.367049,嘉定区,国际连锁,0,2,9,3
B0GD34146E,瑞幸咖啡(百联嘉定购物中心店),澄浏中路3128弄3号百联嘉定购物中心1层005A室,121.278487,31.385482,嘉定区,本土连锁,0,5,1,5
B0FFKTR1QD,瑞幸咖啡(环球大厦店),沪宜公路1168号环球大厦一层大堂,121.303476,31.296376,嘉定区,本土连锁,0,4,10,5
B0I34LFIIT,瑞幸咖啡(南翔印象城B1F店)(装修中),陈翔公街2299号B1-k4号,121.305159,31.305119,嘉定区,本土连锁,1,3,3,10
B0JG9S3UGB,星巴克(恒久又一城店),鹤望路523号(金运路地铁站8号口步行360米),121.320638,31.243597,嘉定区,国际连锁,1,6,8,8
B0JGNZRTAL,库迪咖啡(太湖世家国际大厦店),德富路1198号太湖世家国际大厦104-1商铺(北侧沿街),121.258665,31.347656,嘉定区,本土连锁,0,9,7,17
B0LU2CUP36,嘉定凯悦酒店咖啡厅(嘉定店),裕民南路1366号,121.263246,31.352113,嘉定区,独立/精品,0,7,6,9
B0G3TCOK2U,CUPPER精品咖啡(西上海大厦店),墨玉南路1018号(安亭地铁站2号口步行280米),121.164274,31.286976,嘉定区,独立/精品,1,9,12,14
B0G2AD4FHX,星巴克(花都荟店),城中路2号1幢F1F007单,121.252971,31.373512,嘉定区,国际连锁,0,8,0,6
B0K6ODP085,luckin coffee 瑞幸咖啡(恒久又一城店),金运路与鹤望路交叉口东南140米,121.320625,31.241956,嘉定区,本土连锁,1,6,14,14
B0LRU4CW7U,Manner Coffee(嘉定宝龙广场店),阿克苏路1099号嘉定宝龙广场F1层,121.260212,31.345911,嘉定区,本土连锁,0,7,6,16
B0L21SSVSU,长兴咖啡(南翔名士居店),共和街28号,121.308993,31.291883,嘉定区,独立/精品,0,9,5,8
B0J2D7JGIT,瑞幸咖啡(新源路店),新源路610号底商,121.154905,31.297643,嘉定区,本土连锁,0,3,1,4
B0H1UX061A,Manner Coffee(嘉定日月光中心店),城北路358号嘉定日月光中心F1层,121.237615,31.390177,嘉定区,本土连锁,2,8,7,6
B0J3NDPKCV,瑞幸咖啡(星华公路店),星华公路1604号底商,121.299788,31.269632,嘉定区,本土连锁,1,7,2,1
B0JK4ZOXPF,瑞幸咖啡(威隆大厦店),曹安公路1718号威隆大厦底商,121.364715,31.254038,嘉定区,本土连锁,1,9,6,11
B0IKGZ61VS,星巴克(上海丰庄地铁站店),真新街道新郁路81号第1层的L1单元,121.35691,31.241711,嘉定区,国际连锁,1,7,1,4
B0L16HS5IT,库迪咖啡(华泰中心店),金运路211号,121.320178,31.23585,嘉定区,本土连锁,0,6,4,9
B0FFLNHEDH,瑞幸咖啡(五彩城店),南翔镇宝翔路801号负一层中岛03-05号,121.317125,31.311775,嘉定区,本土连锁,0,7,1,6
B0H33DUJKF,星巴克(上海嘉定上汽园区店),安研路201号3号楼201单,121.190375,31.279575,嘉定区,国际连锁,0,1,6,5
B0J0XDBWFR,瑞幸咖啡(清河路秋霞楼店),清河路4-8号秋霞楼商场底商,121.250529,31.385818,嘉定区,本土连锁,0,5,7,6
B0K1GCR71K,贝拉咖啡BELLACAFE,古猗园1399弄1327号,121.305188,31.308034,嘉定区,独立/精品,1,5,3,9
B0KDTD9E2G,Tims天好咖啡(中骏璟尚店),安亭镇逸亭路79号12幢107室,121.161625,31.285825,嘉定区,国际连锁,1,8,12,14
B0H3ZOGST1,憨豆咖啡(茹水路店),嘉怡别墅西门南200米,121.273596,31.38733,嘉定区,独立/精品,0,7,0,2
B0JUXLPP5X,库迪咖啡(嘉定同济科技园店),安亭镇杭桂路1221弄45号(书香居东1门西侧),121.21053,31.279359,嘉定区,本土连锁,0,3,4,4
B0HKDDWAP3,Manner Coffee(嘉亭荟城市生活广场店),墨玉南路1055-1077号嘉亭荟城市生活广场西区F1层,121.162179,31.287788,嘉定区,本土连锁,1,10,13,14
B0HKYHU667,RED KA红咖(州桥老街店),博乐路与嘉定东大街交叉口南40米,121.252436,31.384786,嘉定区,独立/精品,0,7,7,10
B0JDX1AM44,瑞幸咖啡(嘉定万创坊店),集安智路176号Life Bazaa万创坊底商,121.172276,31.268823,嘉定区,本土连锁,0,4,3,7
B0L66S3R49,肯悦咖啡新江桥店,虞姬墩路506号,121.343064,31.255852,嘉定区,独立/精品,1,6,6,5
B0G2UL4048,瑞幸咖啡(南翔大润发店),南翔镇沪宜公路1000号一层,121.305541,31.292073,嘉定区,本土连锁,0,8,4,7
B0JRCH6JKY,Cido coffee系多咖啡(仁丰金元大厦店),永盛路1218号仁丰金元大厦105室,121.255423,31.347164,嘉定区,独立/精品,0,7,4,12
B0LDTU6GVS,BeanStar比星咖啡(上海嘉定安研路店),荣威大道与名爵三路交叉口东南100米,121.190404,31.27679,嘉定区,本土连锁,0,4,4,4
B0J05SWARC,M Stand(安亭国际汽车城店),博园路7586号竖筒一层(近飞凡交付中心),121.16784,31.281739,嘉定区,本土连锁,0,4,3,2
B0FFJ9SOPN,Max Coffee此食此刻,工业区城北路1818号金融谷1号楼,121.218411,31.413772,嘉定区,独立/精品,0,1,3,1
B0FFKUNCWB,瑞幸咖啡(安亭财富广场店)(装修中),曹安公路5616号安亭财富广场一层109号,121.162075,31.28957,嘉定区,本土连锁,1,10,14,14
B0J27SGIA9,库迪咖啡(安亭财富广场店),曹安公路5616号安亭财富广场1F层(美食街内),121.161575,31.289675,嘉定区,本土连锁,1,10,13,14
B0K25ASQM2,知囍蛋糕咖啡甜品,塔城路734号-2号,121.238921,31.373142,嘉定区,独立/精品,0,5,2,4
B0H1UO0EPY,上海嘉定福朋喜来登酒店·大堂吧,叶城路866号,121.25067,31.365166,嘉定区,独立/精品,0,7,4,4
B0K3FURVRV,TRAIN BREW咖啡健身馆,云谷路790号,121.252727,31.337093,嘉定区,独立/精品,0,5,0,2
B0KD19A6ZE,luckin coffee 瑞幸咖啡(嘉定大橘邻里店),胜竹路2188号嘉定大橘邻里F1层,121.249535,31.401677,嘉定区,本土连锁,0,8,7,4
B0JG3HUDI8,星巴克(上海永盛路店),叶城路1118号,121.245319,31.36304,嘉定区,国际连锁,0,6,6,2
B0KG3CQKY9,luckin coffee 瑞幸咖啡(徐行嘉璞里市集店),启宁路与桃红路交叉口西南60米,121.27802,31.416825,嘉定区,本土连锁,0,8,0,2
B0K2ACWARE,Pull-Tab拉环咖啡(上海市嘉定区安亭店),安亭镇进明渡路346号1层,121.176568,31.283511,嘉定区,本土连锁,1,7,5,11
B0JRXC7XW9,库迪咖啡(沙河园区店),江桥镇沙河路66号1号楼A6室(近鹤旋东路路口),121.332589,31.238928,嘉定区,本土连锁,1,3,1,7
B0L127VCKI,HAOOO COFFEE好好咖啡(南翔印象城店),南翔镇听雪园路77弄2号楼101,121.305411,31.306205,嘉定区,独立/精品,1,3,3,9
B0FFK9CWQD,子啡鱼咖啡馆(疁城新天地店),塔城路295号疁城新天地19幢110-111室,121.256561,31.382933,嘉定区,独立/精品,0,6,4,14
B0J2ARU02J,luckin coffee 瑞幸咖啡(嘉莲华国际商业广场店),曹安路2206号嘉莲华国际商业广场F1层,121.345332,31.259919,嘉定区,本土连锁,1,5,6,5
B0JRBU8L85,Tims天好咖啡(嘉定宝龙捷枫店),阿克苏路1099号,121.259558,31.346073,嘉定区,国际连锁,0,7,6,16
B0LGA9MTDZ,luckin coffee 瑞幸咖啡(万立城店),安悦路与进明渡路交叉口北40米,121.178525,31.283525,嘉定区,本土连锁,1,8,6,13
B0KR5OON7M,瑞幸咖啡(金地威新嘉定智造园店),银龙路258号金地威新产业园一层大堂,121.188843,31.344459,嘉定区,本土连锁,0,3,5,4
B0KDV7N7I3,星巴克上海嘉亭荟二期1F店,墨玉南路909号,121.16444,31.283683,嘉定区,国际连锁,0,7,8,8
B00155875G,伊诺咖啡(上海万商灯饰市场店),回城南路1128号,121.255224,31.361579,嘉定区,独立/精品,0,1,1,1
B0L29ARGR3,b3coffee必三咖啡(南翔印象城店),陈翔公路2299号(陈翔公路地铁站3号口步行250米),121.305986,31.304724,嘉定区,独立/精品,1,3,3,10
B0J3MCHH13,库迪咖啡(蓝天创业广场店),南翔镇银翔路655号蓝天创业广场1层大堂,121.322021,31.289501,嘉定区,本土连锁,0,6,21,10
B0I2DHSL09,AndAgain Cafe又又咖啡,永盛路2795号,121.241245,31.370354,嘉定区,独立/精品,0,5,2,4
B0K11REAZA,肯悦咖啡南翔银翔路店,银翔路,121.320904,31.288962,嘉定区,独立/精品,0,9,21,10
B0L1DCUKSH,瑞幸咖啡,嘉年路与惠柏路交叉口东80米,121.283575,31.294725,嘉定区,本土连锁,0,8,0,1
B0K2OR69A8,半亩嘉禾·国潮美学空间,南翔解放街206号,121.308393,31.290658,嘉定区,独立/精品,0,10,5,7
B0FFKJRT3R,Costa Coffee(上海瑞金医院北院店),希望路999号门诊部二楼专家门诊旁边,121.259275,31.336375,嘉定区,国际连锁,0,4,0,4
B0J229Y4M4,星巴克(上海安亭隽悦荟店),于塘南路450弄1号105室上海安亭隽悦荟店,121.191674,31.294729,嘉定区,国际连锁,0,8,2,3
B0KDC9QU91,luckin coffee 瑞幸咖啡(外青松公路店),外青松公路与外钱公路交叉口西北100米,121.173757,31.359334,嘉定区,本土连锁,0,5,1,4
B0KG4HMJUK,luckin coffee 瑞幸咖啡(八润幻月城店),芳礼路161号,121.314599,31.312015,嘉定区,本土连锁,0,5,1,6
B0JGLCH1QX,Manner Coffee(中冶祥腾城市广场店),真南路4368号中冶祥腾城市广场1层,121.321391,31.294989,嘉定区,本土连锁,1,6,6,6
B0G1Z6288G,BAKING DREAMS(菊园科创大厦店),胜竹路1399号菊园科创大厦,121.26642,31.403416,嘉定区,独立/精品,1,3,3,2
B0KKGN75O3,luckin coffee 瑞幸咖啡(丰庄二村店),丰庄路与新侯路交叉口南40米,121.363605,31.246529,嘉定区,本土连锁,0,9,2,3
B0L1PG3LQ8,瑞幸咖啡,江桥镇爱特路185弄89号,121.316425,31.231875,嘉定区,本土连锁,0,3,3,2
B0L24DOI1G,库迪咖啡(南翔智地B区店),沪宜公路1082号,121.304126,31.294929,嘉定区,本土连锁,0,7,12,7
B0JRV5NI5N,库迪咖啡(安亭万立城店),安亭镇进明渡路257号一层优品鲜超市内,121.178728,31.282888,嘉定区,本土连锁,1,7,6,13
B0LB1CSHN7,肯悦咖啡嘉定西店,柳梁路155弄4号106.107室,121.227622,31.376748,嘉定区,独立/精品,1,7,1,5
B0HKULXYA6,M SEED COFFEE(慧创国际店),金沙江西路1555弄361号1楼,121.330637,31.238341,嘉定区,独立/精品,0,3,3,9
B0JK4ZP8OH,瑞幸咖啡(嘉定宝龙中心店),希望路689号嘉定宝龙中心6号楼底商,121.265848,31.340212,嘉定区,本土连锁,0,3,0,3
B0JDXPFACY,瑞幸咖啡(虹丰生活广场店),曹安公路2688号虹丰生活广场底商(临洮路地铁站1号口旁),121.33163,31.263478,嘉定区,本土连锁,1,2,0,3
B0LG1Y1AJK,M Stand(上海江桥万达广场店),万达广场(上海江桥店)(金运路地铁站1号口步行300米),121.32468,31.240634,嘉定区,本土连锁,0,5,15,18
B0LGB73A58,尧YAO·茶.咖.酒,白银路333弄58号104室-1,121.260262,31.351393,嘉定区,独立/精品,0,8,6,11
B0LAZRW9SY,肯悦咖啡城中店,城中路2号,121.253475,31.373375,嘉定区,独立/精品,0,6,0,6
B0JBYCUAOW,Manner Coffee(上海南翔太茂商业广场店),丰翔路3168号上海南翔太茂商业广场F1层,121.325451,31.298934,嘉定区,本土连锁,1,5,2,8
B0JDMMRM3F,库迪咖啡(安亭泛乐城店),墨玉路1080号曼度泛乐城2层扶梯处,121.162577,31.288044,嘉定区,本土连锁,1,10,13,14
B0LRZU3AKF,库迪咖啡(曹安公路申喆汇店),曹安公路4031号,121.267425,31.273875,嘉定区,本土连锁,0,2,7,3
B0L67XYYWZ,星巴克(上海嘉定山姆会员商店店),惠亚路117号1幢第1层L1-101单元,121.293815,31.300036,嘉定区,国际连锁,0,6,1,2
B0I1RY1JRW,Manner Coffee(百联嘉定购物中心店),澄浏中路3172号百联嘉定购物中心1F层,121.278565,31.384954,嘉定区,本土连锁,0,5,1,5
B0KGBU1S5W,luckin coffee 瑞幸咖啡(上海百有商城店),百有商城西门旁,121.279952,31.326467,嘉定区,本土连锁,0,2,7,7
B0L1798JFX,喜之树·咖啡·烘焙,崇福路422号(马陆地铁站2号口步行400米),121.2808,31.319244,嘉定区,独立/精品,1,1,0,1
B0KA2AEI7C,库迪咖啡(嘉定极氪总部店),景域大道88号(1号楼大堂),121.316725,31.229025,嘉定区,本土连锁,0,0,3,3
B0L66N7CT0,luckin coffee 瑞幸咖啡(花都荟店),城中路2号花都荟,121.252673,31.373572,嘉定区,本土连锁,0,8,0,6
B0JA9ZI8WW,Manner Coffee(花都荟店),城中路2号花都荟F1层,121.253235,31.373454,嘉定区,本土连锁,0,6,0,6
B0K64MNYFA,luckin coffee 瑞幸咖啡(黄渡·绿苑南路店),黄渡·绿苑南路与文化街交叉口东南80米,121.218074,31.264178,嘉定区,本土连锁,0,4,1,2
B0K0M5JD7I,瑞幸咖啡(仓场路迎园三坊南门店),仓场路2716号广场底商,121.266831,31.381503,嘉定区,本土连锁,0,9,2,4
B0J1VCC1JY,瑞幸咖啡(昌吉路店),昌吉路225号一层3室,121.160239,31.295115,嘉定区,本土连锁,0,5,2,2
B0K1PRNSMQ,luckin coffee 瑞幸咖啡(嘉海雅苑店),嘉峪关路437号底商,121.315885,31.2707,嘉定区,本土连锁,0,5,2,2
B0LU2MVCQN,BeanStar比星咖啡(上海江桥万达店),金沙江西路1051号1F比星咖啡,121.325625,31.240025,嘉定区,本土连锁,0,4,13,16
B0JULC0FRN,星巴克(三德广场店),墨玉南路1080号地上1层124铺位,121.163787,31.288064,嘉定区,国际连锁,1,10,13,15
B0J21LDKMP,瑞幸咖啡(海波路店),海波路615号yoho街区底商,121.335749,31.268214,嘉定区,本土连锁,0,3,3,2
B0JK4ZR9AG,瑞幸咖啡(金沙路店),金沙路259号底商,121.256549,31.386076,嘉定区,本土连锁,0,6,2,8
B0JGZ5AT0H,Creeper Coffee(嘉定老城店),梅园路25-3号,121.244927,31.379395,嘉定区,独立/精品,0,4,4,4
B0LRK7JK7U,缓冲地带精酿小酒馆(嘉定宝龙店),阿克苏路1099号嘉定宝龙广场2楼(姚稷大铁锅旁),121.260175,31.345425,嘉定区,独立/精品,0,8,6,16
B0KA6XI64G,luckin coffee 瑞幸咖啡(南翔558商业生活广场店),德华路558号南翔558商业生活广场F1层,121.308808,31.293304,嘉定区,本土连锁,0,10,5,8
B0KAZ7FSHB,luckin coffee 瑞幸咖啡(菊园智慧中心店),盘安路501号菊园智慧中心F1层,121.231421,31.384891,嘉定区,本土连锁,0,2,0,1
B0JRR7UTFP,库迪咖啡(上师大天华学院店),汇源路610号(上师大天华学院西北门对面),121.199658,31.411595,嘉定区,本土连锁,0,3,1,6
B0L02ZMOCZ,瑞幸咖啡(龙湖上海江桥欢肆店),金园二路218号龙湖上海江桥欢肆,121.314925,31.262875,嘉定区,本土连锁,1,0,4,5
B0K3G58MUQ,袋鼠咖啡厅,嘉朱生态桂花园袋鼠活动区,121.162071,31.422481,嘉定区,独立/精品,0,0,0,1
B0K6ACRNIS,书院咖啡,嘉定别墅花园酒店西南门旁,121.25134,31.383065,嘉定区,独立/精品,0,7,8,13
B0KU29URJC,Manner Coffee(信业购物中心店),柳湖路与仓桥村路交叉口南80米,121.248512,31.396418,嘉定区,本土连锁,0,7,8,8
B0KKNG4XKX,库迪咖啡(嘉定包装城店),宝安公路3705弄1号上海包装城大楼,121.268601,31.325696,嘉定区,本土连锁,0,3,3,4
B0L6OHGI76,BeanStar比星咖啡(上海嘉定宝龙广场店),宝龙广场1F 1号门内比星咖啡,121.260267,31.344841,嘉定区,本土连锁,0,6,6,14
B0JK9ZDU55,Pull-Tab拉环咖啡(上海市嘉定区信业店)(暂停营业),嘉定环城路762弄信业购物中心5号楼,121.248401,31.395906,嘉定区,本土连锁,0,8,8,8
B0FFGXQ0FK,星巴克(迪士尼小镇店),申迪西路255弄迪士尼小镇602号(迪士尼世界商店旁),121.661992,31.13908,浦东新区,国际连锁,0,2,6,4
B0JD1Z3S3Y,Blue Bottle Coffee蓝瓶咖啡(前滩店),东育路595号1幢及2幢地下1层04-06单元,121.48369,31.151461,浦东新区,国际连锁,1,5,22,30
B0FFGF4CTX,星巴克(陆家嘴国际华城店),张杨路1553号(源深体育中心地铁站1号口步行230米),121.53742,31.234465,浦东新区,国际连锁,1,4,5,10
B0FFH8HTJ7,星巴克(森宏生活广场店),长清路1200弄37号1楼2101室,121.49243,31.149206,浦东新区,国际连锁,1,7,5,4
B0FFKXB3PD,星巴克(张杨路店),张杨路655号,121.518693,31.229111,浦东新区,国际连锁,1,12,30,57
B0FFFHBJIW,星巴克臻选(惠南世纪联华店),城东路384号1楼MSGC2单元,121.763736,31.053218,浦东新区,国际连锁,1,12,6,8
B0J2NRI9DY,Peet's Coffee皮爷咖啡(上海世博源店),周家渡路209号世博源3区1层(国展路沿街),121.492575,31.181873,浦东新区,国际连锁,3,7,7,13
B0J0TCVLQW,星巴克(上海漫乐城店),齐河路258号上海漫乐城L1层L124、L132,121.503556,31.179138,浦东新区,国际连锁,1,8,6,3
B0GK0P8DZP,Peet's Coffee皮爷咖啡(长泰广场店),祖冲之路1239弄6号长泰广场1层05-158室,121.602261,31.20544,浦东新区,国际连锁,1,6,17,17
B0FFIWV6HH,瑞幸咖啡(上海湾店),浦东南路1138号上海湾广场一层116室,121.51561,31.2274,浦东新区,本土连锁,1,9,21,52
B0JDYROSSA,一尺花园(江镇河岸店),江镇西街71号林隐艺术中心(地面停车场),121.74361,31.171467,浦东新区,独立/精品,0,4,4,3
B0HGXBUURF,LAVAZZA拉瓦萨咖啡(上海前滩晶耀店),耀体路308号一层L133A店铺,121.477761,31.152299,浦东新区,国际连锁,1,9,27,41
B0FFHP4EXV,星巴克(丁香国际商业中心店),丁香路880弄丁香国际商业中心L1层L101+102号单元,121.551688,31.2255,浦东新区,国际连锁,1,9,7,12
B0I17CQZ5U,星巴克臻选(上海佛罗伦萨小镇二期店),卓耀路58弄1-365号上海佛罗伦萨小镇(上海名品奥特莱斯)F1层M10,121.765488,31.194608,浦东新区,国际连锁,0,3,2,7
B0FFIXJ26S,星巴克(前滩世贸中心店),东育路255弄前滩世贸中心项目一期8号楼1层101单元,121.482336,31.157102,浦东新区,国际连锁,1,7,15,29
B0GK07CGVK,Komeda's Coffee 口美达咖啡(前滩店),,121.470616,31.148418,浦东新区,独立/精品,0,5,1,11
B0H31SW3OX,棉里咖啡MulyCoffee&Bistro(张江AI未来街区-C街区店),海科路999弄6号楼,121.608988,31.18288,浦东新区,独立/精品,0,3,3,13
B0FFI90U2L,星巴克臻选(环球金融店),世纪大道100号环球金融中心1层101室,121.507449,31.235095,浦东新区,国际连锁,0,13,42,41
B0G2Z7IPET,Manner Coffee(上海长泰广场店),金科路2889号长泰广场1F层,121.601662,31.205239,浦东新区,本土连锁,1,5,17,17
B0FFM7B97Q,Geographer地理学家咖啡(商场世纪汇广场店),潍坊新村街道世纪汇广场LG1层PA-005(几何书店旁),121.528057,31.227245,浦东新区,独立/精品,1,8,23,38
B0FFFDRS1Z,星巴克(恒生商业广场店),上丰路1702号唐镇恒生广场101室,121.677656,31.240622,浦东新区,国际连锁,0,7,0,5
B0FFMDQZQQ,星巴克上海浦东机场S2国际店,浦东机场S2国际出发层B-24-1,121.807928,31.152777,浦东新区,国际连锁,1,9,1,10
B0JB5Z62RQ,一尺花园(清溪府店),西街160号(近高桥西街停车场、第七人民医院停车场),121.580508,31.343139,浦东新区,独立/精品,0,7,4,4
B0L2P7RHIT,DMCAFE(前滩公园巷店),前滩公园巷S3-103铺,121.473524,31.152951,浦东新区,独立/精品,0,7,9,25
B0FFM89JY5,星巴克臻选(上海复地活力城店),沪南路2229号复地活力城L1005单元,121.564728,31.157793,浦东新区,国际连锁,0,4,13,13
B0FFKNW57A,星巴克(浦东世纪大都会店),世纪大道1217号百联世纪购物中心B1层G59-B01-1-005-006,121.527533,31.229713,浦东新区,国际连锁,1,8,23,35
B0G1RBYVYR,星巴克(上海龙阳广场店),龙阳路2000号110室1层1单元,121.55744,31.203378,浦东新区,国际连锁,1,5,9,13
B00155L8AC,星巴克(蔡伦路店),蔡伦路780号张江药谷大厦1层,121.607085,31.193777,浦东新区,国际连锁,0,8,2,5
B0FFKNXCLN,星巴克(滨江光合新座店),浦东大道1559号滨江光合新座,121.539142,31.244065,浦东新区,国际连锁,1,7,1,6
B0GKCMSBZS,星巴克臻选(上海尚悦湾广场店),银城路66号103b室,121.510202,31.241337,浦东新区,国际连锁,1,13,26,39
B0FFK1HB4O,BLATAGE COFFEE,滨江大道4594号,121.511707,31.218519,浦东新区,独立/精品,0,2,9,8
B0FFKNW9BR,星巴克(川沙百联店),川沙新镇川沙路5398号百联川沙购物中心1层底商,121.698329,31.185722,浦东新区,国际连锁,1,10,7,12
B0H6RS5ZNM,星巴克(锦延路店),锦延路219号(近上海科技馆),121.5406,31.216406,浦东新区,国际连锁,1,3,17,15
B0JKL63HRM,Peet's Coffee皮爷咖啡(百联世纪店),张杨路982号B1层G59-B01-1-007/008商铺,121.527123,31.229749,浦东新区,国际连锁,1,9,23,35
B0GD3K1BNT,瑞幸咖啡(临沂路百联社区店),临沂路140-180号一层G32-F01-1-009,121.512021,31.195259,浦东新区,本土连锁,1,11,4,6
B0FFK6AP69,瑞幸咖啡(置汇旭辉广场店),张杨路2389弄1-2号置汇旭辉广场购物中心负一层10室,121.55568,31.242209,浦东新区,本土连锁,1,7,5,14
B00156F4MX,COSTA COFFEE(上海红枫路店),红枫路399号,121.5937,31.241396,浦东新区,国际连锁,0,6,5,6
B0J2DSVC9H,一尺花园(院士故里店),港西街66号,121.64602,31.02187,浦东新区,独立/精品,0,4,2,13
B0FFG9VEG0,星巴克(亿丰时代广场店),板泉路云台路交叉口(亿丰时代广场1F),121.507889,31.162158,浦东新区,国际连锁,0,6,1,5
B0FFFEAESG,星巴克(浦东星河湾店),锦绣路2580号星河湾商业街1号101铺位,121.53797,31.194247,浦东新区,国际连锁,0,2,0,6
B0J3XDRCHV,COFFEE CUBE,陆家嘴环路717号陆家嘴中心绿地内(西侧),121.504629,31.237419,浦东新区,独立/精品,1,19,59,60
B00156EGV0,星巴克(世纪大都会B1店),福山路312号世纪大都会B1层07单元,121.527476,31.229591,浦东新区,国际连锁,1,9,23,35
B0FFF6XN82,星巴克(上海湾店),浦东南路1138号上海湾1层,121.513669,31.226748,浦东新区,国际连锁,1,8,19,33
B00156GXOV,星巴克(金谊广场店),上南路4467号金谊广场1层-1室,121.513467,31.140086,浦东新区,国际连锁,1,2,2,4
B0FFITBRFP,Seesaw Coffee(尚悦湾广场店),银城路66号尚悦湾1层113B商铺,121.510312,31.240847,浦东新区,本土连锁,1,13,23,39
B0FFGRDSMO,星巴克(三钢里店),上南路1212-2号(成山路地铁站4号口步行350米),121.495038,31.173447,浦东新区,国际连锁,1,9,3,6
B0GRYCUZNO,星巴克臻选(上海华润时代广场店),张杨路500号华润时代广场一楼,121.51771,31.227357,浦东新区,国际连锁,2,8,29,50
B0JK7XRS76,瑞幸咖啡(龙阳广场店),龙阳路2000号龙阳广场一层109-2室,121.557022,31.20336,浦东新区,本土连锁,1,8,8,11
B0FFHTZNL5,星巴克(城建大厦店),福山路500号城建国际中心1层,121.531841,31.222182,浦东新区,国际连锁,2,6,16,26
B0FFIPIHQ4,星巴克(置汇旭辉广场店),张杨路2389弄LCM置汇旭辉广场,121.554725,31.242975,浦东新区,国际连锁,1,7,5,14
B0JUZU9RS7,瑞幸咖啡(陆家嘴正大广场店),陆家嘴环路157号,121.499551,31.237232,浦东新区,本土连锁,1,9,45,38
B0I1TA7B7D,星巴克臻选(长泰广场店),祖冲之路1239弄5座1E13-1单元,121.602778,31.204973,浦东新区,国际连锁,1,6,16,16
B0FFF3AUC5,星巴克臻选(碧云路店),碧云路1156号&1160号全家旁边,121.588752,31.242386,浦东新区,国际连锁,0,4,8,9
B0FFKNW576,星巴克(东方明珠店),世纪大道1号广场1号铺位,121.500086,31.238855,浦东新区,国际连锁,1,10,41,42
B0KGTSCM5S,一尺花园(李氏民宅店),泾南路34号(北洋泾路地铁站1号口直行260米),121.554158,31.241082,浦东新区,独立/精品,1,9,5,14
B0KRKUDPV6,一尺花园(康桥店),康沈路669号,121.573803,31.134488,浦东新区,独立/精品,0,5,3,3
B0KRROX4LG,星巴克(前滩太古里店),东育路500弄前滩太古里中央公园L1层C-L1-01,121.480731,31.153094,浦东新区,国际连锁,1,8,30,48
B0GK57BN5Q,星巴克(国金中心店),世纪大道8号上海国金中心D座商场裙房LG1-39室,121.502084,31.236618,浦东新区,国际连锁,1,14,64,54
B0H60NGNJQ,星巴克(上海世博源世博大道店),世博大道1368号1区1L107室,121.492006,31.186867,浦东新区,国际连锁,1,4,13,15
B0FFIG711W,星巴克上海中心B2店,银城中路501号B2-9,121.505531,31.233544,浦东新区,国际连锁,0,14,42,38
B0K2HHDW8W,W Coffee SH GardenBistro(世博店),上钢新村街道济坤路100号-2(东游中心南侧),121.481598,31.181785,浦东新区,独立/精品,1,2,5,6
B0LGF7RSDR,一尺花园(前滩友城公园店),前耀路185号(近友城公园1号门),121.47352,31.160447,浦东新区,独立/精品,0,2,1,3
B0FFGXQ2G2,星巴克咖啡(上海比斯特购物村店),申迪东路88号上海奕欧来奥特莱斯月牙畔D5单元,121.679062,31.138986,浦东新区,国际连锁,0,4,2,2
B0JADSE94B,一尺花园(牡丹园店),兰谷路500号,121.594926,31.321283,浦东新区,独立/精品,0,4,1,7
B0J30SA0YA,一尺花园(上海金桥店),金桥路535号EKA天物第19幢,121.576833,31.265278,浦东新区,独立/精品,0,10,5,7
B0KRFCSBH3,一尺花园(滨江森林公园店),崇景路9号滨江森林公园二期内,121.531658,31.377694,浦东新区,独立/精品,0,2,1,1
B00156EFUC,星巴克(滨江店),滨江大道富都段,121.497481,31.235067,浦东新区,国际连锁,0,4,36,25
B0IK3MPJNK,一尺花园(世纪公园店),"花木路809号世纪公园内(近7号门,步行至门店三到五分钟)",121.548384,31.211988,浦东新区,独立/精品,1,6,2,5
B0K63SNIU3,一尺花园(世博文化公园店),世博大道2200号,121.469585,31.180085,浦东新区,独立/精品,0,0,1,3
B0LARUBDQX,一尺花园(前滩休闲公园店),前滩大道700弄5号6号(休闲公园13号门),121.464568,31.148898,浦东新区,独立/精品,0,1,1,6
B00156E1KR,星巴克臻选(浦东嘉里城店),花木路1378号浦东嘉里城商场一层L110单元,121.563155,31.212081,浦东新区,国际连锁,1,4,10,15
B0FFKM8UF3,一尺花园(陶家宅1号店),王桥路999号陶家宅1号,121.701253,31.211512,浦东新区,独立/精品,0,2,2,1
B0GUA4A5EV,Peet's Coffee皮爷咖啡(浦东世纪汇店),中国(上海)自由贸易试验区世纪大道1192号L1层030、031a室,121.527005,31.226946,浦东新区,国际连锁,1,11,24,37
B0FFHLQXCN,星巴克臻选(浦建路店),浦建路118号巴黎春天1层(塘桥地铁站2号口旁),121.519486,31.20874,浦东新区,国际连锁,1,11,5,14
B0FFFCOP9W,星巴克臻选(金桥国际店),张扬路3611号金桥国际商业广场2座2层212号,121.579051,31.25669,浦东新区,国际连锁,1,8,15,11
B0IBGSQTF8,一尺花园(新场古镇店),海泉街46号(近新场古镇游客中心停车场),121.64459,31.02558,浦东新区,独立/精品,0,9,2,16
B00155H8T0,星巴克臻选(96广场店),陆家嘴东方路796号九六广场F1层,121.524765,31.22779,浦东新区,国际连锁,1,11,24,36
B0FFGYRV9J,星巴克(富荟商业广场店),樱花路80弄富荟商业广场1号,121.545593,31.204583,浦东新区,国际连锁,0,10,4,9
B0HAXNKTQW,星巴克臻选(上海啦啦宝都店),新金桥路738号LaLaport上海金桥1F层,121.60403,31.252974,浦东新区,国际连锁,0,4,0,10
B0FFFH95JA,星巴克臻选(汇智广场店),金科路3057号汇智国际商业中心1层L1-1A室,121.601193,31.203687,浦东新区,国际连锁,1,7,16,17
B0IBUHRSB1,星巴克咖啡(浦东机场T2到达店),浦东机场迎宾大道8000号二号候机楼到达公众商业区域餐饮项目,121.809484,31.150637,浦东新区,国际连锁,1,4,2,11
B0FFFEGUIN,星巴克(利津路店),利津路1275、1277号1F,121.593718,31.281314,浦东新区,国际连锁,0,6,0,4
B0FFH7VTYB,星巴克(富都广场店),东方路1367号富都广场F1层L1-1A,121.528738,31.212001,浦东新区,国际连锁,1,7,7,9
B0H6O5SR6R,星巴克咖啡(世纪汇广场1F店),世纪大道1192号L1层037号,121.526416,31.227634,浦东新区,国际连锁,1,10,24,35
B0FFHPU257,星巴克臻选(周浦万达店),周浦镇年家浜路518号周浦万达广场157商铺,121.568974,31.114929,浦东新区,国际连锁,1,5,12,9
B0H2V5WPFU,Manner Coffee(上海世纪公园店),世纪公园1号门内镜天湖对面,121.547716,31.216127,浦东新区,本土连锁,1,2,4,4
B0KA551F6H,一尺花园(周浦文化公园店),周邓公路6851号(2号门直行100米到中心广场后右转直行约300米),121.595832,31.111898,浦东新区,独立/精品,0,4,1,4
B0I1CCB8HF,星巴克臻选(上海前滩友城公园店),前耀路139号一层,121.473427,31.159676,浦东新区,国际连锁,0,2,1,4
B0IRBU0V81,Manner Coffee(迪士尼小镇店),申迪西路255弄640号,121.661049,31.139685,浦东新区,本土连锁,0,2,6,4
B0FFM5M8YD,臻选星巴克专星送(上海晶耀前滩店),耀体路212号1层L119室,121.476711,31.152606,浦东新区,国际连锁,1,9,22,37
B0I1SCKZ40,星巴克臻选(上海世博文化公园店),上钢新村街道国展路108号,121.473313,31.180635,浦东新区,国际连锁,0,0,2,5
B0I2GG2QP1,瑞幸咖啡(世博源三区店),国展路839号上海华电大厦一层103室,121.492139,31.184651,浦东新区,本土连锁,2,7,13,19
B0KUD5F8IV,AS Garden&Cafe,陆家嘴富城路199号(陆家嘴地铁站9B口步行410米),121.502016,31.232041,浦东新区,独立/精品,0,12,34,29
B0HUPNN6KC,明珠生活美学馆(东方明珠店),世纪大道1号东方明珠8号门(味千拉面对面),121.500783,31.23962,浦东新区,独立/精品,1,8,41,34
B0L2UREYRK,CAFE HOOOLIDAY(前滩太古里店),东育路500弄1-9号前滩太古里石区L1层S-L1-18,121.481637,31.152059,浦东新区,独立/精品,1,7,28,38
B0K6GAZPJ7,云朵邮局·咖啡(装修中),世博大道1234号(中华艺术宫地铁站4号口步行100米),121.493065,31.18651,浦东新区,独立/精品,2,4,12,19
B0H2TZOY4G,LiLi Time·園子(前滩太古里店),东育路500弄1-9号前滩太古里L4层,121.482081,31.153926,浦东新区,独立/精品,1,5,28,45
B0FFK8EJHI,BREMPLETE&A+芸颂,浦城路662-664号F1层,121.514811,31.223704,浦东新区,独立/精品,1,8,15,16
B0FFL116Q4,Peet's Coffee皮爷咖啡(陆家嘴中心LG店),浦东南路899号陆家嘴中心LG层53,121.515502,31.23095,浦东新区,国际连锁,2,13,29,62
B0FFJ93CVP,星巴克(丹桂路店),丹桂路999弄20号国创中心一期G1座1楼,121.630005,31.220908,浦东新区,国际连锁,1,8,4,8
B0FFJFT8WD,Costa Coffee(上海世博百联店),世博大道1368号世博源3区B2层32-33号,121.492632,31.181994,浦东新区,国际连锁,3,6,8,13
B0LK2CR6CL,星巴克(八佰伴2F店),张杨路501号上海第一八佰伴新世纪商厦2层,121.516463,31.228173,浦东新区,国际连锁,1,10,27,60
B0FFG6LRJ4,星巴克(海上传奇店),御桥路1949号1层106单元(御桥地铁站8号口旁),121.571652,31.158924,浦东新区,国际连锁,1,5,0,2
B0FFJPX81P,星巴克(新达汇三林店),永泰路1138号三林印象城1层,121.525866,31.142296,浦东新区,国际连锁,0,13,3,6
B00155KE9M,星巴克(外高桥店),加枫路24号外高桥保税区,121.605697,31.313896,浦东新区,国际连锁,1,5,3,6
B0G25PRAPP,瑞幸咖啡(世纪金融广场店),杨高南路759号世纪金融广场二层05号,121.534674,31.212837,浦东新区,本土连锁,0,5,12,15
B00156CYWR,星巴克(成山路店),成山路1993号巴黎春天1层,121.534697,31.178742,浦东新区,国际连锁,0,7,2,6
B00155KX1X,星巴克(航运金融大厦店),浦东大道720号国际航运金融中心大厦大堂,121.524798,31.239899,浦东新区,国际连锁,0,9,9,27
B0FFKY8JCR,% Arabica阿拉比卡咖啡(IFC店),世纪大道8号上海ifc商场LG2层,121.502336,31.23654,浦东新区,国际连锁,1,14,65,53
B0FFM5M2VT,星巴克(上海浦东国际机场店),浦东机场卫星楼S1国内混流层C-29-2,121.809193,31.13344,浦东新区,国际连锁,0,0,0,1
B0FFHK04JU,星巴克(金桥太茂店),金桥镇金高路1882号太茂商业广场一层105单元,121.608284,31.2665,浦东新区,国际连锁,0,6,5,9
B0K63NMD88,星巴克(碧云尊邸店),碧云路420弄12号1层-A、2层-A,121.578906,31.237029,浦东新区,国际连锁,1,4,4,5
B0FFGFYQ88,星巴克(高桥红坊店),"张杨北路5770,5758号",121.573895,31.346716,浦东新区,国际连锁,0,7,3,3
B0HR548Z2Y,星巴克(北艾路店),北艾路1770号,121.522043,31.179682,浦东新区,国际连锁,0,8,2,6
B0JKJ5L27Z,BlueBottleCoffee蓝瓶咖啡(浦东机场T2航站楼店),迎宾大道6000号浦东国际机场迎宾大道8000号2号航站楼国际出发禁区2B-22-1店铺,121.810637,31.151422,浦东新区,国际连锁,1,4,1,10
B0FFHN2WJB,星巴克(川沙金汇广场店),华夏东路2255号金汇广场F1层3铺,121.695863,31.200335,浦东新区,国际连锁,0,4,0,5
B0KD3DWDDU,KUDDO COFFEE(前滩公园巷店),上海浦东新区钱家滩路90号一层S3-105单元,121.473707,31.152974,浦东新区,独立/精品,0,7,9,24
B0FFFABI63,星巴克(陆家嘴公馆店),张杨路1550号陆家嘴公馆,121.541418,31.234832,浦东新区,国际连锁,1,5,3,5
B0FFGI2ZQ9,星巴克臻选万嘉广场店,金高路389号一层,121.609789,31.293377,浦东新区,国际连锁,0,7,4,4
B00156EFZ2,星巴克(陆家嘴软件园店),峨山路91弄98号陆家嘴软件园1号楼1楼,121.531866,31.217457,浦东新区,国际连锁,1,5,7,16
B00156QQT1,星巴克(汤臣店),东方路710号汤臣金融中心,121.5242,31.228912,浦东新区,国际连锁,1,11,25,42
B0JGOHR5NI,Manner Coffee(上海ifc商场店),世纪大道8号上海ifc国金中心商场LG2,121.502609,31.23505,浦东新区,本土连锁,1,12,65,54
B0J0OCDJBT,森乐生活 CAFE&BISTRO,阔垠路与博煌路交叉口(森兰湖与森兰花园城之间),121.593275,31.314625,浦东新区,独立/精品,2,5,2,13
B0FFF4B5W5,星巴克(上海乐坊新紫茂店),巨峰路1058弄2号,121.609544,31.279796,浦东新区,国际连锁,0,7,1,7
B0KDHRK1KA,Cafe MUJI(正大广场店),陆家嘴西路168号,121.499096,31.236868,浦东新区,独立/精品,1,9,44,34
B0FFLJ89MJ,LB COFFEE(旗舰店),锦延路235号-237号,121.540899,31.216212,浦东新区,独立/精品,1,3,17,15
B0HKYHUP4R,Manner Coffee(前滩太古里店),前滩太古里木区3楼,121.481736,31.153555,浦东新区,本土连锁,1,5,30,46
B0FFH5QL2B,星巴克(花木plus乐坊店),芳甸路1364号大唐PLUS乐坊,121.562852,31.207448,浦东新区,国际连锁,1,4,8,20
B0IKASPI7Q,0566珈琲製作所(上海老佛爷百货店),浦东南路889号LG层3738单元,121.515882,31.231691,浦东新区,独立/精品,2,16,30,54
B0FFJCRFO3,瑞幸咖啡(航运科研大厦店),民生路628号航运科研大厦一层102室,121.542915,31.237624,浦东新区,本土连锁,1,6,1,3
B0I3JOA6IV,Costa Coffee(康桥大润发店),秀沿路1032-1180号康桥店商业中心10027-1110号店铺,121.579328,31.133791,浦东新区,国际连锁,0,3,8,8
B0JAKSGXFJ,J.Meet 闪电咖啡馆,中国(上海)自由贸易试验区滨江大道2727号一楼B区,121.496603,31.239037,浦东新区,独立/精品,0,4,29,15
B0015756A0,Costa Coffee(上海张江润和店),张衡路1000弄5号楼一楼,121.606954,31.189948,浦东新区,国际连锁,0,5,2,2
B0FFJ1XC1L,STOP COFFEE(福山路店),福山路309号1幢临4(世纪大道地铁站6号口步行120米),121.529293,31.229157,浦东新区,独立/精品,1,8,22,33
B0JRK5693R,Bufftime坦木城市营地,金海路18号7号楼2-3层,121.604311,31.256192,浦东新区,独立/精品,0,5,3,10
B0FFKTSPOU,星巴克(北蔡山姆会员店),高科西路2110号山姆会员超市1层,121.535093,31.186223,浦东新区,国际连锁,1,6,2,4
B0FFGCXVXR,星巴克(纳贤路店),纳贤路800号科海大楼2号楼105室,121.605699,31.178058,浦东新区,国际连锁,1,8,5,18
B0LUM7FQ7I,星巴克(大拇指店),芳甸路197号证大大拇指广场1层,121.55891,31.22709,浦东新区,国际连锁,0,10,4,9
B0FFM5LYJC,星巴克(上海浦东机场S1国际店),浦东机场S1国际出发层7标段,121.802965,31.150281,浦东新区,国际连锁,1,11,2,13
B0K2798U17,AOKKA COFFEE(前滩公园巷店),前滩大道前滩公园巷N2栋一层AOKKA,121.472906,31.153583,浦东新区,独立/精品,0,7,9,18
B0FFFR4Y16,星巴克(上海鸿街店),潍坊西路92号(全季酒店隔壁),121.516275,31.222584,浦东新区,国际连锁,1,10,11,8
B0FFKF4FZG,Tims天好咖啡(世纪大都会店),世纪大都会(福山路312号)地下1层11单元,121.527922,31.229299,浦东新区,国际连锁,1,9,23,35
B0J0RYNSMK,Peet's Coffee 皮爷咖啡(经一路店),金桥路与栖山路交叉口东60米,121.574774,31.262041,浦东新区,国际连锁,0,4,7,7
B00155H8TM,星巴克(中惠广场店),新金桥路1088号中惠广场1层B100室,121.608922,31.252956,浦东新区,国际连锁,0,5,0,8
B0FFIXRH54,星巴克(百联临沂购物中心店),临沂路140号百联临沂购物中心1层,121.512332,31.195301,浦东新区,国际连锁,2,11,4,5
B0FFJGWXIK,星巴克(曹路宝龙店),金海路2505弄5号宝龙城市广场一期步行街1层,121.652633,31.266186,浦东新区,国际连锁,1,6,6,6
B0FFGE51L5,Costa Coffee(上海东方金融广场店),世纪大道1168号东方金融广场1层,121.523023,31.230097,浦东新区,国际连锁,1,10,33,42
B0HGMXZERA,星巴克臻选(上海陆家嘴中心店),老佛爷百货(商城路地铁站3号口步行180米),121.515237,31.231456,浦东新区,国际连锁,2,15,27,53
B0FFHOUZ7G,星巴克(上海绿地缤纷广场店),周浦镇年家浜东路238号上海绿地缤纷广场F1层L101,121.594066,31.11346,浦东新区,国际连锁,0,2,1,4
B0FFLCHYYJ,星巴克(上海唐镇宝燕商城店),高科东路515弄8号1层的101单元,121.651574,31.211034,浦东新区,国际连锁,0,7,8,7
B0FFM5M2VM,星巴克(恒越荣欣广场5号楼店),金钻路828弄4号曹路荣欣广场106-109室,121.677005,31.280173,浦东新区,国际连锁,0,8,6,5
B0G26DL6ZG,星巴克(北园路店),"北园路106号,110号",121.521721,31.20464,浦东新区,国际连锁,1,6,3,10
B0FFFLIQSG,星巴克(汇商大厦店),民生路1286号汇商大厦1层102-103、105单元(丁香路口),121.549228,31.22461,浦东新区,国际连锁,2,13,8,14
B0FFF4TFS6,星巴克(中融广场店),浦东南路1078号1层09A室,121.515489,31.228274,浦东新区,国际连锁,1,11,27,59
B0FFM54F3D,XINN coffee ETC.(融智天地店),浦明路1999号陆家嘴融智天地,121.511713,31.204292,浦东新区,独立/精品,0,5,4,3
B0G2A62TDA,星巴克(森兰花园城店),启帆路517号一层L135,121.5912,31.313102,浦东新区,国际连锁,2,5,7,12
B0KR79LDRP,锦鲤咖啡.夏午茶,金丰路42号,121.655983,31.237894,浦东新区,独立/精品,0,2,2,1
B0KK1AVIVY,AOKKA COFFEE(世博天地店),世博大道1515号办公B一层L141室,121.489426,31.184955,浦东新区,独立/精品,1,5,15,28
B0FFKAYV6U,艺清欢咖啡馆(川沙店),南桥路344号,121.704888,31.191092,浦东新区,独立/精品,0,8,6,5
B0KU3MAT1P,Snow Peak(浦东世纪公园店),杨高南路99弄1号保利浦开金融中心F1层,121.537821,31.218,浦东新区,独立/精品,0,4,16,18
B0FFIDJ88J,星巴克(东建路店),东建路209-213号,121.533192,31.202209,浦东新区,国际连锁,0,11,3,3
B00156E59N,Costa Coffee(上海张江高科园),博云路2号浦软大厦1楼(金科路地铁站1号口步行490米),121.604233,31.202269,浦东新区,国际连锁,1,7,16,16
B0FFL8C19G,星巴克(海上国际花园店),成山路2525号家居生活广场1楼,121.54739,31.180188,浦东新区,国际连锁,1,2,0,2
B0FFGJEFHE,星巴克(久金广场店),张杨路3918号久金广场F2层,121.581149,31.255702,浦东新区,国际连锁,1,9,15,11
B0GK6LTENV,Tims天好咖啡(招商局大厦捷枫店),东育路279号1层101单元,121.481375,31.157075,浦东新区,国际连锁,1,6,15,29
B0FFJ1OUIL,瑞幸咖啡(日月光总部店),盛夏路169号A栋一层118B室,121.629883,31.21267,浦东新区,本土连锁,0,5,10,16
B0FFIOTVH4,星巴克(唐镇阳光城店),高科东路777号,121.656737,31.214172,浦东新区,国际连锁,1,4,5,6
B0FFH9LJM8,星巴克(上海浦东禹悦汇店),沪南公路9900号惠南禹洲商业广场1楼9876单元,121.737885,31.039911,浦东新区,国际连锁,0,10,7,7
B0J6ZSKF2D,Peet's Coffee皮爷咖啡(金桥国际商业广场店),金桥国际商业广场3座2F(金桥路地铁站3号口步行280米),121.579456,31.256479,浦东新区,国际连锁,1,8,15,11
B0FFHOCHAT,星巴克(长岛路店),长岛路1160-1号金桥翡翠坊F1层,121.592357,31.260837,浦东新区,国际连锁,0,9,4,4
B0FFLDW4WS,Tims咖啡(世纪金融广场店),锦康路258号世纪金融广场5号楼2层203室,121.535524,31.212999,浦东新区,国际连锁,0,5,11,15
B0LRKMH2RI,BlueBottleCoffee蓝瓶咖啡(国金中心店),世纪大道8号D座地下1层LG1-37-1号,121.501441,31.237535,浦东新区,国际连锁,1,14,55,53
B00156PP1U,星巴克(金茂大厦店),世纪大道88号金茂大厦2楼2C-08、10,121.504939,31.235108,浦东新区,国际连锁,1,13,48,50
B0FFLIQS2X,瑞幸咖啡(中房金谊广场店),上南路4467弄20号中房金谊广场一层116室,121.512649,31.141425,浦东新区,本土连锁,1,3,2,4
B00155AL2B,元青藤咖啡·融合菜,东方路2111弄1号-3号,121.520442,31.196895,浦东新区,独立/精品,0,5,2,3
B0FFH7FMUJ,星巴克(金桥佳邻坊店),金高路1757号佳邻坊商业中心1层101-A室,121.610083,31.269168,浦东新区,国际连锁,0,8,4,8
B0FFGT4123,星巴克(哈雷路店),哈雷路882号101室,121.603709,31.196304,浦东新区,国际连锁,0,6,3,7
B0JAL56EEJ,Manner Coffee(东馆上海图书馆店),锦绣路1062号,121.54704,31.219254,浦东新区,本土连锁,2,7,4,7
B0KAS9Q39H,奈娃家族咖啡店,海阳西路100号,121.471933,31.153005,浦东新区,独立/精品,0,5,7,20
B0FFG0ACZF,星巴克(夏碧路店),夏碧路261号1层3777F01042单元,121.587007,31.337489,浦东新区,国际连锁,0,8,0,9
B0FFIG4833,星巴克(唐镇来安路店)(内部专用),来安路686号E2033,121.676347,31.247706,浦东新区,国际连锁,0,1,1,1
B0FFKNWDZ9,星巴克(招商局上海中心店),国耀路198号200号(世博大道地铁站2号口步行270米),121.486283,31.181967,浦东新区,国际连锁,1,6,13,18
B0K277VVJC,Grid Coffee(上海前滩太古里店),东育路500弄1-9号木区一层W-L1-07B号,121.481999,31.153813,浦东新区,独立/精品,1,5,28,45
B0FFKU5D5F,Tims咖啡(丁香国际店),丁香路880弄丁香国际商业中心地上一层L25/L26单元,121.55107,31.225366,浦东新区,国际连锁,2,11,7,12
B0G1SK6FA6,Soundcafe声音咖啡馆,滨江大道4598号,121.511738,31.218286,浦东新区,独立/精品,0,1,9,8
B0FFI91WBS,星巴克臻选(东郊中心店),紫竹路383弄25号,121.606876,31.222921,浦东新区,国际连锁,0,4,1,2
B0LDCAN1AR,星巴克(联洋广场店),芳甸路198-206、208-232、268-286号258弄13-37号,121.558162,31.226327,浦东新区,国际连锁,0,11,4,9
B0I1ZRJMHO,Manner Coffee(世博源店),世博大道1368号世博源2区B层2B20B,121.492298,31.185342,浦东新区,本土连锁,2,6,13,18
B0L0HHQSQH,Peet's Coffee皮爷咖啡(上海浦东国际机场T1店),浦东国际机场迎宾大道6000号1号国内出发1C-33,121.802455,31.150315,浦东新区,国际连锁,1,11,1,13
B0I1RD0URB,星巴克(临沂北路沃尔玛店),临沂北路252-262号,121.518225,31.203375,浦东新区,国际连锁,0,5,2,10
B0I6BUUNJA,LAVAZZA拉瓦萨咖啡(上海陆家嘴滨江中心店),滨江大道5169号N3栋1层L102号商铺,121.512022,31.210884,浦东新区,国际连锁,0,11,8,7
B0FFF9ZEAN,Costa Coffee(上海银行大厦店),银城中路168号一楼大堂西区部分,121.504554,31.23952,浦东新区,国际连锁,1,13,33,48
B0FFIW82FJ,Lovely Thoughts(芳华德必运动LOFT店),芳华路139号I101(芳华路地铁站1号口步行300米),121.553156,31.194622,浦东新区,独立/精品,1,7,0,4
B0FFG6JFEE,星巴克(浦发大厦店),浦东南路588号一层F单元,121.51079,31.235552,浦东新区,国际连锁,1,12,25,34
B0J1PU3I28,雀小咖·咖啡·棋牌(八佰伴店),浦东南路1085号402室,121.516683,31.2295,浦东新区,独立/精品,2,11,35,65
B0I1LZHZBJ,LAVAZZA拉瓦萨咖啡(上海海科店),海科路999弄5号1层102室,121.609041,31.183201,浦东新区,国际连锁,0,3,3,13
B0J3TBDL6L,Peet's Coffee皮爷咖啡(置汇旭辉广场店),张杨路2389弄置汇旭辉广场购物中心层(1F-29b)室,121.555403,31.24246,浦东新区,国际连锁,1,7,5,14
B0K0DS8W56,Chili's奇利斯美式小餐馆(长泰广场店),长泰广场6座1楼172室(金科路祖冲之路路口),121.600921,31.20471,浦东新区,独立/精品,1,6,17,17
B0FFKSXUIV,瑞幸咖啡(新梅联合广场店),浦东南路999号新梅联合广场一层105室,121.515871,31.229282,浦东新区,本土连锁,2,11,28,65
B0HD5MI8E9,Tims咖啡(啦啦宝都店),中国(上海)自由贸易试验区新金桥路738号113号店铺,121.603439,31.252775,浦东新区,国际连锁,0,4,0,8
B0G064N5WH,Harsh Honey Coffee(东昌路店),东昌路442号(浦东南路原东昌路地铁站7号口步行370米),121.511005,31.232092,浦东新区,独立/精品,1,10,29,29
B0FFF6OCHO,星巴克(陆家嘴世纪金融广场店),杨高南路759号陆家嘴世纪金融广场1层03A单元,121.535325,31.213075,浦东新区,国际连锁,0,5,11,16
B0FFIRCBP8,星巴克(医谷现代商务园店),天雄路588弄1-28号13幢1楼108单元,121.613104,31.104822,浦东新区,国际连锁,0,4,2,6
B0FFL5TN8M,Tims咖啡(融创精彩天地店),五莲路1333弄融创精彩天地1幢,121.598478,31.275383,浦东新区,国际连锁,0,10,2,6
B0GRH5V2FQ,Manner Coffee(商场世纪汇广场店),世纪大道1192号世纪汇广场B1层,121.527595,31.227871,浦东新区,本土连锁,1,11,25,35
B0FFIQFWZ1,星巴克康桥漕河泾店,秀浦路2555号8幢1楼104室,121.607215,31.130664,浦东新区,国际连锁,0,2,0,8
B0FFKQ6062,Manner Coffee(上海丁香国际商业中心店),丁香路858号上海丁香国际商业中心LG2层LG211-2,121.551206,31.22519,浦东新区,本土连锁,2,11,7,12
B0GUANBSDW,Tims咖啡(张江集电港店),张江高科技园区龙东大道3000号2号一层,121.633313,31.222996,浦东新区,国际连锁,1,7,3,7
B0JK4MMDS8,Peet's Coffee 皮爷咖啡(新达汇·三林店),永泰路1058弄1新达汇·三林F1层,121.525735,31.142337,浦东新区,国际连锁,0,13,3,6
B0FFH97EPG,星巴克(川沙绿地铂骊酒店店),川沙路5500号浦东绿地铂骊酒店1层,121.699605,31.184104,浦东新区,国际连锁,1,7,7,11
B0FFI1N11P,星巴克(D11生活广场店),成山路1109、1111、1133号,121.520679,31.175149,浦东新区,国际连锁,0,5,1,5
B0HA3R4N56,瑞幸咖啡(良友大厦店),商城路618号良友大厦一层6号,121.518147,31.23021,浦东新区,本土连锁,2,14,36,61
B0FFIQ1AW8,星巴克(中建广场店),高科西路897号中建广场乐荟天地1层,121.508225,31.185659,浦东新区,国际连锁,1,4,1,3
B0FFGJO4AH,星巴克(金领之都店),金海路1000号19幢楼一层101室,121.621934,31.262137,浦东新区,国际连锁,0,3,5,7
B0I1FCO7EO,Manner Coffee(富荟广场店),樱花路100号富荟商业广场F1层5,121.545378,31.204575,浦东新区,本土连锁,0,10,4,9
B0KKXOVUZ6,星巴克(世博天地店),世博大道1467号地上1层L112号,121.490944,31.185123,浦东新区,国际连锁,2,6,15,21
B00157HK6N,星巴克(展想大厦店),祖冲之路2290弄展想广场1层,121.628534,31.210921,浦东新区,国际连锁,0,5,12,19
B0FFKIT7J0,瑞幸咖啡(御河硅谷店),五星路706弄天安万科御河企业公馆二期1号楼一层107A室,121.574453,31.176316,浦东新区,本土连锁,0,0,2,8
B0FFL2Y0O5,星巴克(融创精彩天地店),五莲路1389弄3-6号,121.598786,31.27658,浦东新区,国际连锁,0,10,0,6
B0FFL0DJJ4,Manner Coffee(晶耀前滩商场店),耀体路308号晶耀前滩Crystal Plaza B1层,121.478275,31.152375,浦东新区,本土连锁,1,9,26,39
B0J2PS70AW,一尺花园(宝伦堂店),开江中路368号,121.276006,31.111649,松江区,独立/精品,0,12,1,6
B0FFG89EBV,闲得咖啡馆Leisure Cafe,三新北路900弄(泰晤士小镇)618号(近立诗顿酒店),121.199088,31.033543,松江区,独立/精品,0,0,8,7
B0FFHLD7T1,星巴克(松江平高广场店),九峰路118号1层101室02单元,121.230809,31.016111,松江区,国际连锁,1,9,2,4
B00156D3B3,友福咖啡·饭店(松江大学城店),新松江路223号,121.234079,31.03849,松江区,独立/精品,0,8,0,4
B0FFKSCA30,瑞幸咖啡(鹿都国际广场店),松汇中路568号鹿都商业广场A座底商,121.234659,31.004605,松江区,本土连锁,0,7,10,11
B0FFM3A8H0,Tims咖啡(九亭金地中心店),九亭镇沪亭北路99弄3号金地广场L1001,121.318623,31.139194,松江区,国际连锁,1,11,13,18
B0H1OCR62J,一尺花园(广富林店),广富林路3260弄朱雀门集贤坊01-03栋,121.195143,31.06007,松江区,独立/精品,0,1,5,5
B0I6XABF64,Y KING COFFEE质上咖啡(文涵路店),文涵路499号,121.186749,31.033424,松江区,独立/精品,0,9,1,6
B0H0TUOXK7,星巴克臻选(上海松江印象城店),广富林路1788弄松江印象城L130-2单元,121.222159,31.061519,松江区,国际连锁,0,8,1,7
B0JGC7PFHP,库迪咖啡(九亭U天地店),九亭镇蒲汇路178弄九亭U天地2号楼西北角1层141室,121.326127,31.139522,松江区,本土连锁,0,7,5,8
B0LR67GQHR,A咖啡(松江大学城店),文汇路622弄-3室,121.208956,31.049527,松江区,独立/精品,0,5,8,16
B0G1SC855B,瑞幸咖啡(松江万达金街店),广富林路658弄97号万达金街底商,121.244359,31.057078,松江区,本土连锁,0,5,13,20
B0GKBUI8WG,星巴克臻选(上海九亭金地广场店),九亭镇沪亭北路99弄3号1层L1013-1室,121.319575,31.139789,松江区,国际连锁,1,14,14,20
B0FFH04F81,星巴克臻选(松江泰晤士小镇店),文诚路1480号121-124室,121.196603,31.029863,松江区,国际连锁,0,6,5,7
B0FFHVIZDQ,星巴克(松江万达广场店),广富林路658号万达广场上海松江店F1层,121.244138,31.05792,松江区,国际连锁,0,6,13,20
B0GRXZ7SBP,星巴克(上海松江泰晤士小镇2店),三新北路900弄1042号,121.195589,31.034222,松江区,国际连锁,0,1,8,8
B0HUDCM827,星巴克(东鼎购物中心店),新松江路1255弄1-10号东鼎购物中心L1层,121.211089,31.038305,松江区,国际连锁,0,9,10,2
B0LUVDDES8,Tims天好咖啡(广富林景区店),广富林路3260弄11号03栋一层C区,121.195007,31.058734,松江区,国际连锁,0,1,5,5
B0GK6CQS0K,MANCAT COFFEE漫猫书咖(横港公路店),横港公路150号月亮鱼文化综合体一楼,121.261425,31.115925,松江区,独立/精品,1,11,4,9
B0H2YGVPBL,星巴克(同乐生活广场店),洞泾镇同乐路399号5幢1F35单元,121.269818,31.086511,松江区,国际连锁,0,3,0,4
B0JDX1KVQ2,瑞幸咖啡(云间新天地店),云间路168号云间新天地广场底商,121.244555,31.006208,松江区,本土连锁,0,4,5,7
B00155N0AV,王小姐的店since 2009,松江大学城一期文汇路652弄203室,121.208554,31.049619,松江区,独立/精品,0,5,8,13
B0I2UC0STB,星巴克(上海松江通跃路店),通跃路161号1层绿城路361号363号365号嘉松南路408号128号,121.231194,31.03179,松江区,国际连锁,1,9,4,5
B0JAYZ75QO,GOAT COFFEE(谷阳北路店),谷阳北路36号-3,121.236499,31.009667,松江区,独立/精品,0,7,7,11
B0H17B69B4,Tims咖啡(文汇路店),文翔路2800号商场06号商铺,121.200449,31.049121,松江区,国际连锁,0,4,12,17
B0G14YDZ1Y,星巴克(上海松江文汇路2店),方松街道文汇路928弄32号想飞天地F1层,121.200447,31.049514,松江区,国际连锁,0,4,12,17
B0H0MDI686,星巴克(上海松江正泰启迪店),思贤路3655号2幢地上一层107单元,121.161275,31.021981,松江区,国际连锁,0,3,1,1
B0FFJGMO36,瑞幸咖啡(企德天地店),方塔北路605号企德天地一层大堂,121.247189,31.020954,松江区,本土连锁,0,9,3,1
B0JA4UYJLE,库迪咖啡(三湘商业广场店),泗泾镇泗宝路90号三湘商业广场1层(南门处),121.259481,31.116612,松江区,本土连锁,1,9,4,11
B0FFKS8O4T,星巴克(佳预广场店),九亭镇沪松公路1177号5幢地上一层005、006室,121.32965,31.144618,松江区,国际连锁,0,5,0,5
B0I09AGNAN,luckin coffee 瑞幸咖啡(洞泾·同乐路店),洞泾·同乐路与振业路交叉口南140米,121.269674,31.087205,松江区,本土连锁,0,2,1,6
B0I0N45VHT,瑞幸咖啡(佘山天地休闲广场店),桃源路188弄119号底商,121.184983,31.099847,松江区,本土连锁,0,5,1,3
B0JRYD4NSC,MStand(九亭金地店),九里亭街道沪亭北路99弄3号九亭金地广场L1楼L1053号商铺,121.318405,31.139383,松江区,独立/精品,1,12,13,16
B0JUAKM6RN,瑞幸咖啡(九亭地铁站店),沪松公路1501号九号线九亭站一层JT-111室,121.319554,31.137106,松江区,本土连锁,1,14,11,14
B0FFKNWAZY,星巴克(云间新天地店),"云间路109号2-001,2-002室",121.24425,31.006563,松江区,国际连锁,0,4,5,7
B0JG9S24YY,星巴克(上海松江中泰广场店),九亭镇蒲汇路200弄2号地上一层,121.323501,31.138305,松江区,国际连锁,1,14,11,15
B0J2GX53NW,椬梵咖啡,茸梅路601号A9,121.245924,31.040096,松江区,独立/精品,0,4,3,17
B0HBRS737A,然一素食餐厅·咖啡馆(马利来广场店),光星路1599弄马利来广场屋顶花园3楼303,121.240794,31.058813,松江区,独立/精品,0,6,11,17
B0J07541ZO,瑞幸咖啡(九亭大街店),九亭大街493号底商,121.328879,31.128555,松江区,本土连锁,0,11,0,3
B0JABLXFQ3,星巴克(上海松江国贸天悦店),佘山镇马尾山路233号1层A103室,121.220046,31.126984,松江区,国际连锁,0,7,0,2
B0L14R27PC,Purrfect Blend,广富林路星月大业领地53栋1层,121.164589,31.048799,松江区,独立/精品,0,3,2,2
B0KABZ8TMW,Whisper日咖夜酒(想飞天地店),方松街道文汇路928弄32号想飞天地F1层,121.200593,31.049724,松江区,独立/精品,0,4,13,17
B0LDXDHSYL,Meraki Cafe,文涵路736号,121.186443,31.037539,松江区,独立/精品,0,12,1,5
B0J0B5PBS9,Millions Coffee佰万咖啡,松江中央绿带三期7号商铺,121.2156,31.035344,松江区,独立/精品,0,7,11,15
B0H3C7BTJ7,Manner Coffee(龙湖上海云廊天街店),千帆路288号龙湖上海云廊天街F1层,121.325303,31.08944,松江区,本土连锁,1,0,7,9
B0FFI91WDR,星巴克(五龙广场店),光星路1399号1层108单元,121.240834,31.056548,松江区,国际连锁,0,6,12,16
B0FFGYVDLM,星巴克(亚繁生活时尚广场店),莘松路1266号亚繁亚乐城F1层,121.349556,31.097262,松江区,国际连锁,0,3,2,8
B0HBANLL5J,星巴克(华亭首府店),文涵路295号一层,121.18742,31.029655,松江区,国际连锁,0,5,1,5
B0H0XM4JRS,星巴克(上海松江恒都广场店),茸梅路600弄3号101室102室103室606号1层608号,121.246657,31.038042,松江区,国际连锁,0,7,3,18
B0JA2AD3U9,瑞幸咖啡(佘山宝乐汇店),佘月路27号宝乐汇二层G14室(佘山地铁站2号出口旁),121.230625,31.104325,松江区,本土连锁,1,8,2,5
B0JDDHWR2B,瑞幸咖啡(中惠棠里商业广场店),文翔路5388号中惠棠里商业广场底商,121.137275,31.030975,松江区,本土连锁,0,6,0,1
B0IRZA1ED2,瑞幸咖啡(九里工坊店),沪亭北路218号九里工坊12幢一层,121.318918,31.142561,松江区,本土连锁,0,11,11,16
B0GD3K1YOW,瑞幸咖啡(松江九亭U天地店),九亭镇蒲汇路174号九亭U天地一层,121.324947,31.139325,松江区,本土连锁,0,8,5,8
B0I3KA7PN1,抓马咖啡,中山西路195号-2,121.212409,31.006063,松江区,独立/精品,0,14,2,11
B0FFFR4M33,星巴克(松江创新生活广场店),莘砖公路328号32栋楼创新广场第1层,121.323705,31.093027,松江区,国际连锁,1,1,8,10
B0G3JR8GYF,抹茶时刻(九亭店),沪亭北路218号7幢101室,121.319452,31.142986,松江区,独立/精品,0,10,11,16
B0H22GHUK5,星巴克(上海松江广富林遗址店),广富林路3088号广富树遗址富林门,121.196985,31.05997,松江区,国际连锁,0,3,5,5
B0L15C0Z83,木与白 Timber·Bai,茸北路551号一幢一层109室,121.246662,31.039298,松江区,独立/精品,0,6,3,17
B0L1SHPZ8A,FUNAN拂南咖啡(九里工坊店),九里工坊7幢,121.319453,31.142937,松江区,独立/精品,0,10,11,16
B0FFG92LU1,甜甜咖菲猫,文汇路338弄2楼218号,121.213946,31.049531,松江区,独立/精品,0,5,7,12
B0FFK6N0EC,上海佘山世茂洲际酒店·云间九峰大堂吧(世茂深坑酒店),辰花路5888号上海佘山世茂洲际酒店(世茂深坑酒店)G层酒店大堂,121.155334,31.058506,松江区,独立/精品,0,2,3,3
B0FFG2OF87,星巴克(松江沪亭北路店),沪亭北路666-668号,121.315351,31.149025,松江区,国际连锁,0,11,6,7
B0HAJB4YFP,Tims咖啡(拉斐尔云廊店),新桥镇千帆路288弄2号4号楼一层,121.327011,31.091788,松江区,国际连锁,1,0,7,9
B0H6PSOPU8,Manner Coffee(想飞天地店),方松街道文汇路928弄32号想飞天地F1层,121.200216,31.049503,松江区,本土连锁,0,4,12,17
B0IA3OD1M7,Tims咖啡(平高世贸中心店),中山中路79弄30号一层1F-1号,121.235138,31.00639,松江区,国际连锁,0,9,13,15
B0LD4NE1IU,逅山咖啡窑烤面包,佘山镇横山村天横公路4号,121.151468,31.058952,松江区,独立/精品,0,2,3,3
B0HAL76OEH,存在咖啡(中山西路店),中山西路169号,121.213308,31.0063,松江区,独立/精品,0,14,2,11
B0JDS9O4B5,氿隆咖啡(九亭U天地店),九亭镇蒲汇路178号u天地2号楼169,121.325343,31.138842,松江区,独立/精品,0,8,5,8
B0FFIL71WQ,星巴克(泗泾嘉宏·大橘印象荟店),泗宝路41号嘉宏·大橘印象荟泗泾店F1层,121.260731,31.116096,松江区,国际连锁,1,11,4,9
B0H09ZLRSU,Peet's Coffee皮爷咖啡(松江印象城店),上海城区广富林路1788弄1号L139-2、L140铺位,121.222328,31.060641,松江区,国际连锁,0,6,1,7
B0FFH2T318,星巴克(三湘财富广场店),梅家浜路1500弄3号三湘财富广场1层底商,121.230451,31.052861,松江区,国际连锁,1,8,1,7
B0FFGHM0UT,董小姐咖妃(松江大学城店),松江大学城文汇路652弄2层211号,121.208285,31.049525,松江区,独立/精品,0,5,7,13
B00156PAG7,星巴克(乐颂坊店),松汇中路568号B座乐颂坊1层,121.235475,31.005514,松江区,国际连锁,0,7,13,12
B00155Q8LU,皇家咖啡(新松江路店),通欣路415号(近开元地中海),121.229722,31.038351,松江区,独立/精品,0,5,1,6
B0FFJO8HT9,星巴克(松江开元北入口店),新松江路925号开元地中海商业广场F1-001号,121.218549,31.03844,松江区,国际连锁,0,10,8,9
B0JRVCNIV2,库迪咖啡(松江九亭中心店),沪亭北路199弄九亭中心6号楼126号(地下停车场出入口处),121.317955,31.142134,松江区,本土连锁,0,14,11,16
B0HD7MPM26,播Cafe中心店,中山街道茸阳路98号,121.255474,31.047351,松江区,独立/精品,0,3,1,1
B0FFKNW570,星巴克(松江科技广场店),莘砖公路668号1层106-1-2(工行旁),121.316449,31.092785,松江区,国际连锁,0,5,2,6
B0H0LRIHN9,M Stand(上海松江印象城店),广富林路1788弄上海松江印象城L3层L332号,121.222366,31.060635,松江区,本土连锁,0,6,1,7
B0FFK46FET,星巴克(上海松江开元内街店),新松江路925弄开元地中海商业广场北入口,121.218584,31.038533,松江区,国际连锁,0,10,7,9
B0H2XOH8T4,Tims咖啡(御上海店),梅家浜路1187号118室,121.233848,31.051839,松江区,国际连锁,1,8,2,11
B0HD31S2WY,瑞幸咖啡(九亭中心店),沪亭北路199弄1号楼一层197-2室,121.319107,31.140253,松江区,本土连锁,1,12,14,19
B0FFM22K5W,瑞幸咖啡(开元地中海店),新松江路927弄开元地中海商业广场二层2159A号,121.218181,31.038268,松江区,本土连锁,0,10,8,9
B0FFHI3TZR,星巴克(塞纳新天地店),文诚路500弄1号塞纳新天地L22-1,121.216762,31.032871,松江区,国际连锁,0,5,2,7
B0HB447GOH,星巴克(上海松江宝地佘山荟店),佘月路27号(佘山地铁站2号出口旁)宝乐汇1F层,121.230313,31.104435,松江区,国际连锁,1,8,2,5
B0FFI91WC1,星巴克(松江飞航广场店),玉树路2559号1幢1层159、160单元,121.20849,31.009261,松江区,国际连锁,0,9,3,13
B0LRH58SR7,168骑士咖啡,九干公路168号国际智能生态产业园13幢,121.289165,31.129226,松江区,独立/精品,0,1,1,2
B0HRFX2XXK,SANDY'S HOUSE山底下的小屋咖啡,佘山国家旅游度假区桃源路54号,121.192732,31.099894,松江区,独立/精品,0,4,0,2
B0FFKNWDZ5,星巴克(松江明中广场店),明中路1885号零售商区1层01单元,121.321396,31.07293,松江区,国际连锁,0,5,0,3
B0JB9U0KW8,微微辣VVILA·Coffee&Drinks(九亭越联路店),越联路168号进大门左手西侧别墅,121.307125,31.140675,松江区,独立/精品,0,4,3,7
B0K19LO094,可染丹青,秀南街110号,121.210266,31.005335,松江区,独立/精品,0,10,2,15
B0HKGSDZ73,井字棋咖啡Tic-Tac-Toe Coffee(谷阳北路158弄小区店),谷阳北路138-1号底层,121.23635,31.015261,松江区,独立/精品,0,9,6,1
B0FFKSAH0C,星巴克(上海涞坊路店),涞坊路1000号101-1单元,121.305762,31.149574,松江区,国际连锁,0,9,0,1
B0FFFEHTS4,Nini Cafe,文汇路652弄209室,121.208419,31.049512,松江区,独立/精品,0,5,7,13
B00157I1LF,星巴克(颐思殿广场店),松东路219号颐思殿广场1层,121.255675,31.015775,松江区,国际连锁,0,9,2,2
B0I06SQB2X,瑞幸咖啡(松江九号商业广场店)(暂停营业),嘉松南路408号1120室,121.231255,31.031667,松江区,本土连锁,1,9,4,5
B0GD3M155X,瑞幸咖啡(文汇路店),文汇路340号C号铺,121.213983,31.049531,松江区,本土连锁,0,5,7,12
B0HAMZ1JWY,瑞幸咖啡(松江乐都新界店),乐都西路953号一层,121.204049,31.012794,松江区,本土连锁,0,13,2,5
B0LAMUA3TK,HIKARI COFFEE,广富林街道龙腾路1047号,121.209143,31.061964,松江区,独立/精品,0,5,0,1
B0FFJIT4CU,瑞幸咖啡(嘉和商务中心店),文诚路358弄6号嘉和商务中心店一层大堂,121.218404,31.033175,松江区,本土连锁,0,8,1,7
B0K0K6AFLI,Still Coffee,环城路32号袜子新弄62幢,121.244175,31.011675,松江区,独立/精品,0,6,4,7
B0JGGHQWQT,星巴克(贝尚坊店),九亭镇沪亭北路350弄1号1层01-201-301-4室,121.317625,31.145325,松江区,国际连锁,0,13,10,13
B0JGNDV7TN,M Stand(乐坊松汇生活广场店),松汇中路568号B座乐颂坊1层松江鹿都国际商业广场,121.235429,31.005342,松江区,本土连锁,0,7,13,12
B0FFMEURYP,Tims咖啡(松江漕河泾绿洲一期店),中心路1158号21幢A座绿洲广场101室,121.329678,31.102514,松江区,国际连锁,0,2,1,3
B0G0O7VK8E,瑞幸咖啡(华东政法大学店),广富林街道三新北路1800弄9号楼北面商铺1006-1008,121.188679,31.050653,松江区,本土连锁,0,2,3,2
B0IUCHXA3R,瑞幸咖啡(上海松江大学城店),文汇路1088弄3号一层,121.197567,31.049518,松江区,本土连锁,0,3,9,14
B0J1VC88NO,瑞幸咖啡(书林路店),书林路600弄1号一层113室,121.316419,31.042277,松江区,本土连锁,0,6,1,1
B0J0OZCVCL,瑞幸咖啡(松江御上海店),谷阳北路2521号一层3室,121.235703,31.051543,松江区,本土连锁,1,4,3,6
B0JDUNJBCS,瑞幸咖啡(沪亭珑缘生活广场店),沪亭北路738号珑缘生活广场底商,121.315237,31.149638,松江区,本土连锁,0,5,6,6
B0GKZ5AILA,星巴克(上海松江谷阳北路店),谷阳北路2492号一层,121.236575,31.052331,松江区,国际连锁,1,6,4,6
B0I26ZCUCS,星巴克臻选(上海松江金地方邻车墩店),车墩镇影佳路435号L1-001单元,121.30959,31.007477,松江区,国际连锁,0,6,2,5
B0LKVR5JAB,朵岸咖啡,派米雷1号楼,121.211334,31.015805,松江区,独立/精品,0,6,0,1
B0J26KP3H1,T.O咖啡(仓桥店),中山西路343-2号,121.20959,31.006042,松江区,独立/精品,0,8,3,14
B0FFGWHC20,喵了个咪(启源生活店),文汇路770号,121.203598,31.049616,松江区,独立/精品,0,5,8,21
B0KBSDF0NQ,瑞幸咖啡(泰晤士小镇店),三新北路900弄856号泰晤士小镇一层2室,121.196295,31.033474,松江区,本土连锁,0,1,8,8
B0JATCYIPI,库迪咖啡(松江大学城四期店),文汇路1028号华信广场1层102室(文汇路公交站对面),121.19837,31.0495,松江区,本土连锁,0,4,10,16
B0KA75Y0LE,瑞幸咖啡(三新汇·开元里店),三新路333弄1号三新汇开元里一层1F-14B室,121.194894,31.003592,松江区,本土连锁,0,8,0,5
B0IRF5A4FF,星巴克(上海松江商城店),松江镇中山中路168-188号1幢地上一层1-2铺位,121.234187,31.007067,松江区,国际连锁,0,9,12,15
B0FFKYWL0W,VR Coffee威尔咖啡猫咖工作室(松江大学城站店),"梅家浜路1500弄39号506室(梅湘路红房背面入口,大堂左侧)",121.230227,31.053814,松江区,独立/精品,1,9,1,8
B00157GBLH,上岛咖啡(上海九亭中心全季酒店店),九亭镇虬泾路126号,121.33046,31.132326,松江区,本土连锁,0,9,2,3
B0JAJ9ZLRE,库迪咖啡(鹿都国际广场店),松汇中路568号A座1层1130号商铺(停车场入口处),121.234998,31.0046,松江区,本土连锁,0,6,11,11
B0LUL42FNV,73%Coffee tea&Bakery,泗通路155弄18号对面(靠近金地褐石苑c区北门旁商业街内),121.254629,31.11518,松江区,独立/精品,0,6,4,6
B0J16SY2XP,瑞幸咖啡(洞泾大厦店),沈砖公路5666号1幢119室洞泾大厦一层大堂,121.254083,31.091208,松江区,本土连锁,0,3,5,5
B0I6RDSO47,星巴克(上海松江平原街店),小昆山镇平原街738号,121.125644,31.03051,松江区,国际连锁,0,8,0,2
B0J0H7VCEY,瑞幸咖啡(江川北路店),江川北路257号底商,121.273246,31.114698,松江区,本土连锁,0,9,0,6
B0K0KZ0T88,BUFFER抱弗咖啡,天马星空村304,121.141608,31.093211,松江区,独立/精品,0,3,0,1
B0FFM21E77,瑞幸咖啡(轻客众创空间店),文汇路716号樱花广场轻客众创空间二层201室,121.206325,31.049726,松江区,本土连锁,0,3,5,12
B0I0G624UX,Manner Coffee(开元地中海商业广场店),新松江路925号开元地中海商业广场2F层,121.218271,31.038523,松江区,本土连锁,0,8,7,9
B0HK1DAYQ8,Blow Up Espresso(放大咖啡工作室),中山二路193号,121.228849,31.00987,松江区,独立/精品,0,9,0,4
B0FFLENBOL,饮巷里,广富林路3088弄7号15栋,121.196812,31.062612,松江区,独立/精品,0,3,7,6
B0J6MBCKU8,Manner Coffee(松江启迪店),广富林东路与中创路交叉口西100米,121.273786,31.050789,松江区,本土连锁,0,7,1,4
B0LATS0HLE,杏里咖啡,广富林街道辰塔路3488号广富林郊野公园内(北侧),121.183985,31.066285,松江区,独立/精品,0,1,0,1
B0J279DKDS,松新弛sxchi,茸梅路601号A8幢102室,121.245847,31.039812,松江区,独立/精品,0,4,3,17
B0JBP965S8,瑞幸咖啡(九新公路店),九新公路96-1号底商,121.318182,31.131891,松江区,本土连锁,0,3,1,2
B0LUVOEMXQ,luckin coffee 瑞幸咖啡(启源生活广场店),松江区启源生活广场,121.204436,31.049537,松江区,本土连锁,0,3,7,20
B0H0TUQUNH,Manner Coffee(上海松江印象城店),广富林路1788弄上海松江印象城B1层B122,121.22265,31.061843,松江区,本土连锁,0,9,1,8
B0JDLRPHXL,库迪咖啡(松江平高广场店),九峰路118号平高广场101-K10号(东门入口处),121.230747,31.016264,松江区,本土连锁,1,9,2,4
B0HRORNMV6,Panda coffee(云间粮仓店),松金公路10053号云间粮仓东13栋Panda Coffee大喇叭左手边第一间,121.243212,31.000544,松江区,独立/精品,0,1,5,8
B0FFKSZFXO,瑞幸咖啡(漕河泾汉桥文化科技园店),九亭镇研展路455号漕河泾汉桥文化科技园2幢一层大堂,121.324412,31.100795,松江区,本土连锁,0,2,0,5
B0KAO4OEW4,松野coffee&beer,茸梅路345号松港商务楼1号楼,121.245859,31.038402,松江区,独立/精品,0,6,3,17
B0L6GCFMR3,库迪咖啡(松江万达金街店),广富林路658弄F1层105号,121.241894,31.058397,松江区,本土连锁,0,6,11,17
B0GD3B2MK6,瑞幸咖啡(时尚谷创意园店),鼎源路618弄时尚谷创意园一层88号101室,121.168389,31.031159,松江区,本土连锁,0,1,3,3
B0JDBSGE9O,星巴克上海松江三新汇开元里店,三新路333弄1号地上一层1F-01-A单元,121.195544,31.003393,松江区,国际连锁,0,8,0,5
B0I27AK568,瑞幸咖啡(三湘商业广场店),横港路18弄20号三湘商业广场一层101室,121.259871,31.117787,松江区,本土连锁,1,8,4,9
B0JGHNNXP2,瑞幸咖啡(虹桥自贸城店),涞亭南路125弄虹桥自贸城1号楼一层大堂,121.334705,31.139875,松江区,本土连锁,0,3,3,4
B0K3YH9SIO,肯悦咖啡松江新城店,新松江路935号,121.21782,31.038509,松江区,独立/精品,0,7,9,9
B0FFK8YMAC,源咖啡·全日餐厅(佘山世茂洲际酒店),辰花路5888号佘山世茂洲际酒店,121.154792,31.059451,松江区,独立/精品,0,2,3,4
B0JBPZ48KH,M Stand(马利来广场店),光星路1599弄马利来广场F1层,121.240602,31.057488,松江区,本土连锁,0,6,11,18
B0K6L5O81Y,和悦素空间(绿洲店),莘松路1288弄520号101商铺,121.345393,31.099359,松江区,独立/精品,0,2,1,7
B0K31CRPUM,库迪咖啡(漕河泾科技绿洲店),九亭中心路1158号漕河泾科技绿洲12号楼B1层,121.32575,31.101625,松江区,本土连锁,0,3,1,5
B0JKVOP429,星巴克(泗泾古镇店),泗泾镇开江中路406号-2,121.275406,31.111284,松江区,国际连锁,0,11,1,6
B0I0MMYVXF,瑞幸咖啡(河图公园店),九亭镇顺庆路500号河图公园一层,121.321235,31.097877,松江区,本土连锁,0,5,2,7
B0JAZNTST1,岘咖啡(佘山店),外青松公路与西霞路交叉口西南60米,121.185594,31.10019,松江区,独立/精品,0,4,1,3
B0FFJCJ9NS,瑞幸咖啡(企福天地店),松卫北路665号企福天地一层大堂,121.261842,31.023002,松江区,本土连锁,0,6,2,2
B0LRSB3WEE,luckin coffee 瑞幸咖啡(佘山·旭辉里店),陆宝山路155号佘山·旭辉里F1层,121.213905,31.115914,松江区,本土连锁,0,6,1,2
B0J3R9322T,瑞幸咖啡(车峰路店),车峰路300号底商,121.31908,31.008621,松江区,本土连锁,0,5,2,1
B0HRJROUJM,星逸廊(松江广富林希尔顿店),广轩路1099号上海松江广富林希尔顿酒店二楼,121.198721,31.06475,松江区,独立/精品,0,3,2,2
B0L35ZE1OZ,Manner Coffee,月湖路与青城山路交叉口东100米,121.213625,31.116775,松江区,本土连锁,0,8,1,2
B00156F20C,上岛咖啡(康城店),莘松路1126号2层(近春九路),121.353005,31.098406,松江区,本土连锁,1,3,3,4
B0JGGHP7E3,星巴克(上海松江洞德路店),洞泾镇洞德路21号1层,121.246817,31.09014,松江区,国际连锁,1,5,0,4
B0K11HOCO9,库迪咖啡(华东政法大学店),广富林街道三新北路1800弄7号楼1003室,121.188679,31.050869,松江区,本土连锁,0,2,3,2
B0LUGZ9VVZ,luckin coffee 瑞幸咖啡(西林北路店),西林北路与中山中路交叉口北60米,121.22281,31.007028,松江区,本土连锁,0,8,5,5
B0JRKS3NVL,库迪咖啡(樱花广场店),文汇路718号樱花广场2层半日闲庭,121.206428,31.049884,松江区,本土连锁,0,3,6,12
B0JDOR7Z59,FullaFullaCoffee福来富辣,广轩路40号,121.220485,31.065871,松江区,独立/精品,0,7,0,5
B0I249V08Q,Manner Coffee(平高企业集团·平高广场店),九峰路与荣乐中路交叉口南100米,121.230813,31.01602,松江区,本土连锁,1,10,2,4
B0H2MC4JJU,GOAT COFFEE(柴火空间店),沪松路999号9幢107室,121.255999,31.033009,松江区,独立/精品,0,2,3,3
B0FFKSYCGY,瑞幸咖啡(友喜高科技园区店),文翔东路58号友喜高科技园区6幢一层,121.268911,31.038622,松江区,本土连锁,0,1,1,1
B00155EC9R,哈里欧咖啡(环城路店),环城路391-395号,121.255425,31.008675,松江区,独立/精品,0,7,5,3
B0KU55O3GL,Manner Coffee(三湘商业广场店),横港公路37-45号三湘商业广场F1层,121.259895,31.116591,松江区,本土连锁,1,10,4,10
B0J0O96HOS,瑞幸咖啡(松江中建邻聚街店),中创路629号底商,121.275125,31.052867,松江区,本土连锁,0,5,2,4
B0LKKDMUNA,肯悦咖啡泗宝,泗泾镇横港路18弄68号1层1号商铺,121.259625,31.117825,松江区,独立/精品,1,8,4,9
B0K6U5T5YT,星巴克臻选上海松江金地方邻泗泾店,上海市松江区泗宝路399号地上一层L1-015、L1-016,121.252563,31.1146,松江区,国际连锁,0,8,3,5
B0J04R2M5U,瑞幸咖啡(松东路店),松东路206-212号一层102室,121.256035,31.015618,松江区,本土连锁,0,9,2,2
B0KB75NMA5,luckin coffee 瑞幸咖啡(江诚苑店),江诚苑东区南门西200米,121.227026,31.02449,松江区,本土连锁,0,8,0,1
B0J075B2VU,瑞幸咖啡(涞亭生活坊店),涞坊路417号涞亭生活坊底商,121.313811,31.152019,松江区,本土连锁,0,3,3,4
B0FFL4EYIY,瑞幸咖啡(马利来广场店),光星路1599弄马利来广场中庭底商,121.240551,31.058256,松江区,本土连锁,0,7,11,18
B0LBKUTEF2,肯悦咖啡佘山宝地店,佘月路18号,121.230459,31.104205,松江区,独立/精品,1,8,2,5
B0JRKZ1Q6C,好好cafe,茸梅路601号A1-102室,121.245665,31.040346,松江区,独立/精品,0,3,3,17
B0KBSA94NA,luckin coffee 瑞幸咖啡(月亮河碧园店),文涵路与天翔路交叉口北160米,121.186989,31.033098,松江区,本土连锁,0,10,2,6
B0L1MAG1PD,瑞幸咖啡,新宅路与天新路交叉口北120米,121.142731,31.069849,松江区,本土连锁,0,1,0,1
B0K39RB0OE,luckin coffee 瑞幸咖啡(三湘四季花城店),梅湘路与梅家浜路交叉口北260米,121.229625,31.054325,松江区,本土连锁,1,12,1,7
B0JASC885Z,星巴克(上海松江中建邻聚街店),中创路665号地上一层01单元,121.275269,31.053301,松江区,国际连锁,0,5,2,4
B0LB4DELPX,luckin coffee 瑞幸咖啡(涞寅路店),九杜路477-7号,121.309759,31.143647,松江区,本土连锁,0,9,3,7
B0KG45JZD1,Manner Coffee(马利来广场店),光星路1599弄马利来广场F1层,121.240523,31.057458,松江区,本土连锁,0,6,11,18
B0L2PNPZEW,KaWa(欢乐谷2号店),林荫新路与凤古路交叉口东南420米,121.217068,31.098295,松江区,独立/精品,0,0,0,2
B0J02UP51D,luckin coffee 瑞幸咖啡(新育路店),新育路809号一层,121.321348,31.07247,松江区,本土连锁,0,5,0,3
B0LDZLU2B4,肯悦咖啡湘城店,梅家浜路1500弄101号,121.229912,31.052353,松江区,独立/精品,1,9,1,7
B0L2HMAJIY,Manner Coffee(松江御上海店),广富林街道御上海社区梅家浜路1115-3号御上海青橙,121.235625,31.051725,松江区,本土连锁,1,4,3,6
B0K61SR99W,库迪咖啡(亚繁亚乐城店),莘松路1266号亚繁亚乐城2层240室(汉堡王2层对面),121.350062,31.097855,松江区,本土连锁,0,2,2,8
B0JDYUOD8J,库迪咖啡(佘山观堂店),佘山镇外青松公路8228弄166号余山观塘小院1层,121.177274,31.107205,松江区,本土连锁,0,5,0,2
B0KBKRAGGD,瑞幸咖啡(影佳路店),影佳路362号底商,121.311263,31.007795,松江区,本土连锁,0,7,2,5
B0GDVZ7SD8,AT.COFFEE,袜子弄18号10栋,121.242115,31.009319,松江区,独立/精品,0,5,6,8
B0JAFCGH6M,Blue Bottle Coffee蓝瓶咖啡(蟠龙新天地店),蟠鼎路177弄3号SD131室6号SD122室,121.274826,31.189269,青浦区,国际连锁,1,5,17,8
B0I335VU73,Peet's Coffee皮爷咖啡(上海天空万科广场店),上海城区崧泽大道2229弄66号上海天空万科广场L2-31b,121.254095,31.176623,青浦区,国际连锁,1,4,2,5
B0KUYCC6AY,O S cafe(讴诗咖啡),谢卫路1235-1239号,121.296235,31.170938,青浦区,独立/精品,0,2,6,7
B0FFK6K4BR,星巴克(青浦宝龙店),赵巷镇汇金路590号青浦宝龙广场一楼(汇金路地铁站1号口旁),121.152234,31.162003,青浦区,国际连锁,1,11,4,16
B0JDPDTIBH,Manner Coffee(上海蟠龙天地店),蟠鼎路123弄8号上海蟠龙新天地L1层PM112、PM116,121.274896,31.189883,青浦区,本土连锁,0,4,18,8
B0FFM1PZPC,星巴克(国家会展中心1F店),崧泽大道333号国家会展中心1F层,121.302478,31.190618,青浦区,国际连锁,1,0,7,5
B0JA9AGLVL,和睦咖啡HEMU CAFE,和睦路446号,121.238052,31.159586,青浦区,独立/精品,0,3,3,6
B0JG2MADY4,一尺花园(筒仓店),课植园路339弄9号楼1层(地下停车场E区),121.05851,31.113644,青浦区,独立/精品,0,1,5,9
B0JDPDLL93,星巴克(上海瑞安蟠龙新天地2店),蟠鼎路177弄6号SD116室,121.275171,31.18938,青浦区,国际连锁,1,5,18,8
B0JALR9KMR,Tims天好咖啡(蟠龙天地店),蟠鼎路177弄2号SD115SD117室,121.275575,31.189621,青浦区,国际连锁,1,4,18,8
B0JR7ZDMUI,瑞幸咖啡(京华路店),京华路268号骑龙一家园底商,121.274116,31.171877,青浦区,本土连锁,0,7,5,2
B0L39GQBRD,BirdieCup小鸟杯咖啡(天空万科广场店),徐泾镇崧泽大道2229弄66号(徐盈路地铁站出入口旁)天空万科广场UNI vanke MALLGF层,121.254203,31.176876,青浦区,独立/精品,1,4,2,5
B0GKNN5183,Tims咖啡(青浦百联悠迈店),盈港路1616弄3-4号1层B66-F01-1-023铺位,121.096939,31.160948,青浦区,国际连锁,1,7,1,7
B0JAVUQP9Y,青图咖啡(图书馆店),青龙路60号青浦图书馆内,121.135868,31.148399,青浦区,独立/精品,0,8,1,7
B0FFF005ZV,星巴克(朱家角尚都里店),朱家角镇新风路268弄2号1层101/102室和2层1-203A室,121.056753,31.111387,青浦区,国际连锁,0,3,7,15
B0JD47KM14,星巴克臻选(上海瑞安蟠龙天地1店),蟠鼎路123弄8号上海蟠龙新天地L1层PL101、PL103,121.276709,31.189184,青浦区,国际连锁,1,8,12,8
B0FFKHT2V9,星巴克(上海夏都小镇店),沪青平公路1583号内街谢卫路1450号A2-103a,121.29217,31.172137,青浦区,国际连锁,0,4,6,5
B0FFF6XCT8,星巴克臻选(青浦赵巷店),沪青平公路2888号百联奥特莱斯广场1层A5-100,121.228016,31.155229,青浦区,国际连锁,0,6,3,8
B0FFJ4NZE8,叁拾(万福财富中心店),青湖路1002号,121.13076,31.145927,青浦区,独立/精品,0,6,2,9
B0IUZ75XM2,有位咖啡国家会展中心店,诸光路1588弄15栋308号国家会展中心2号门对面,121.302554,31.184919,青浦区,独立/精品,1,3,15,14
B0L115KZ9G,星巴克臻选(上海好家福广场店),沪青平公路与明珠路交叉口东80米,121.273241,31.16501,青浦区,国际连锁,0,5,6,4
B0JD3HC88V,库迪咖啡(青浦宝龙广场店),崧雅路与盈港东路交叉口北80米崧雅路158弄1号,121.154227,31.161838,青浦区,本土连锁,1,11,6,17
B0K1LU3XT5,云隐Coffee(崧雅路店),崧雅路86弄5号(汇金路地铁站2号口步行290米),121.154543,31.159999,青浦区,独立/精品,1,12,6,16
B0GRO75FQ0,星巴克(青浦绿地缤纷城店),盈港东路8900弄1-3号(青浦新城地铁站4号口旁),121.125235,31.159536,青浦区,国际连锁,1,6,2,7
B0H0ODXSX9,Tims咖啡(E通世界华新园优选店),华新镇华隆路1777号C座105室,121.213525,31.218925,青浦区,国际连锁,0,1,3,4
B0H0ODXSWZ,Tims咖啡(虹泾鑫汇园捷枫店),徐乐路228号(徐泾北城地铁站2号口步行360米),121.244717,31.174443,青浦区,国际连锁,1,5,2,4
B0L3ASTPSP,瑞幸咖啡(欣沁苑西区南门店),尚泰路与乐国路交叉口北20米,121.234825,31.181475,青浦区,本土连锁,0,13,0,1
B00155LBNC,星巴克(青浦桥梓湾店),公园路700号东方商厦一楼,121.112679,31.148456,青浦区,国际连锁,0,7,5,21
B0L09CDQS1,BeanStar比星咖啡(上海青浦吾悦广场店),淀山湖大道202号吾悦广场(上海青浦店)1F层,121.093953,31.143538,青浦区,本土连锁,0,4,7,15
B0J0753MER,瑞幸咖啡(新角里广场店),祥凝浜路522号新角里广场160号底商,121.057752,31.10825,青浦区,本土连锁,0,4,6,17
B0J0LROJE4,luckin coffee 瑞幸咖啡(青浦宝龙广场店),青松公路158弄25号,121.154658,31.16204,青浦区,本土连锁,1,14,6,17
B0G2HRPORK,星巴克(博隆商业广场店),华腾路326-330号1层,121.229965,31.237814,青浦区,国际连锁,0,8,3,3
B0HK5ZKLHI,Tims咖啡(青浦蜂学荟店),青松路1号1层102-103商铺,121.116819,31.148139,青浦区,国际连锁,0,12,2,24
B0I09UO9JY,Manner Coffee(天空万科广场店),徐泾镇崧泽大道2229弄66号(徐盈路地铁站出入口旁)天空万科广场UNI vanke MALLF2层,121.254194,31.177188,青浦区,本土连锁,1,4,2,5
B0FFM5LYJ1,星巴克(元祖梦世界店),嘉松中路6200号,121.226875,31.148575,青浦区,国际连锁,0,1,2,5
B0LD6UF92D,超几何咖啡店,华富街478号480号,121.225394,31.243475,青浦区,独立/精品,0,8,5,4
B00154D7SO,金两岸咖啡(环城西路店),,121.110933,31.140338,青浦区,独立/精品,0,6,0,2
B0GD3Y1D68,瑞幸咖啡(青浦光明荟店),华新镇新府中路1399弄25号102室光明荟大堂,121.230144,31.229024,青浦区,本土连锁,0,5,12,6
B0JKZLQUEC,阿拉比卡咖啡(青浦奥莱店),赵巷镇沪青平公路2888号B区BI10-11号,121.228504,31.155719,青浦区,独立/精品,0,7,3,8
B0I1CUDY77,星巴克(万科红生活广场店),福泉山路127号131号万科红生活广场,121.188075,31.199925,青浦区,国际连锁,0,7,0,5
B0IGBGI25Y,星巴克(上海青湖路店),青湖路1023号101室-A单元,121.127148,31.145747,青浦区,国际连锁,0,4,3,8
B0I06SRRAT,瑞幸咖啡(青浦绿地缤纷城店),外青松公路5999号绿地缤纷城一层08号,121.125775,31.159425,青浦区,本土连锁,1,7,2,7
B0H2YMXO28,星巴克(上海怀盛商业广场店),"盈浦街道淀山湖大道381,383,385号",121.094794,31.141598,青浦区,国际连锁,0,7,6,15
B0L1SRRNQ7,瑞幸咖啡,徐民路168弄9、10、17号中建企业天地东区2栋络绎坊酒店1层02室,121.287866,31.182718,青浦区,本土连锁,1,10,7,6
B0LAORMH60,菜园咖啡书屋,赵巷镇和睦村369号,121.239595,31.158181,青浦区,独立/精品,0,0,3,7
B0I6LC1N1I,Fan⁺COFFEE(城中东路店),城中东路66号,121.123838,31.146698,青浦区,独立/精品,0,10,2,9
B0KKLUBONR,土屋TUTU,"和睦村362号103-104室(362号后面,面朝水街)",121.238775,31.159006,青浦区,独立/精品,0,1,3,7
B0K3C7IOGG,Julius Meinl沪小红帽咖啡(虹桥国家会展中心店),绿地铂骊酒店一楼外侧,121.304023,31.183534,青浦区,独立/精品,0,2,14,12
B0L2PSPI55,Show Cafe 绣 - 裕绣堂,盈港路1226号,121.101097,31.161199,青浦区,独立/精品,1,7,1,6
B0JGGHQHDS,星巴克(上海青湖路2店),青湖路837号,121.135075,31.145475,青浦区,国际连锁,0,6,1,6
B0JBAB6GVG,瑞幸咖啡(百联青浦购物中心店),盈港路1666弄36号富绅时代广场B层09室2号,121.097567,31.161412,青浦区,本土连锁,1,7,1,6
B0FFL2ZKGZ,星巴克(青浦万达茂店),淀山湖大道851号青浦万达茂1层B1016a-B1016b号,121.084747,31.133983,青浦区,国际连锁,1,10,7,13
B0HDZH1XKP,星巴克(上海卓悦时光店),清河湾路1121弄62号楼1楼,121.101423,31.170779,青浦区,国际连锁,0,4,6,8
B0FFH41O5Y,星巴克(青浦吾悦广场店),淀山湖大道152弄41号吾悦广场1层,121.096249,31.144438,青浦区,国际连锁,0,3,5,14
B0FFGOLBYF,星巴克(仅供测试),盈港东路168号D-L3103楼6.2馆,121.302308,31.188703,青浦区,国际连锁,1,1,12,8
B0KGBRAC5D,星巴克臻选(上海首位店),蟠中东路188弄首位奥特莱斯E区L1层,121.293904,31.189482,青浦区,国际连锁,2,9,4,2
B0FFIMYL9X,星巴克(青浦世纪联华店),城中北路718号一幢一层F01115单元,121.112894,31.158811,青浦区,国际连锁,0,4,2,4
B0KD6AGC2K,西红农夫市集-yescoffee,赵巷镇方夏村刘夏西红市集,121.23962,31.13661,青浦区,独立/精品,0,3,0,1
B0JD2RLRV1,毛意义咖啡,新华村209号,121.024395,31.140037,青浦区,独立/精品,0,1,0,1
B0I06SRRA8,瑞幸咖啡(青浦万达茂店),盈浦街道青浦万达茂一层B区1006号,121.083733,31.134122,青浦区,本土连锁,1,11,8,14
B0FFG17UBJ,星巴克(公园东路店),赵巷镇公园东路1289弄76-77号(必胜客对面),121.137194,31.15296,青浦区,国际连锁,0,5,0,8
B0H6OHT5J1,Theory COFFEE(百联奥特莱斯广场店),沪青平公路2888号百联奥特莱斯广场A区1F层A121乙,121.227851,31.154982,青浦区,独立/精品,0,6,3,8
B0FFKTSGBF,星巴克(凯特利广场店),公园路458号101室-02,121.117053,31.148754,青浦区,国际连锁,0,13,1,23
B0FFKNVKXA,星巴克(富绅时代广场店),"盈港路1616弄1-50号1层18,19单元",121.096787,31.16109,青浦区,国际连锁,1,7,1,7
B0LA7HKVX4,Peet's Coffee皮爷咖啡(夏都小镇店),徐泾镇谢卫路1435号C1-106,121.292605,31.171883,青浦区,国际连锁,0,4,6,6
B0GD3Y3I3V,瑞幸咖啡(虹桥世界中心L2店),徐泾镇诸光路1588弄LM虹桥世界中心L2幢一层516-517室,121.306429,31.184413,青浦区,本土连锁,0,1,12,12
B0FFI72RSZ,星巴克(虹桥食尚中心店),沪青平公路1899号A座1层A101-1单元,121.277634,31.166701,青浦区,国际连锁,0,4,4,4
B0HUAH48HP,COMPANION小伴咖啡,朱家角镇新风路274号,121.056292,31.111239,青浦区,独立/精品,0,2,7,17
B0IU27NQCG,Vary万芮coffee,欧洲街与公园路交叉口北140米,121.119516,31.149817,青浦区,独立/精品,0,13,1,20
B0H13HL7B7,Neighborhood Coffee&Dessert Bar(公园大观吉富绅花园店),公园东路1688弄23号,121.135795,31.15452,青浦区,独立/精品,0,8,0,8
B0JBNDXXUI,大清邮局咖啡吧,西湖街35号大清邮局内,121.053631,31.107034,青浦区,独立/精品,0,4,4,11
B0FFK9FFKZ,瑞幸咖啡(国家会展中心店),涞港路181号国家会展中心B栋一层大堂,121.302069,31.189245,青浦区,本土连锁,1,1,10,6
B0I3JS52PG,M Stand(上海青浦奥特莱斯店),沪青平公路2888号百联奥特莱斯广场B区1F层B117,121.227465,31.15593,青浦区,本土连锁,0,7,3,8
B00156YQJZ,Peet's Coffee皮爷咖啡(青浦奥莱店),沪青平公路2888号百联奥特莱斯广场C区1F层C101-1,121.227962,31.15743,青浦区,国际连锁,0,7,2,6
B0I09ZLHKF,瑞幸咖啡(青浦富绅商业中心店),公园东路1289弄82号富绅商业中心底商,121.137444,31.152571,青浦区,本土连锁,0,7,0,9
B0LRABZJSH,库迪咖啡(天睿产业园店),崧秋路418号36幢104,121.17937,31.15707,青浦区,本土连锁,0,4,1,4
B0H3ZXI3VU,星巴克(上海青浦东渡蛙城西区店),淀山湖大道1088弄118号一、二层L1-29b、L2-26b单元,121.08104,31.134444,青浦区,国际连锁,1,11,8,14
B0G2U152QK,星巴克(金鑫生活广场店),华新镇凤霞路605号,121.234696,31.186919,青浦区,国际连锁,0,12,0,1
B0FFFN1HVM,星巴克(青浦城中北路店),"城中北路79号副楼1楼,2楼",121.111425,31.147725,青浦区,国际连锁,0,6,4,18
B0LRCMFHAQ,库迪咖啡(青浦万科天空之城店),崧泽大道与泾居路交叉口东南180米,121.252107,31.176428,青浦区,本土连锁,1,4,2,5
B0HUPSOHUT,星巴克(上海虹桥世界中心店),诸光路1588弄,121.301809,31.184491,青浦区,国际连锁,1,3,15,12
B0FFLGV4OL,星巴克(上海青浦山姆会员店),"赵巷镇业锦路483弄1号一层4865F1F0001,一层夹层4865F1F0005",121.227248,31.126548,青浦区,国际连锁,0,3,0,2
B0FFLLDVRY,瑞幸咖啡(e通世界南区店),华徐公路685号e通世界南区C座一层102室,121.26498,31.196824,青浦区,本土连锁,0,2,8,8
B0HG5LBRE3,Manner Coffee(首位中心E区店),蟠中东路188弄首位中心E区L1层,121.293424,31.189595,青浦区,本土连锁,2,8,4,2
B0FFKVTA2A,瑞幸咖啡(e通世界华新园店),华隆路1777号e通世界商务园华新园M座服务中心一层大堂,121.213358,31.217577,青浦区,本土连锁,0,3,3,4
B0FFMHK4ET,LAB COFFEE(浦仓路店),浦仓路560号,121.12113,31.15238,青浦区,独立/精品,0,13,3,15
B0I1VHZEHO,M Stand(朱家角古镇店),新风路258弄2号1楼103与104室,121.056576,31.111391,青浦区,本土连锁,0,3,7,15
B0H3ZOH12I,瑞幸咖啡(朱家角·朱里雅集店),朱家角镇新风路268弄1号一层102室,121.056312,31.1114,青浦区,本土连锁,0,3,8,15
B0JBT451Z4,瑞幸咖啡(上海熊猫广场店),嘉松中路5888号熊猫广场一层大堂,121.226507,31.152002,青浦区,本土连锁,0,5,2,12
B0FFHKVOJD,星巴克(新尚生活广场店),华志路771-789号一层102a单元,121.226181,31.231436,青浦区,国际连锁,0,4,4,5
B0KANU1Y7H,瑞幸咖啡(上海万科天空之城店),徐泾镇崧泽大道2229弄66号(徐盈路地铁站出入口旁)天空万科广场UNI vanke MALLGF层,121.25221,31.176445,青浦区,本土连锁,1,4,2,5
B0FFM34I21,瑞幸咖啡(上海吾悦广场店),淀山湖大道150弄88号吾悦广场金街一层,121.095025,31.144325,青浦区,本土连锁,0,4,7,15
B0KU1DPKUB,造磕肥店·两栖咖啡实验室,业辉路222弄31号,121.226526,31.141564,青浦区,独立/精品,0,3,2,1
B0FFKTCHAN,瑞幸咖啡(青安路店),青安路71号一层101室,121.116676,31.149828,青浦区,本土连锁,0,11,3,24
B0J0VMWEO0,瑞幸咖啡(青湖路店),青湖路907号底商,121.133177,31.145539,青浦区,本土连锁,0,6,2,8
B0LR05MM6S,BeanStar比星咖啡(上海青浦绿地中心店),香花桥街道华纺路299弄1号,121.12463,31.162354,青浦区,本土连锁,1,4,1,7
B0FFK5WC1M,瑞幸咖啡(德邦快递总部店),徐祥路316号德邦物流D1栋一层112室,121.263625,31.195725,青浦区,本土连锁,0,2,6,6
B0JBFA5DUT,SUN YEAH松野咖啡,清河湾路981弄25号,121.101583,31.169216,青浦区,独立/精品,0,4,6,8
B0IR1LTZQ8,3/4 coffee咖啡未满(宝龙天地店),华新宝龙天地1536弄2号110室,121.234769,31.22807,青浦区,独立/精品,0,4,8,2
B0M6TS2Y06,Seesaw Coffee(虹桥世界中心店),诸光路1588弄1号37号室,121.302427,31.184359,青浦区,本土连锁,0,3,15,12
B0JKP7UWK1,库迪咖啡(虹桥世界中心L4幢店),徐泾镇诸光路1588弄虹桥世界中心L4-A栋(蟹太太隔壁),121.304525,31.184425,青浦区,本土连锁,0,1,15,12
B0FFFW99S0,上岛咖啡(重固店),福泉山路111号万科红生活广场F1层,121.189382,31.200058,青浦区,本土连锁,0,6,0,5
B0KUSDYAV1,Nowhere coffee&bar,公园路666弄11号上海桥梓湾购物中心三元路店L1层,121.113389,31.150194,青浦区,独立/精品,0,7,2,21
B0I1N7B1AN,星巴克(中建企业天地店),徐民路168弄3号第1层01单元大堂,121.288903,31.183313,青浦区,国际连锁,1,7,6,7
B0LUOZINT4,星巴克(绿洲智谷花园里店),嘉松中路5388号1层01C上海长三角Terrace Park,121.223388,31.16519,青浦区,国际连锁,1,7,2,6
B0LKX5O0FB,BeanStar比星咖啡(上海朱家角朱里雅集店),朱家角镇新风路258弄1号102室,121.05655,31.111375,青浦区,本土连锁,0,3,7,15
B0I1VSWHBO,Manner Coffee(佳杰路店),赵巷镇嘉松中路5399号3幢B8-4F-D区88室,121.220725,31.165325,青浦区,本土连锁,1,5,2,6
B0FFKRJBW3,neighbors咖啡邻里(绿中海Ⅱ梦公元店),明珠路561弄15号商铺,121.265798,31.176063,青浦区,独立/精品,0,1,0,1
B0I2YSS578,星巴克(移动智地店),沪青平公路3938弄2号的第一层102室,121.17396,31.146931,青浦区,国际连锁,0,2,3,3
B0K6AHO9D3,Tims天好咖啡(LM虹桥世界中心店),诸光路1588弄3幢461,121.304774,31.184253,青浦区,国际连锁,0,1,14,12
B0HKDDXCJ7,Manner Coffee(LM虹桥世界中心店),诸光路1588弄1号LM虹桥世界中心1层,121.306719,31.184612,青浦区,本土连锁,0,1,11,12
B0FFLJOAD1,瑞幸咖啡(上海青浦东方商厦店),盈浦街道城中北路158号108室,121.111934,31.149229,青浦区,本土连锁,0,7,4,20
B0L6BPU8Y7,瑞幸(绿洲智谷花园里店),嘉松中路5386弄绿洲智谷花园里(北区)L1层,121.223497,31.164511,青浦区,本土连锁,1,6,2,6
B0L3AZQJ99,瑞幸咖啡,沈巷路与泖阳路交叉口西60米,121.057575,31.074725,青浦区,本土连锁,0,6,2,2
B0J2D7NWUX,luckin coffee 瑞幸咖啡(华伦商厦店),城中东路635号华伦商厦F1层,121.112937,31.146179,青浦区,本土连锁,0,9,3,15
B0JUABMGT1,瑞幸咖啡(华新朋联店),华强路239号朋联国际购物中心底商,121.230793,31.240676,青浦区,本土连锁,0,10,4,3
B0L1VHBMM1,Seeya Café,金泽镇青西郊野公园保育区内,121.003622,31.066308,青浦区,独立/精品,0,0,0,1
B0LR5UANGJ,题外话Dew,淀山湖大道859弄63-227题外话Dew奶茶咖啡,121.084321,31.134867,青浦区,独立/精品,1,11,7,14
B0FFMGTHUH,NOWER COFFEE即刻咖啡(青安路店),即刻咖啡NOWERCOFFEE,121.117038,31.151391,青浦区,独立/精品,0,10,3,21
B0JDURTEOE,RICE SHOP米店,浦仓路336号,121.121147,31.147705,青浦区,独立/精品,0,13,2,18
B0J0F9GX85,瑞幸咖啡(西虹桥同联创新产业园店),徐翔路38号同联创新产业园底商,121.269711,31.198369,青浦区,本土连锁,0,5,6,5
B0L2RALOOP,库迪咖啡(青浦万达茂店),淀山湖大道859弄169号(朱家角路青泰路交叉口),121.083437,31.133027,青浦区,本土连锁,1,11,8,14
B0IU2CQUOM,田垄间,朱家角镇张马村202号,121.0919,31.029973,青浦区,独立/精品,0,1,0,1
B0JK4ZPSJ6,瑞幸咖啡(虹桥时代广场店),高光路169弄25号虹桥时代广场底商,121.311454,31.162005,青浦区,本土连锁,0,7,2,2
B0J66UYNU1,Lab Coffee(青浦宝龙广场店),崧雅路158弄31号(汇金路地铁站1号口步行260米),121.154829,31.162022,青浦区,独立/精品,1,14,6,17
B0IKRUOAWT,星巴克(上海青浦虹桥宝龙一期店),盈港东路7799号第一层的03室-A单元04室,121.153511,31.160753,青浦区,国际连锁,1,11,6,16
B0H3SCLGNI,Manner Coffee(富绅时代广场店),富绅时代广场(漕盈路地铁站1号口旁),121.097245,31.1611,青浦区,本土连锁,1,7,1,7
B0J39SG3A7,luckin coffee 瑞幸咖啡(食尚天地店),沪青平公路1899号1幢101-6食尚天地底商,121.277963,31.166805,青浦区,本土连锁,0,4,4,4
B0L3ZA0PRJ,卤咖路咖LuCa LuCa Bistro (万达茂店),淀山湖大道859弄63号310,121.085011,31.134591,青浦区,独立/精品,1,10,7,13
B0J07LC6BK,瑞幸咖啡(外青松公路店),外青松公路2870号底商,121.139907,31.257112,青浦区,本土连锁,0,5,1,2
B0KKFKL0MB,瑞幸咖啡,青浦卓越·世纪中心三期东北门东南110米,121.101623,31.170572,青浦区,本土连锁,0,4,6,8
B0FFF3NOY2,蝴蝶Le papillon(青龙路店),青龙路17号1层(近华青南路),121.134781,31.147342,青浦区,独立/精品,0,6,1,6
B0JKFZ1IKS,库迪咖啡(中核科创园店),徐民路333号中核科创园A2号楼滨发大厦大堂内,121.286114,31.180617,青浦区,本土连锁,1,9,6,6
B0J24S1Q0N,库迪咖啡(e通世界南区店),华徐公路685号e通世界A座109(A座大厅),121.264808,31.196217,青浦区,本土连锁,0,2,8,8
B0KKLNZMBK,Manner Coffee(夏都小镇步行街店),谢卫路与高泾路交叉口东220米,121.293257,31.172232,青浦区,本土连锁,0,4,6,6
B0K6F5DJLA,星巴克(青春坊店),新凤中路888弄13号上一层101室,121.227073,31.223568,青浦区,国际连锁,0,4,1,1
B0KRBUTU2J,库迪咖啡(青浦青安路店),青安路137号,121.116875,31.150984,青浦区,本土连锁,0,8,3,23
B001572MNE,维也纳咖啡(朱家角店),祥凝浜路16弄2-8号,121.067171,31.108762,青浦区,独立/精品,0,1,1,2
B0JKABHH25,Tims天好咖啡(中山医院青浦分院店),公园东路11158号门诊大厅正门东侧中药房旁,121.137689,31.154334,青浦区,国际连锁,0,7,0,8
B0J3UA01IC,瑞幸咖啡(祥腾假日风情广场店),新桥路658号祥腾假日风情商业广场底商,121.104925,31.213475,青浦区,本土连锁,0,3,0,1
B0LBZCOS2M,星巴克(中建企业天地店),中建锦绣天地一期南门东150米,121.285925,31.182875,青浦区,国际连锁,1,10,7,6
B0I1LZKSXY,AMY'S CAFE+BAKERY,课植园路339弄11号楼101,121.05835,31.11401,青浦区,独立/精品,0,1,6,9
B0J3ZHUHZT,luckin coffee 瑞幸咖啡(华新街店),华新街与新凤北路交叉口东北20米,121.223785,31.245031,青浦区,本土连锁,0,4,3,4
B0LUFR2LID,小园里咖啡馆,白鹤镇鹤联村五联86号,121.153228,31.241518,青浦区,独立/精品,0,1,0,1
B0LR0SLTFU,Tims天好咖啡,淀山湖大道851号青浦万达茂A区,121.081925,31.132725,青浦区,国际连锁,1,10,8,14
B0KA94BZW2,Manner Coffee,新风路与北大街交叉口东60米,121.056751,31.111383,青浦区,本土连锁,0,3,7,15
B0HR4HYT34,Manner Coffee(上海青浦吾悦广场店),淀山湖大道202号吾悦广场(上海青浦店)1F层,121.095865,31.144579,青浦区,本土连锁,0,3,5,14
B0KUGLR1GK,luckin coffee 瑞幸咖啡(夏阳金城店),夏阳金城南区北1门东120米,121.184976,31.194012,青浦区,本土连锁,1,3,1,3
B0J2CUXJBS,库迪咖啡(青浦荟品仓店),沪青平公路5599号金域广场F2(荟生活超市入口处),121.101306,31.134437,青浦区,本土连锁,0,3,0,4
B0LDD57SMM,77Dimanche,赵巷镇和睦村453号,121.239262,31.159364,青浦区,独立/精品,0,0,3,7
B0KGJ5557P,瑞幸咖啡(尚之坊创意园店),崧泽大道6606弄10号楼一层107室,121.180663,31.176249,青浦区,本土连锁,0,2,4,2
B0H6RS6LMR,maison insomnia,赵巷镇秀泉路598号-2,121.148824,31.149132,青浦区,独立/精品,0,8,0,2
B0J1VCC1K0,瑞幸咖啡(普光路商业街店),普光路142号香花新村西区底商,121.132857,31.185596,青浦区,本土连锁,1,3,1,1
B0KKO72LTX,Pull-Tab拉环咖啡(上海市青浦区新虹桥中心店),盈港东路666弄BU中心T2栋大堂,121.294322,31.182593,青浦区,本土连锁,0,4,3,2
B0K2TUW832,库迪咖啡(青浦光明荟梦道精酿店),新府中路光明荟1399弄80号(梦道精酿内),121.228658,31.228316,青浦区,本土连锁,0,6,10,5
B0L6U6MYRX,肯悦咖啡富绅店(暂停营业),盈港路1666弄3-13-2号1层,121.096468,31.161032,青浦区,独立/精品,1,7,1,7
B0JBGOOSVO,Manner Coffee(青浦宝龙广场店),汇金路590号青浦宝龙广场1F层(汇金路地铁站1号口旁),121.152434,31.162178,青浦区,本土连锁,1,12,4,16
B0K16RWL2H,瑞幸咖啡,华徐公路999号e通世界北区A座F1层,121.263012,31.200026,青浦区,本土连锁,0,8,3,9
B0KK7XKI5N,luckin coffee 瑞幸咖啡(赵重朋联国际购物中心店),赵重公路与赵华路交叉口西北40米,121.193014,31.15102,青浦区,本土连锁,0,5,1,3
B0K0PHTNTI,BraveJoJo·手作面包咖啡(朱家角店),马家桥路269号,121.041841,31.112643,青浦区,独立/精品,0,6,0,1
B0IBGAP0I5,Study Coffee,大新街51号,121.054548,31.107949,青浦区,独立/精品,0,3,5,17
B0HR7CQ9UC,代数学家algebraist(上海青浦宝龙店),上海城区汇金路606号宝龙广场L1层,121.153448,31.161878,青浦区,本土连锁,1,11,6,16
B0KKTDRGJK,BeanStar比星咖啡(上海青浦宝龙广场店),崧雅路158弄5号宝龙广场2期金街2楼比星咖啡,121.155075,31.161875,青浦区,本土连锁,1,15,6,17
B0KU4HY67V,luckin coffee 瑞幸咖啡(华南路店),中通快递5号门东90米,121.205871,31.22874,青浦区,本土连锁,0,4,2,3
B0L0PAZQ1K,瑞幸咖啡(重固上蔬永辉店),福泉山路与赵重公路交叉口东60米,121.185681,31.200023,青浦区,本土连锁,0,7,0,5
B0FFJ5HNU9,上岛咖啡(徐泾店),徐乐路99弄10号全季酒店正门口,121.243741,31.169146,青浦区,本土连锁,0,3,1,1
B0LRODVP5V,库迪咖啡(练塘文化路店),练塘镇社区文化活动中心东北门旁,121.041684,31.008986,青浦区,本土连锁,0,7,1,4
B0K2PUKUFR,平流层gelato&coffee(赵巷店),赵巷镇赵中路28号赵巷影剧院大厅内,121.19542,31.150698,青浦区,独立/精品,0,6,1,5
B0HRA5LDLS,漫猫咖啡(青浦华新店),新府中路与华强街交叉口南200米,121.230987,31.23975,青浦区,独立/精品,0,9,2,3
B0L24DOBAZ,库迪咖啡(虹桥奇点科创园店),华徐公路628号虹桥奇点科创园B栋大堂,121.26804,31.195649,青浦区,本土连锁,0,4,7,5
B0LUNZVS9Q,BLU ISOLA cafe 布鲁咖啡,青松公路496号,121.081725,31.131825,青浦区,独立/精品,1,8,8,14
B0KKFRR0TB,Tims天好咖啡(容钛智汇天地店),赵巷镇华科东路100弄6号(汇金路地铁站2号口步行430米),121.154441,31.158982,青浦区,国际连锁,1,10,6,16
B0LD0C7F87,库迪咖啡(元祖梦世界店),赵巷镇嘉松中路6200号2幢103室,121.226193,31.149787,青浦区,本土连锁,0,3,2,7
B0JUHH2T6A,Tims天好咖啡(三银基金产业园店),双联路88号,121.276077,31.193565,青浦区,国际连锁,0,6,9,8
B0G2510HJI,叁拾咖啡(盈清路店),盈清路25号,121.095425,31.140775,青浦区,独立/精品,0,6,6,15
B0LRMLYDPG,库迪咖啡(青浦福贸路店),赵重公路2771号003,121.185109,31.193956,青浦区,本土连锁,1,4,1,3
B0KDV7T6FQ,Manner Coffee(富绅商业中心店),公园东路1289号富绅商业中心F1层,121.137941,31.152779,青浦区,本土连锁,0,8,0,8
B0L2RAMQP9,库迪咖啡(绿洲智谷花园里北区店),赵巷镇嘉松中路5386弄1号L112-A02绿洲智谷花园里北区1号门入口,121.223655,31.164663,青浦区,本土连锁,1,7,2,6
B0LUP5YWY3,库迪咖啡(富绅商业中心店),公园东路1289号富绅商业中心1层18A19号,121.137731,31.152355,青浦区,本土连锁,0,8,1,9
B0KR95DEYJ,La Qaffee莱恰福福,淀园路269弄10号1层-8,121.059757,31.12523,青浦区,独立/精品,0,8,1,1
B00156F3BE,爱琴海咖啡(青浦店),港俞路1083号,121.099588,31.148189,青浦区,独立/精品,0,6,2,3
B0LR2Z4ROZ,库迪咖啡(鼎沪双子楼店),明珠路1018号1018号B栋,121.260602,31.194092,青浦区,本土连锁,0,5,4,3
B0KDVULHOM,摩法商店MagicCoffee,小杨家埭村路与沈太路交叉口东380米,121.088599,31.043199,青浦区,独立/精品,0,3,1,1
B0L1S9SBA3,瑞幸咖啡(赵屯梅桥街店),梅桥街188号底商,121.082275,31.255675,青浦区,本土连锁,0,5,1,2
B0LD07GBS5,luckin coffee 瑞幸咖啡(宝龙一期),汇金路592号(汇金路地铁站2号口旁),121.152547,31.160572,青浦区,本土连锁,1,12,6,16
B0K077J4IM,Tims天好咖啡(绿洲智谷花园里店),嘉松中路5386弄绿洲智谷花园里(北区)二楼L2-04A Tims天好咖啡店,121.223505,31.165211,青浦区,国际连锁,1,7,2,6
B0K3Y7FZA9,库迪咖啡(奉贤出版印刷学校店),金汇镇上海出版印刷高等专科学校奉贤校区食堂,121.511225,31.001525,奉贤区,本土连锁,0,2,0,1
B0G3YAVBLJ,橘里民宿精酿咖啡馆,先锋村3队395号,121.833684,31.489491,崇明区,独立/精品,0,1,1,1
B0LGBK0FZI,luckin coffee 瑞幸咖啡(长兴阳光天地店),兴坤路18号长兴阳光天地F1层,121.761243,31.354045,崇明区,本土连锁,0,2,3,2
B0KGMMSZ7X,瑞幸咖啡(金滂路店),丰福路699弄6号底商,121.706885,31.383278,崇明区,本土连锁,0,6,1,2
B0JK4ZOI7V,瑞幸咖啡(长兴海洋商业广场店),崇明区崇明区长兴镇兴甘路51号海洋商业广场底商,121.73539,31.372706,崇明区,本土连锁,0,4,1,1
B0L6613RG1,星巴克(长兴阳光天地店),崇明区兴坤路18号长兴阳光天地F1层,121.761429,31.353944,崇明区,国际连锁,0,2,3,2
B0JUASQGDB,Javasa Lifestyle鸭窝沙创意生活馆,长兴岛渔港环路1270号长域依江滩集团,121.790137,31.350869,崇明区,独立/精品,0,1,0,2
B0JGKZQINB,横沙白马咖啡,横沙乡新永村1229,121.847449,31.331408,崇明区,独立/精品,0,1,0,1
B0JAF7HJWD,星巴克(绿地长兴家园店),长兴镇丰福路599弄186号116室A02单元,121.70426,31.383222,崇明区,国际连锁,0,5,0,2
B0I357NM2A,微甜时光coffee baking,陈家镇616号,121.803878,31.498622,崇明区,独立/精品,0,3,0,1
B0JUZ627PB,橘子咖啡,潘石村604号,121.640961,31.429092,崇明区,独立/精品,0,0,0,1
B0KDLUKEBK,滩玩乐园-果岭咖啡,陈家镇东滩花园5弄1号6幢揽海路(东滩新天地-业主食堂内),121.833753,31.457197,崇明区,独立/精品,0,0,1,1
B0I035WZBC,沪咖·鲜果咖啡(上海崇明陈家镇店),陈家镇陈彷公路1弄161-162号,121.80913,31.496384,崇明区,独立/精品,0,1,1,3
B0L0FU56Z5,摩卡希咖啡店(凤滨路店),凤滨路89号1层02室(摩卡希),121.691384,31.390017,崇明区,独立/精品,0,2,4,3
B0JBTA4UTQ,瑞幸咖啡(名岛生活广场店),陈仿公路1弄60号名岛生活广场底商,121.809471,31.497309,崇明区,本土连锁,0,1,1,3
B0I06SRCSZ,瑞幸咖啡(御岛婚宴中心店),崇明区崇明区凤蓉路688号底商,121.697647,31.395591,崇明区,本土连锁,0,3,4,2
B0H3YZ5VBT,松晨coffee,陈东路与中滨路交叉口西北260米,121.831515,31.484752,崇明区,独立/精品,0,1,0,3
B0KDDK4QGD,知青1966咖啡厅,秋柑路666号上海长兴岛郊野公园(西北角),121.70507,31.409338,崇明区,独立/精品,0,0,0,1
B0L0FL7N8X,Briny Coffee,横沙乡兴胜村329号,121.862964,31.308298,崇明区,独立/精品,0,1,0,1
B0KR7UM5S7,双耳咖啡,东兴二路528号,121.861574,31.32974,崇明区,独立/精品,0,0,0,1
B0LG1S137W,库迪咖啡(东方渔港家园店),区仁建路800弄3号107,121.774872,31.358603,崇明区,本土连锁,0,5,2,1
B0LB9HXV4Y,绿岛咖啡厅,丰乐路483号,121.839883,31.340473,崇明区,独立/精品,0,5,0,2
B0J1VC5O49,瑞幸咖啡(上海外国语大学崇明校区店),崇明区中滨路1355号上海外国语大学贤达经济人文学院崇明校区22号楼负一层1号,121.829539,31.485218,崇明区,本土连锁,0,0,0,3
B0J19HUSKY,研磨时光咖啡店,横沙乡市场路325号,121.842573,31.338892,崇明区,独立/精品,0,6,0,2
B0LGJHMZ8K,橘馥咖啡,团结二路与长兴团结路交叉口东220米,121.652999,31.42174,崇明区,独立/精品,0,0,1,1
B0FFHZGUU7,崇明由由喜来登大堂吧,陈家镇揽海路2888号由由喜来登酒店1层,121.823968,31.462173,崇明区,独立/精品,0,3,1,1
B0L2GCT0SD,库迪咖啡(上海外国语大学贤达店),上海外国语大学贤达经济人文学院崇明校区东滩大道999号,121.83041,31.485264,崇明区,本土连锁,0,0,0,3
B0LGXHDLG4,崇明区JavasaCafe,渔港环路与渔家乐路交叉口东280米,121.790125,31.350775,崇明区,独立/精品,0,1,0,2
B0HB3M81MH,诺岛咖啡(上海长兴时代广场店),润丰农贸市场东北门旁,121.687305,31.390201,崇明区,独立/精品,0,0,6,3
B0L0C1ZID8,小岛骑行咖啡馆,永丰路与长兴合作路辅路交叉口北240米,121.786415,31.361654,崇明区,独立/精品,0,2,0,1
B0L32R4JSQ,Chong来·棋牌·咖啡·茶饮(陈家镇店),北陈公路与陈彷公路交叉口西南140米,121.809474,31.496148,崇明区,独立/精品,0,1,1,3
B0LDTNRRD4,Bakery Cafe(凤蓉路店),凤蓉路与长橘路交叉口西南40米,121.69792,31.395704,崇明区,独立/精品,0,3,4,2
